Player,wk7,wk6,wk5,wk4,wk3,wk2,wk1
Travis Kelce(KC),99.0,99.0,99.0,99.0,99.0,99.0,99.0
George Kittle(SF),98.8,98.8,98.8,98.8,98.8,98.8,98.8
Trey McBride(ARI),97.9,97.9,97.9,97.9,97.9,97.9,97.9
Sam LaPorta(DET),97.7,97.7,97.7,97.7,97.7,97.7,97.7
Brock Bowers(LV),96.5,96.5,96.5,96.5,96.5,96.5,96.5
Dalton Kincaid(BUF),94.6,94.6,94.6,94.6,94.6,94.6,94.6
Kyle Pitts(ATL),93.6,93.6,93.6,93.6,93.6,93.6,93.6
Jake Ferguson(DAL),92.4,92.4,92.4,92.4,92.4,92.4,92.4
Dallas Goedert(PHI),91.3,91.3,91.3,91.3,91.3,91.3,91.3
Mark Andrews(BAL),80.7,80.7,80.7,80.7,80.7,80.7,80.7
Evan Engram(JAC),78.5,78.5,78.5,78.5,78.5,78.5,78.5
Pat Freiermuth(PIT),71.4,71.4,71.4,71.4,71.4,71.4,71.4
T.J. Hockenson(MIN),69.1,69.1,69.1,69.1,69.1,69.1,69.1
David Njoku(CLE),68.8,68.8,68.8,68.8,68.8,68.8,68.8
Cole Kmet(CHI),64.9,64.9,64.9,64.9,64.9,64.9,64.9
Isaiah Likely(BAL),64.5,64.5,64.5,64.5,64.5,64.5,64.5
Dalton Schultz(HOU),64.0,64.0,64.0,64.0,64.0,64.0,64.0
Tucker Kraft(GB),53.6,53.6,53.6,53.6,53.6,53.6,53.6
Zach Ertz(WAS),37.8,37.8,37.8,37.8,37.8,37.8,37.8
Tyler Conklin(NYJ),33.4,33.4,33.4,33.4,33.4,33.4,33.4
Hunter Henry(NE),30.5,30.5,30.5,30.5,30.5,30.5,30.5
Taysom Hill(NO),28.3,28.3,28.3,28.3,28.3,28.3,28.3
Cade Otton(TB),26.7,26.7,26.7,26.7,26.7,26.7,26.7
Colby Parkinson(LAR),25.9,25.9,25.9,25.9,25.9,25.9,25.9
Noah Fant(SEA),17.9,17.9,17.9,17.9,17.9,17.9,17.9
Mike Gesicki(CIN),17.5,17.5,17.5,17.5,17.5,17.5,17.5
Luke Musgrave(GB),15.0,15.0,15.0,15.0,15.0,15.0,15.0
Brenton Strange(JAC),12.3,12.3,12.3,12.3,12.3,12.3,12.3
Chig Okonkwo(TEN),8.0,8.0,8.0,8.0,8.0,8.0,8.0
Jonnu Smith(MIA),5.6,5.6,5.6,5.6,5.6,5.6,5.6
Juwan Johnson(NO),5.0,5.0,5.0,5.0,5.0,5.0,5.0
Ben Sinnott(WAS),3.9,3.9,3.9,3.9,3.9,3.9,3.9
Theo Johnson(NYG),3.4,3.4,3.4,3.4,3.4,3.4,3.4
Hayden Hurst(LAC),3.0,3.0,3.0,3.0,3.0,3.0,3.0
Erick All Jr.(CIN),2.9,2.9,2.9,2.9,2.9,2.9,2.9
Dawson Knox(BUF),2.4,2.4,2.4,2.4,2.4,2.4,2.4
Greg Dulcich(DEN),2.4,2.4,2.4,2.4,2.4,2.4,2.4
Ja'Tavion Sanders(CAR),2.2,2.2,2.2,2.2,2.2,2.2,2.2
Michael Mayer(LV),1.8,1.8,1.8,1.8,1.8,1.8,1.8
Johnny Mundt(MIN),1.5,1.5,1.5,1.5,1.5,1.5,1.5
Noah Gray(KC),1.2,1.2,1.2,1.2,1.2,1.2,1.2
Daniel Bellinger(NYG),1.2,1.2,1.2,1.2,1.2,1.2,1.2
Tyler Higbee(LAR),1.2,1.2,1.2,1.2,1.2,1.2,1.2
Jelani Woods(IND),1.1,1.1,1.1,1.1,1.1,1.1,1.1
Elijah Higgins(ARI),1.0,1.0,1.0,1.0,1.0,1.0,1.0
Gerald Everett(CHI),1.0,1.0,1.0,1.0,1.0,1.0,1.0
Foster Moreau(NO),1.0,1.0,1.0,1.0,1.0,1.0,1.0
Luke Schoonmaker(DAL),0.8,0.8,0.8,0.8,0.8,0.8,0.8
Jordan Akins(CLE),0.8,0.8,0.8,0.8,0.8,0.8,0.8
Brock Wright(DET),0.7,0.7,0.7,0.7,0.7,0.7,0.7
Cade Stover(HOU),0.7,0.7,0.7,0.7,0.7,0.7,0.7
Austin Hooper(NE),0.3,0.3,0.3,0.3,0.3,0.3,0.3
Eric Saubert(SF),0.3,0.3,0.3,0.3,0.3,0.3,0.3
Will Dissly(LAC),0.3,0.3,0.3,0.3,0.3,0.3,0.3
Tommy Tremble(CAR),0.2,0.2,0.2,0.2,0.2,0.2,0.2
Darnell Washington(PIT),0.2,0.2,0.2,0.2,0.2,0.2,0.2
Kylen Granson(IND),0.2,0.2,0.2,0.2,0.2,0.2,0.2
Grant Calcaterra(PHI),0.2,0.2,0.2,0.2,0.2,0.2,0.2
Drew Sample(CIN),0.1,0.1,0.1,0.1,0.1,0.1,0.1
Brevin Jordan(HOU),0.1,0.1,0.1,0.1,0.1,0.1,0.1
Harrison Bryant(LV),0.1,0.1,0.1,0.1,0.1,0.1,0.1
Mo Alie-Cox(IND),0.1,0.1,0.1,0.1,0.1,0.1,0.1
Adam Trautman(DEN),0.1,0.1,0.1,0.1,0.1,0.1,0.1
Connor Heyward(PIT),0.1,0.1,0.1,0.1,0.1,0.1,0.1
Pharaoh Brown(SEA),0.1,0.1,0.1,0.1,0.1,0.1,0.1
Jared Wiley(KC),0.1,0.1,0.1,0.1,0.1,0.1,0.1
Jeremy Ruckert(NYJ),0.1,0.1,0.1,0.1,0.1,0.1,0.1
Josh Oliver(MIN),0.1,0.1,0.1,0.1,0.1,0.1,0.1
Ben Sims(GB),0.1,0.1,0.1,0.1,0.1,0.1,0.1
Charlie Kolar(BAL),0.1,0.1,0.1,0.1,0.1,0.1,0.1
Durham Smythe(MIA),0.1,0.1,0.1,0.1,0.1,0.1,0.1
AJ Barner(SEA),0.1,0.1,0.1,0.1,0.1,0.1,0.1
Parker Hesse(DET),0.0,0.0,0.0,0.0,0.0,0.0,0.0
Messiah Swinson(GB),0.0,0.0,0.0,0.0,0.0,0.0,0.0
Patrick Scales(CHI),0.0,0.0,0.0,0.0,0.0,0.0,0.0
Michael Jacobson(NO),0.0,0.0,0.0,0.0,0.0,0.0,0.0
MyCole Pruitt(PIT),0.0,0.0,0.0,0.0,0.0,0.0,0.0
Miller Forristall(LAR),0.0,0.0,0.0,0.0,0.0,0.0,0.0
Nick Vannett(TEN),0.0,0.0,0.0,0.0,0.0,0.0,0.0
Mitchell Fraboni(DEN),0.0,0.0,0.0,0.0,0.0,0.0,0.0
Nick Muse(MIN),0.0,0.0,0.0,0.0,0.0,0.0,0.0
Nate Adkins(DEN),0.0,0.0,0.0,0.0,0.0,0.0,0.0
Mitchell Wilcox(NE),0.0,0.0,0.0,0.0,0.0,0.0,0.0
N'Keal Harry(MIN),0.0,0.0,0.0,0.0,0.0,0.0,0.0
Nikola Kalinic(LAR),0.0,0.0,0.0,0.0,0.0,0.0,0.0
Shawn Bowman(JAC),0.0,0.0,0.0,0.0,0.0,0.0,0.0
Payne Durham(TB),0.0,0.0,0.0,0.0,0.0,0.0,0.0
Tucker Fisk(LAC),0.0,0.0,0.0,0.0,0.0,0.0,0.0
Thomas Yassmin(DEN),0.0,0.0,0.0,0.0,0.0,0.0,0.0
Tip Reiman(ARI),0.0,0.0,0.0,0.0,0.0,0.0,0.0
Tommy Sweeney(CHI),0.0,0.0,0.0,0.0,0.0,0.0,0.0
Travis Vokolek(ARI),0.0,0.0,0.0,0.0,0.0,0.0,0.0
Trent Pennix(IND),0.0,0.0,0.0,0.0,0.0,0.0,0.0
Treyton Welch(NO),0.0,0.0,0.0,0.0,0.0,0.0,0.0
Tyler Davis(GB),0.0,0.0,0.0,0.0,0.0,0.0,0.0
Peyton Hendershot(KC),0.0,0.0,0.0,0.0,0.0,0.0,0.0
Tyler Mabry(SEA),0.0,0.0,0.0,0.0,0.0,0.0,0.0
Tyler Ott(WAS),0.0,0.0,0.0,0.0,0.0,0.0,0.0
Will Mallory(IND),0.0,0.0,0.0,0.0,0.0,0.0,0.0
Zach Davidson(BUF),0.0,0.0,0.0,0.0,0.0,0.0,0.0
Zach Wood(NO),0.0,0.0,0.0,0.0,0.0,0.0,0.0
Zack Kuntz(NYJ),0.0,0.0,0.0,0.0,0.0,0.0,0.0
Thomas Odukoya(TEN),0.0,0.0,0.0,0.0,0.0,0.0,0.0
Teagan Quitoriano(HOU),0.0,0.0,0.0,0.0,0.0,0.0,0.0
Tanner Taula(TB),0.0,0.0,0.0,0.0,0.0,0.0,0.0
Tanner McLachlan(CIN),0.0,0.0,0.0,0.0,0.0,0.0,0.0
Tanner Hudson(CIN),0.0,0.0,0.0,0.0,0.0,0.0,0.0
Tanner Conner(MIA),0.0,0.0,0.0,0.0,0.0,0.0,0.0
Stone Smartt(LAC),0.0,0.0,0.0,0.0,0.0,0.0,0.0
Stephen Carlson(CHI),0.0,0.0,0.0,0.0,0.0,0.0,0.0
Matt Orzech(GB),0.0,0.0,0.0,0.0,0.0,0.0,0.0
Shane Zylstra(DET),0.0,0.0,0.0,0.0,0.0,0.0,0.0
Sean McKeon(IND),0.0,0.0,0.0,0.0,0.0,0.0,0.0
Sammis Reyes(MIN),0.0,0.0,0.0,0.0,0.0,0.0,0.0
Ross Dwelley(ATL),0.0,0.0,0.0,0.0,0.0,0.0,0.0
Rodney Williams(PIT),0.0,0.0,0.0,0.0,0.0,0.0,0.0
Quintin Morris(BUF),0.0,0.0,0.0,0.0,0.0,0.0,0.0
Qadir Ismail(BAL),0.0,0.0,0.0,0.0,0.0,0.0,0.0
Princeton Fant(DAL),0.0,0.0,0.0,0.0,0.0,0.0,0.0
McCallan Castles(LAC),0.0,0.0,0.0,0.0,0.0,0.0,0.0
John FitzPatrick(GB),0.0,0.0,0.0,0.0,0.0,0.0,0.0
Mason Pline(SF),0.0,0.0,0.0,0.0,0.0,0.0,0.0
Darnell Dinkins(NO),0.0,0.0,0.0,0.0,0.0,0.0,0.0
Chris Manhertz(NYG),0.0,0.0,0.0,0.0,0.0,0.0,0.0
Cole Fotheringham(LV),0.0,0.0,0.0,0.0,0.0,0.0,0.0
Cole Turner(WAS),0.0,0.0,0.0,0.0,0.0,0.0,0.0
Colson Yankoff(WAS),0.0,0.0,0.0,0.0,0.0,0.0,0.0
Dallin Holker(NO),0.0,0.0,0.0,0.0,0.0,0.0,0.0
Dalton Keene(HOU),0.0,0.0,0.0,0.0,0.0,0.0,0.0
David Martin-Robinson(TEN),0.0,0.0,0.0,0.0,0.0,0.0,0.0
Marquez Branson(ATL),0.0,0.0,0.0,0.0,0.0,0.0,0.0
Davis Allen(LAR),0.0,0.0,0.0,0.0,0.0,0.0,0.0
Derek Fine(HOU),0.0,0.0,0.0,0.0,0.0,0.0,0.0
Devin Culp(TB),0.0,0.0,0.0,0.0,0.0,0.0,0.0
Dominique Curry(DET),0.0,0.0,0.0,0.0,0.0,0.0,0.0
Donald Parham Jr.(DEN),0.0,0.0,0.0,0.0,0.0,0.0,0.0
Drake Dunsmore(TB),0.0,0.0,0.0,0.0,0.0,0.0,0.0
Charlie Woerner(ATL),0.0,0.0,0.0,0.0,0.0,0.0,0.0
Cameron Latu(CLE),0.0,0.0,0.0,0.0,0.0,0.0,0.0
Cam Grandy(CIN),0.0,0.0,0.0,0.0,0.0,0.0,0.0
C.J. Uzomah(PHI),0.0,0.0,0.0,0.0,0.0,0.0,0.0
Brevyn Spann-Ford(DAL),0.0,0.0,0.0,0.0,0.0,0.0,0.0
Brenden Bates(NYJ),0.0,0.0,0.0,0.0,0.0,0.0,0.0
Brayden Willis(SF),0.0,0.0,0.0,0.0,0.0,0.0,0.0
Brady Russell(SEA),0.0,0.0,0.0,0.0,0.0,0.0,0.0
Brad Cottam(KC),0.0,0.0,0.0,0.0,0.0,0.0,0.0
Blake Whiteheart(CLE),0.0,0.0,0.0,0.0,0.0,0.0,0.0
Bernhard Seikovits(ARI),0.0,0.0,0.0,0.0,0.0,0.0,0.0
Baylor Cupp(KC),0.0,0.0,0.0,0.0,0.0,0.0,0.0
Armani Rogers(ATL),0.0,0.0,0.0,0.0,0.0,0.0,0.0
Anthony Firkser(NYJ),0.0,0.0,0.0,0.0,0.0,0.0,0.0
Andrew DePaola(MIN),0.0,0.0,0.0,0.0,0.0,0.0,0.0
Andrew Beck(GB),0.0,0.0,0.0,0.0,0.0,0.0,0.0
Albert Okwuegbunam Jr.(PHI),0.0,0.0,0.0,0.0,0.0,0.0,0.0
Drew Ogletree(IND),0.0,0.0,0.0,0.0,0.0,0.0,0.0
E.J. Jenkins(PHI),0.0,0.0,0.0,0.0,0.0,0.0,0.0
Eric Tomlinson(LAC),0.0,0.0,0.0,0.0,0.0,0.0,0.0
John Bates(WAS),0.0,0.0,0.0,0.0,0.0,0.0,0.0
Marcedes Lewis(CHI),0.0,0.0,0.0,0.0,0.0,0.0,0.0
Luke Farrell(JAC),0.0,0.0,0.0,0.0,0.0,0.0,0.0
Lucas Krull(DEN),0.0,0.0,0.0,0.0,0.0,0.0,0.0
Leroy Watson IV(TEN),0.0,0.0,0.0,0.0,0.0,0.0,0.0
Ko Kieft(TB),0.0,0.0,0.0,0.0,0.0,0.0,0.0
Kenny Yeboah(NYJ),0.0,0.0,0.0,0.0,0.0,0.0,0.0
Keith Zinger(ATL),0.0,0.0,0.0,0.0,0.0,0.0,0.0
Justin Snow(IND),0.0,0.0,0.0,0.0,0.0,0.0,0.0
Julian Hill(MIA),0.0,0.0,0.0,0.0,0.0,0.0,0.0
Josiah Deguara(JAC),0.0,0.0,0.0,0.0,0.0,0.0,0.0
Josh Whyle(TEN),0.0,0.0,0.0,0.0,0.0,0.0,0.0
Jordan Matthews(CAR),0.0,0.0,0.0,0.0,0.0,0.0,0.0
John Stephens Jr.(DAL),0.0,0.0,0.0,0.0,0.0,0.0,0.0
John Samuel Shenker(LV),0.0,0.0,0.0,0.0,0.0,0.0,0.0
Joey Haynos(MIA),0.0,0.0,0.0,0.0,0.0,0.0,0.0
Feleipe Franks(CAR),0.0,0.0,0.0,0.0,0.0,0.0,0.0
Jody Fortson Jr.(KC),0.0,0.0,0.0,0.0,0.0,0.0,0.0
James Winchester(KC),0.0,0.0,0.0,0.0,0.0,0.0,0.0
James Mitchell(DET),0.0,0.0,0.0,0.0,0.0,0.0,0.0
James Dearth(NYJ),0.0,0.0,0.0,0.0,0.0,0.0,0.0
Jake Tonges(SF),0.0,0.0,0.0,0.0,0.0,0.0,0.0
Jaheim Bell(NE),0.0,0.0,0.0,0.0,0.0,0.0,0.0
Jack Westover(NE),0.0,0.0,0.0,0.0,0.0,0.0,0.0
Jack Stoll(PHI),0.0,0.0,0.0,0.0,0.0,0.0,0.0
J.P. Foschi(CIN),0.0,0.0,0.0,0.0,0.0,0.0,0.0
Irv Smith Jr.(HOU),0.0,0.0,0.0,0.0,0.0,0.0,0.0
Ian Thomas(CAR),0.0,0.0,0.0,0.0,0.0,0.0,0.0
Hunter Long(LAR),0.0,0.0,0.0,0.0,0.0,0.0,0.0
Hayden Rucci(MIA),0.0,0.0,0.0,0.0,0.0,0.0,0.0
Geoff Swaim(CLE),0.0,0.0,0.0,0.0,0.0,0.0,0.0
Zaire Mitchell-Paden(BAL),0.0,0.0,0.0,0.0,0.0,0.0,0.0
Robert Tonyan(FA),,,0.0,0.0,0.0,,
