ECR,Player,Kickoff,Opp,This Week,Last Week,Difference
-,Riley Sharp (BAL - TE),Mon 8:15PM,@TB,"$4,000","$4,000",0
269,John Metchie III (HOU - WR),Sun 1:00PM,@GB,"$4,400","$4,300",+100
-,Trey Knox (MIN - TE),Sun 1:00PM,DET,"$4,000",-,-
393,Kevin Harris (NE - RB),Sun 9:30AM,@JAC,"$4,000","$4,000",0
2,Jayden Daniels (WAS - QB),Sun 4:05PM,CAR,"$9,100","$8,700",+400
355,Ricky Pearsall (SF - WR),Sun 4:25PM,KC,"$4,800","$4,000",+800
358,Davis Allen (LAR - TE),Sun 4:05PM,LV,"$4,000",-,-
-,Joseph Ngata (PHI - WR),Sun 1:00PM,@NYG,"$4,000","$4,000",0
-,Anthony Gould (IND - WR),Sun 1:00PM,MIA,"$4,000","$4,000",0
-,Tyrion Davis-Price (PHI - RB),Sun 1:00PM,@NYG,"$4,000","$4,000",0
340,Trey Palmer (TB - WR),Mon 8:15PM,BAL,"$4,100","$4,200",-100
-,Ramel Keyton (LV - WR),Sun 4:05PM,@LAR,"$4,000","$4,000",0
244,Eric Gray (NYG - RB),Sun 1:00PM,PHI,"$5,000","$4,700",+300
-,Kedon Slovis (HOU - QB),Sun 1:00PM,@GB,"$6,000","$6,000",0
379,D.J. Williams (TB - RB),Mon 8:15PM,BAL,"$4,000","$4,000",0
25,Bo Nix (DEN - QB),Thu 8:15PM,@NO,"$6,800","$6,700",+100
-,Austin Jones (WAS - RB),Sun 4:05PM,CAR,"$4,000","$4,000",0
283,Elijah Higgins (ARI - TE),Mon 9:00PM,LAC,"$4,500","$4,900",-400
-,Puka Nacua (LAR - WR),Sun 4:05PM,LV,"$4,000",-,-
39,Breece Hall (NYJ - RB),Sun 8:20PM,@PIT,"$7,600","$8,000",-400
-,Austin Stogner (ATL - TE),Sun 1:00PM,SEA,"$4,000","$4,000",0
-,Max Duggan (LAC - QB),Mon 9:00PM,@ARI,"$6,000","$6,000",0
-,Baylor Cupp (KC - TE),Sun 4:25PM,@SF,"$4,000",-,-
320,Jared Wiley (KC - TE),Sun 4:25PM,@SF,"$4,200",-,-
133,Jordan Whittington (LAR - WR),Sun 4:05PM,LV,"$5,300",-,-
-,Aidan Robbins (CLE - RB),Sun 1:00PM,CIN,"$4,000","$4,000",0
-,Zonovan Knight (DET - RB),Sun 1:00PM,@MIN,"$4,000","$4,000",0
-,Ahmarean Brown (BUF - WR),Sun 1:00PM,TEN,"$4,000","$4,000",0
-,Jawhar Jordan (HOU - RB),Sun 1:00PM,@GB,"$4,000","$4,000",0
28,Kenneth Walker III (SEA - RB),Sun 1:00PM,@ATL,"$7,500","$7,300",+200
140,Zach Charbonnet (SEA - RB),Sun 1:00PM,@ATL,"$5,300","$5,600",-300
207,Erick All Jr. (CIN - TE),Sun 1:00PM,@CLE,"$4,700","$4,500",+200
-,Tre Mosley (CIN - WR),Sun 1:00PM,@CLE,"$4,000","$4,000",0
181,Devaughn Vele (DEN - WR),Thu 8:15PM,@NO,"$4,700","$4,000",+700
98,Wan'Dale Robinson (NYG - WR),Sun 1:00PM,PHI,"$6,600","$6,300",+300
184,Luke McCaffrey (WAS - WR),Sun 4:05PM,CAR,"$4,300","$4,500",-200
65,Garrett Wilson (NYJ - WR),Sun 8:20PM,@PIT,"$7,400","$7,800",-400
-,Noah Cain (CIN - RB),Sun 1:00PM,@CLE,"$4,000","$4,000",0
271,Brenton Strange (JAC - TE),Sun 9:30AM,NE,"$5,100","$5,300",-200
134,Tre Tucker (LV - WR),Sun 4:05PM,@LAR,"$5,500","$5,400",+100
-,Re'Mahn Davis (BUF - RB),Sun 1:00PM,TEN,"$5,400","$5,700",-300
-,Easton Stick (LAC - QB),Mon 9:00PM,@ARI,"$6,000","$6,000",0
-,Kairee Robinson (SEA - RB),Sun 1:00PM,@ATL,"$4,000","$4,000",0
-,Davion Davis (WAS - WR),Sun 4:05PM,CAR,"$4,000","$4,000",0
378,Stone Smartt (LAC - TE),Mon 9:00PM,@ARI,"$4,000","$4,000",0
316,Ashton Dulin (IND - WR),Sun 1:00PM,MIA,"$4,200","$4,300",-100
-,Matt Orzech (GB - TE),Sun 1:00PM,HOU,"$4,000","$4,000",0
-,Sincere McCormick (LV - RB),Sun 4:05PM,@LAR,"$4,000","$4,000",0
-,Leroy Watson IV (TEN - TE),Sun 1:00PM,@BUF,"$4,000","$4,000",0
-,Lew Nichols III (PHI - RB),Sun 1:00PM,@NYG,"$4,000","$4,000",0
402,Deonte Harty (BAL - WR),Mon 8:15PM,@TB,"$4,000","$4,000",0
-,Donald Parham Jr. (DEN - TE),Thu 8:15PM,@NO,"$4,000","$4,000",0
-,Malik Taylor (NYJ - WR),Sun 8:20PM,@PIT,"$4,000","$4,000",0
-,Jeff Foreman (LV - WR),Sun 4:05PM,@LAR,"$4,000","$4,000",0
-,Tom Kennedy (DET - WR),Sun 1:00PM,@MIN,"$4,000","$4,000",0
-,Jesper Horsted (CAR - TE),Sun 4:05PM,@WAS,"$4,000","$4,000",0
367,Craig Reynolds (DET - RB),Sun 1:00PM,@MIN,"$4,200","$4,300",-100
20,Kyren Williams (LAR - RB),Sun 4:05PM,LV,"$8,600",-,-
399,Jody Fortson Jr. (KC - TE),Sun 4:25PM,@SF,"$4,000",-,-
-,Sam Howell (SEA - QB),Sun 1:00PM,@ATL,"$6,000","$6,000",0
-,Gunner Olszewski (NYG - WR),Sun 1:00PM,PHI,"$4,000","$4,000",0
120,Sam LaPorta (DET - TE),Sun 1:00PM,@MIN,"$6,500","$6,300",+200
194,Tyler Goodson (IND - RB),Sun 1:00PM,MIA,"$5,100","$4,700",+400
400,Jha'Quan Jackson (TEN - WR),Sun 1:00PM,@BUF,"$4,000","$4,000",0
246,Tyjae Spears (TEN - RB),Sun 1:00PM,@BUF,"$5,600","$5,700",-100
387,Kenny McIntosh (SEA - RB),Sun 1:00PM,@ATL,"$4,200","$4,300",-100
89,George Pickens (PIT - WR),Sun 8:20PM,NYJ,"$6,000","$6,200",-200
309,Treylon Burks (TEN - WR),Sun 1:00PM,@BUF,"$4,600","$4,500",+100
-,Keilan Robinson (JAC - RB),Sun 9:30AM,NE,"$4,000","$4,000",0
230,Dontayvion Wicks (GB - WR),Sun 1:00PM,HOU,"$5,600","$6,000",-400
-,Treyton Welch (NO - TE),Thu 8:15PM,DEN,"$4,000","$4,000",0
-,Dayton Wade (BAL - WR),Mon 8:15PM,@TB,"$4,000","$4,000",0
-,Tahj Washington (MIA - WR),Sun 1:00PM,@IND,"$4,000",-,-
-,Jalon Calhoun (DET - WR),Sun 1:00PM,@MIN,"$4,000","$4,000",0
301,Malik Washington (MIA - WR),Sun 1:00PM,@IND,"$4,100",-,-
-,Evan Hull (IND - RB),Sun 1:00PM,MIA,"$4,000","$4,200",-200
-,Terique Owens (SF - WR),Sun 4:25PM,KC,"$4,000","$4,000",0
-,Rashee Rice (KC - WR),Sun 4:25PM,@SF,"$4,000",-,-
105,Rhamondre Stevenson (NE - RB),Sun 9:30AM,@JAC,"$6,800","$6,800",0
64,Spencer Rattler (NO - QB),Thu 8:15PM,DEN,"$7,100","$6,000","+1,100"
77,Jameson Williams (DET - WR),Sun 1:00PM,@MIN,"$6,500","$6,300",+200
277,Cade Stover (HOU - TE),Sun 1:00PM,@GB,"$4,200","$4,200",0
95,DeMario Douglas (NE - WR),Sun 9:30AM,@JAC,"$5,000","$5,000",0
-,Luke Benson (LAC - TE),Mon 9:00PM,@ARI,"$4,000","$4,000",0
-,Tayvion Robinson (CAR - WR),Sun 4:05PM,@WAS,"$4,000","$4,000",0
398,Casey Washington (ATL - WR),Sun 1:00PM,SEA,"$4,000","$4,000",0
-,Isaiah Williams (DET - WR),Sun 1:00PM,@MIN,"$4,000","$4,000",0
158,Jaylen Warren (PIT - RB),Sun 8:20PM,NYJ,"$5,500","$5,300",+200
331,Skyy Moore (KC - WR),Sun 4:25PM,@SF,"$4,300",-,-
-,Jared Wayne (HOU - WR),Sun 1:00PM,@GB,"$4,000","$4,000",0
-,John Rhys Plumlee (JAC - QB),Sun 9:30AM,NE,"$6,000","$6,000",0
240,Jonathan Mingo (CAR - WR),Sun 4:05PM,@WAS,"$5,200","$5,300",-100
63,Zay Flowers (BAL - WR),Mon 8:15PM,@TB,"$7,300","$7,200",+100
-,Mason Fairchild (NO - TE),Thu 8:15PM,DEN,"$4,000","$4,000",0
-,Dylan Leonard (DEN - TE),Thu 8:15PM,@NO,"$4,000","$4,000",0
329,Xavier Gipson (NYJ - WR),Sun 8:20PM,@PIT,"$4,200","$4,200",0
-,Lincoln Victor (DEN - WR),Thu 8:15PM,@NO,"$4,000","$4,000",0
-,Xavier White (IND - WR),Sun 1:00PM,MIA,"$4,000","$4,000",0
-,Isaac Rex (LAC - TE),Mon 9:00PM,@ARI,"$4,000","$4,000",0
-,Joshua Cephus (JAC - WR),Sun 9:30AM,NE,"$4,000","$4,000",0
-,Isaiah Washington (BAL - WR),Mon 8:15PM,@TB,"$4,000","$4,000",0
44,Drake London (ATL - WR),Sun 1:00PM,SEA,"$7,500","$7,400",+100
385,Jamari Thrash (CLE - WR),Sun 1:00PM,CIN,"$4,000","$4,000",0
-,Michael Wiley (WAS - RB),Sun 4:05PM,CAR,"$4,000","$4,000",0
-,Xavier Smith (LAR - WR),Sun 4:05PM,LV,"$4,100",-,-
-,Luke Musgrave (GB - TE),Sun 1:00PM,HOU,"$4,800","$4,900",-100
-,Neal Johnson (MIN - TE),Sun 1:00PM,DET,"$4,000",-,-
-,Hayden Rucci (MIA - TE),Sun 1:00PM,@IND,"$4,000",-,-
-,Isaiah Spiller (LAC - RB),Mon 9:00PM,@ARI,"$4,000","$4,000",0
-,Ainias Smith (PHI - WR),Sun 1:00PM,@NYG,"$4,000","$4,000",0
-,David Bell (CLE - WR),Sun 1:00PM,CIN,"$4,000","$4,000",0
110,Xavier Legette (CAR - WR),Sun 4:05PM,@WAS,"$5,900","$5,900",0
-,George Holani (SEA - RB),Sun 1:00PM,@ATL,"$4,000","$4,000",0
236,Xavier Weaver (ARI - WR),Mon 9:00PM,LAC,"$4,000","$4,000",0
368,Jacob Cowing (SF - WR),Sun 4:25PM,KC,"$4,000","$4,000",0
-,Cornelius Johnson (GB - WR),Sun 1:00PM,HOU,"$4,000","$4,000",0
-,Gavin Hardison (MIA - QB),Sun 1:00PM,@IND,"$6,000",-,-
-,Terrell Jennings (NE - RB),Sun 9:30AM,@JAC,"$4,000","$4,000",0
-,Ty James (MIN - WR),Sun 1:00PM,DET,"$4,000",-,-
-,Shaquan Davis (PIT - WR),Sun 8:20PM,NYJ,"$4,000","$4,000",0
-,Isaiah Wooden (LAC - WR),Mon 9:00PM,@ARI,"$4,000","$4,000",0
-,Isaiah Winstead (NYJ - WR),Sun 8:20PM,@PIT,"$4,000","$4,000",0
-,Bryce Young (CAR - QB),Sun 4:05PM,@WAS,"$6,000","$6,000",0
-,Jase McClellan (ATL - RB),Sun 1:00PM,SEA,"$4,000","$4,000",0
168,Kayshon Boutte (NE - WR),Sun 9:30AM,@JAC,"$4,600","$4,600",0
-,Kendall Milton (CIN - RB),Sun 1:00PM,@CLE,"$4,000","$4,000",0
-,MarShawn Lloyd (GB - RB),Sun 1:00PM,HOU,"$4,000","$4,000",0
324,Johnny Wilson (PHI - WR),Sun 1:00PM,@NYG,"$4,600","$4,800",-200
203,Xavier Hutchinson (HOU - WR),Sun 1:00PM,@GB,"$5,300","$4,900",+400
254,Jalen McMillan (TB - WR),Mon 8:15PM,BAL,"$4,900","$4,500",+400
270,Marvin Mims Jr. (DEN - WR),Thu 8:15PM,@NO,"$4,200","$4,200",0
119,Quentin Johnston (LAC - WR),Mon 9:00PM,@ARI,"$5,800","$5,800",0
251,Kendre Miller (NO - RB),Thu 8:15PM,DEN,"$4,000","$4,000",0
170,Ja'Lynn Polk (NE - WR),Sun 9:30AM,@JAC,"$4,700","$4,700",0
-,Atlanta Falcons (ATL - DST),Sun 1:00PM,SEA,"$3,400","$3,800",-400
-,Buffalo Bills (BUF - DST),Sun 1:00PM,TEN,"$5,000","$4,400",+600
-,Cincinnati Bengals (CIN - DST),Sun 1:00PM,@CLE,"$4,900","$4,600",+300
-,Cleveland Browns (CLE - DST),Sun 1:00PM,CIN,"$3,500","$3,600",-100
-,Denver Broncos (DEN - DST),Thu 8:15PM,@NO,"$4,500","$4,700",-200
-,Detroit Lions (DET - DST),Sun 1:00PM,@MIN,"$3,800","$3,900",-100
-,Green Bay Packers (GB - DST),Sun 1:00PM,HOU,"$4,400","$4,500",-100
-,Tennessee Titans (TEN - DST),Sun 1:00PM,@BUF,"$3,100","$4,300","-1,200"
-,Indianapolis Colts (IND - DST),Sun 1:00PM,MIA,"$4,300","$4,000",+300
-,Kansas City Chiefs (KC - DST),Sun 4:25PM,@SF,"$4,000",-,-
-,Las Vegas Raiders (LV - DST),Sun 4:05PM,@LAR,"$3,300","$4,000",-700
-,Los Angeles Rams (LAR - DST),Sun 4:05PM,LV,"$4,100",-,-
-,Miami Dolphins (MIA - DST),Sun 1:00PM,@IND,"$3,600",-,-
-,Minnesota Vikings (MIN - DST),Sun 1:00PM,DET,"$3,900",-,-
-,New England Patriots (NE - DST),Sun 9:30AM,@JAC,"$3,200","$3,200",0
-,New Orleans Saints (NO - DST),Thu 8:15PM,DEN,"$4,400","$4,100",+300
-,New York Giants (NYG - DST),Sun 1:00PM,PHI,"$3,200","$3,100",+100
-,New York Jets (NYJ - DST),Sun 8:20PM,@PIT,"$4,800","$4,800",0
-,Philadelphia Eagles (PHI - DST),Sun 1:00PM,@NYG,"$4,700","$4,800",-100
-,Arizona Cardinals (ARI - DST),Mon 9:00PM,LAC,"$3,800","$3,400",+400
-,Pittsburgh Steelers (PIT - DST),Sun 8:20PM,NYJ,"$4,500","$4,900",-400
-,Los Angeles Chargers (LAC - DST),Mon 9:00PM,@ARI,"$3,600","$4,400",-800
-,San Francisco 49ers (SF - DST),Sun 4:25PM,KC,"$4,000","$4,300",-300
-,Seattle Seahawks (SEA - DST),Sun 1:00PM,@ATL,"$4,200","$3,900",+300
-,Tampa Bay Buccaneers (TB - DST),Mon 8:15PM,BAL,"$3,700","$3,700",0
-,Washington Commanders (WAS - DST),Sun 4:05PM,CAR,"$4,600","$3,500","+1,100"
-,Carolina Panthers (CAR - DST),Sun 4:05PM,@WAS,"$3,000","$3,000",0
-,Jacksonville Jaguars (JAC - DST),Sun 9:30AM,NE,"$3,900","$4,100",-200
-,Baltimore Ravens (BAL - DST),Mon 8:15PM,@TB,"$4,100","$4,200",-100
-,Houston Texans (HOU - DST),Sun 1:00PM,@GB,"$3,700","$5,000","-1,300"
-,Ellis Merriweather (GB - RB),Sun 1:00PM,HOU,"$4,000","$4,000",0
177,Kimani Vidal (LAC - RB),Mon 9:00PM,@ARI,"$5,000","$4,000","+1,000"
70,Tank Bigsby (JAC - RB),Sun 9:30AM,NE,"$5,800","$6,000",-200
186,Theo Johnson (NYG - TE),Sun 1:00PM,PHI,"$4,900","$4,900",0
-,Mitchell Tinsley (WAS - WR),Sun 4:05PM,CAR,"$4,000","$4,000",0
-,Malachi Corley (NYJ - WR),Sun 8:20PM,@PIT,"$4,000","$4,000",0
81,Jordan Addison (MIN - WR),Sun 1:00PM,DET,"$6,300",-,-
-,Israel Abanikanda (NYJ - RB),Sun 8:20PM,@PIT,"$4,000","$4,000",0
79,Tank Dell (HOU - WR),Sun 1:00PM,@GB,"$7,000","$6,700",+300
92,Josh Downs (IND - WR),Sun 1:00PM,MIA,"$6,400","$6,100",+300
37,Anthony Richardson (IND - QB),Sun 1:00PM,MIA,"$7,400","$7,300",+100
47,Jahmyr Gibbs (DET - RB),Sun 1:00PM,@MIN,"$7,800","$7,800",0
84,Jaxon Smith-Njigba (SEA - WR),Sun 1:00PM,@ATL,"$6,100","$6,100",0
10,C.J. Stroud (HOU - QB),Sun 1:00PM,@GB,"$8,400","$8,200",+200
-,Michael Pratt (TB - QB),Mon 8:15PM,BAL,"$6,000","$6,000",0
310,Adam Trautman (DEN - TE),Thu 8:15PM,@NO,"$4,500","$4,500",0
338,Kristian Wilkerson (LV - WR),Sun 4:05PM,@LAR,"$4,000","$4,000",0
-,Mason Kinsey (TEN - WR),Sun 1:00PM,@BUF,"$4,000","$4,000",0
-,James Robinson (NO - RB),Thu 8:15PM,DEN,"$4,100","$4,400",-300
-,Zach Evans (LAR - RB),Sun 4:05PM,LV,"$4,000",-,-
88,Ladd McConkey (LAC - WR),Mon 9:00PM,@ARI,"$5,900","$5,800",+100
-,Marcus Rosemy (PHI - WR),Sun 1:00PM,@NYG,"$4,000","$4,000",0
272,Darnell Washington (PIT - TE),Sun 8:20PM,NYJ,"$4,500","$4,800",-300
351,Jermaine Burton (CIN - WR),Sun 1:00PM,@CLE,"$4,700","$4,400",+300
-,Daijun Edwards (PIT - RB),Sun 8:20PM,NYJ,"$4,000","$4,000",0
-,Emani Bailey (KC - RB),Sun 4:25PM,@SF,"$4,000",-,-
-,Keaton Mitchell (BAL - RB),Mon 8:15PM,@TB,"$4,000","$4,000",0
395,Brenden Rice (LAC - WR),Mon 9:00PM,@ARI,"$4,000","$4,100",-100
-,Rakim Jarrett (TB - WR),Mon 8:15PM,BAL,"$4,000","$4,000",0
-,DeWayne McBride (MIN - RB),Sun 1:00PM,DET,"$4,000",-,-
24,Bijan Robinson (ATL - RB),Sun 1:00PM,SEA,"$8,200","$8,500",-300
-,Danny Gray (PHI - WR),Sun 1:00PM,@NYG,"$4,000","$4,000",0
189,Sean Tucker (TB - RB),Mon 8:15PM,BAL,"$5,200","$4,200","+1,000"
328,Ben Sinnott (WAS - TE),Sun 4:05PM,CAR,"$4,100","$4,200",-100
375,Rasheen Ali (BAL - RB),Mon 8:15PM,@TB,"$4,000","$4,000",0
305,Parker Washington (JAC - WR),Sun 9:30AM,NE,"$4,600","$4,500",+100
191,Rachaad White (TB - RB),Mon 8:15PM,BAL,"$6,300","$6,300",0
291,AJ Barner (SEA - TE),Sun 1:00PM,@ATL,"$4,300","$4,400",-100
188,Blake Corum (LAR - RB),Sun 4:05PM,LV,"$4,700",-,-
359,Tip Reiman (ARI - TE),Mon 9:00PM,LAC,"$4,100","$4,200",-100
348,Roman Wilson (PIT - WR),Sun 8:20PM,NYJ,"$4,100","$4,200",-100
397,Jaheim Bell (NE - TE),Sun 9:30AM,@JAC,"$4,000","$4,000",0
-,Jason Brownlee (NYJ - WR),Sun 8:20PM,@PIT,"$4,000","$4,000",0
-,Javon Baker (NE - WR),Sun 9:30AM,@JAC,"$4,000","$4,000",0
-,Dillon Johnson (CAR - RB),Sun 4:05PM,@WAS,"$4,000","$4,000",0
307,Malik Heath (GB - WR),Sun 1:00PM,HOU,"$4,300","$4,700",-400
-,Tulu Griffin (CLE - WR),Sun 1:00PM,CIN,"$4,000","$4,000",0
60,De'Von Achane (MIA - RB),Sun 1:00PM,@IND,"$6,900",-,-
-,Michael Mayer (LV - TE),Sun 4:05PM,@LAR,"$4,200","$4,400",-200
287,Jalin Hyatt (NYG - WR),Sun 1:00PM,PHI,"$4,300","$4,200",+100
-,Jabari Small (TEN - RB),Sun 1:00PM,@BUF,"$4,000","$4,000",0
396,Frank Gore Jr. (BUF - RB),Sun 1:00PM,TEN,"$4,000","$4,000",0
-,Jordan Murray (ARI - TE),Mon 9:00PM,LAC,"$4,000","$4,000",0
-,Bailey Zappe (KC - QB),Sun 4:25PM,@SF,"$6,000",-,-
-,Raleigh Webb (TB - WR),Mon 8:15PM,BAL,"$4,000","$4,000",0
190,Trey Benson (ARI - RB),Mon 9:00PM,LAC,"$4,400","$4,500",-100
22,Andy Dalton (CAR - QB),Sun 4:05PM,@WAS,"$7,300","$7,100",+200
-,Tyrod Taylor (NYJ - QB),Sun 8:20PM,@PIT,"$6,000","$6,000",0
124,Dalton Kincaid (BUF - TE),Sun 1:00PM,TEN,"$6,300","$6,100",+200
167,Jaleel McLaughlin (DEN - RB),Thu 8:15PM,@NO,"$5,000","$5,200",-200
-,Chris Blair (ATL - WR),Sun 1:00PM,SEA,"$4,000","$4,000",0
-,Nick Bellore (WAS - RB),Sun 4:05PM,CAR,"$4,000","$4,000",0
-,Zach Davidson (BUF - TE),Sun 1:00PM,TEN,"$4,000","$4,000",0
-,Mike Strachan (CAR - WR),Sun 4:05PM,@WAS,"$4,000","$4,000",0
-,Bernhard Seikovits (ARI - TE),Mon 9:00PM,LAC,"$4,000","$4,000",0
-,Nate McCrary (GB - RB),Sun 1:00PM,HOU,"$4,000","$4,000",0
-,Shane Zylstra (DET - TE),Sun 1:00PM,@MIN,"$4,000","$4,000",0
-,E.J. Jenkins (PHI - TE),Sun 1:00PM,@NYG,"$4,000","$4,000",0
75,Brian Thomas Jr. (JAC - WR),Sun 9:30AM,NE,"$6,300","$6,500",-200
38,Malik Nabers (NYG - WR),Sun 1:00PM,PHI,"$8,300","$8,000",+300
225,Adonai Mitchell (IND - WR),Sun 1:00PM,MIA,"$4,900","$5,000",-100
76,Brock Bowers (LV - TE),Sun 4:05PM,@LAR,"$7,000","$6,700",+300
175,Troy Franklin (DEN - WR),Thu 8:15PM,@NO,"$5,000","$4,600",+400
198,Jaylen Wright (MIA - RB),Sun 1:00PM,@IND,"$5,200",-,-
15,Drake Maye (NE - QB),Sun 9:30AM,@JAC,"$6,000","$6,000",0
286,Will Shipley (PHI - RB),Sun 1:00PM,@NYG,"$4,300","$4,400",-100
-,J.J. McCarthy (MIN - QB),Sun 1:00PM,DET,"$6,000",-,-
130,Marvin Harrison Jr. (ARI - WR),Mon 9:00PM,LAC,"$7,000","$7,000",0
82,Bucky Irving (TB - RB),Mon 8:15PM,BAL,"$6,400","$5,700",+700
-,Je'Quan Burton (MIA - WR),Sun 1:00PM,@IND,"$4,000",-,-
-,Michael Bandy (DEN - WR),Thu 8:15PM,@NO,"$4,000","$4,000",0
-,Izaiah Gathings (KC - TE),Sun 4:25PM,@SF,"$4,000",-,-
-,Lincoln Sefcik (NYJ - TE),Sun 8:20PM,@PIT,"$4,000","$4,000",0
-,Tejhaun Palmer (ARI - WR),Mon 9:00PM,LAC,"$4,000","$4,000",0
217,Carson Steele (KC - RB),Sun 4:25PM,@SF,"$4,900",-,-
388,Devontez Walker (BAL - WR),Mon 8:15PM,@TB,"$4,000","$4,000",0
220,Audric Estime (DEN - RB),Thu 8:15PM,@NO,"$4,100","$4,000",+100
141,Keon Coleman (BUF - WR),Sun 1:00PM,TEN,"$5,900","$5,400",+500
-,Grant DuBose (MIA - WR),Sun 1:00PM,@IND,"$4,000",-,-
157,Braelon Allen (NYJ - RB),Sun 8:20PM,@PIT,"$6,000","$6,200",-200
-,Daylen Baldwin (ARI - WR),Mon 9:00PM,LAC,"$4,000","$4,000",0
285,Jonathon Brooks (CAR - RB),Sun 4:05PM,@WAS,"$5,000","$5,000",0
93,Xavier Worthy (KC - WR),Sun 4:25PM,@SF,"$7,300",-,-
199,Ja'Tavion Sanders (CAR - TE),Sun 4:05PM,@WAS,"$4,900","$4,800",+100
384,Isaiah Davis (NYJ - RB),Sun 8:20PM,@PIT,"$4,600","$4,200",+400
-,Zach Heins (LAC - TE),Mon 9:00PM,@ARI,"$4,000","$4,000",0
-,Jadon Janke (MIA - WR),Sun 1:00PM,@IND,"$4,000",-,-
-,Jaxon Janke (HOU - WR),Sun 1:00PM,@GB,"$4,000","$4,000",0
125,Tucker Kraft (GB - TE),Sun 1:00PM,HOU,"$5,800","$6,000",-200
208,Pierre Strong Jr. (CLE - RB),Sun 1:00PM,CIN,"$4,800","$4,200",+600
-,Tanner McLachlan (CIN - TE),Sun 1:00PM,@CLE,"$4,000","$4,000",0
-,Nikola Kalinic (LAR - TE),Sun 4:05PM,LV,"$4,000",-,-
114,DeAndre Hopkins (TEN - WR),Sun 1:00PM,@BUF,"$5,600","$5,800",-200
-,Cody Schrader (LAR - RB),Sun 4:05PM,LV,"$4,000",-,-
-,Joseph Scates (JAC - WR),Sun 9:30AM,NE,"$4,000","$4,000",0
-,Hamze El-Zayat (NYJ - WR),Sun 8:20PM,@PIT,"$4,000","$4,000",0
-,Reggie Brown (KC - WR),Sun 4:25PM,@SF,"$4,000",-,-
292,Sione Vaki (DET - RB),Sun 1:00PM,@MIN,"$4,000","$4,000",0
-,Latreal Jones (TB - WR),Mon 8:15PM,BAL,"$4,000","$4,000",0
102,Christian Watson (GB - WR),Sun 1:00PM,HOU,"$5,900","$5,700",+200
-,Dareke Young (SEA - WR),Sun 1:00PM,@ATL,"$4,000","$4,000",0
-,Lance McCutcheon (PIT - WR),Sun 8:20PM,NYJ,"$4,000","$4,000",0
-,Dee Williams (SEA - WR),Sun 1:00PM,@ATL,"$4,000","$4,000",0
256,Julius Chestnut (TEN - RB),Sun 1:00PM,@BUF,"$4,500","$4,000",+500
386,Tanner Conner (MIA - TE),Sun 1:00PM,@IND,"$4,000",-,-
-,Kaden Davis (DEN - WR),Thu 8:15PM,@NO,"$4,000","$4,000",0
373,Tyreik McAllister (LV - WR),Sun 4:05PM,@LAR,"$4,300","$4,000",+300
303,Aaron Shampklin (PIT - RB),Sun 8:20PM,NYJ,"$4,200","$4,000",+200
-,Dennis Houston (NYG - WR),Sun 1:00PM,PHI,"$4,000","$4,000",0
-,Rashid Shaheed (NO - WR),Thu 8:15PM,DEN,"$6,800","$6,400",+400
-,Steven Stilianos (TEN - TE),Sun 1:00PM,@BUF,"$4,000","$4,000",0
-,Ramon Jefferson (TB - RB),Mon 8:15PM,BAL,"$4,000","$4,000",0
-,Qadir Ismail (BAL - WR),Mon 8:15PM,@TB,"$4,000","$4,000",0
325,Nate Adkins (DEN - TE),Thu 8:15PM,@NO,"$4,200","$4,200",0
-,Dante Miller (NYG - RB),Sun 1:00PM,PHI,"$4,000","$4,000",0
-,Carlos Washington Jr. (ATL - RB),Sun 1:00PM,SEA,"$4,000","$4,000",0
381,Chris Manhertz (NYG - TE),Sun 1:00PM,PHI,"$4,000","$4,000",0
-,Ayir Asante (NYG - WR),Sun 1:00PM,PHI,"$4,000","$4,000",0
-,Leon Johnson III (LAC - WR),Mon 9:00PM,@ARI,"$4,000","$4,000",0
153,Andrei Iosivas (CIN - WR),Sun 1:00PM,@CLE,"$5,500","$5,300",+200
-,Colton Dowell (TEN - WR),Sun 1:00PM,@BUF,"$4,000","$4,000",0
-,Keilahn Harris (PIT - WR),Sun 8:20PM,NYJ,"$4,000","$4,000",0
-,Dresser Winn (LAR - QB),Sun 4:05PM,LV,"$6,000",-,-
-,Patrick Murtagh (JAC - TE),Sun 9:30AM,NE,"$4,000","$4,000",0
-,TJ Luther (GB - WR),Sun 1:00PM,HOU,"$4,000","$4,000",0
-,Jacob Saylors (CLE - RB),Sun 1:00PM,CIN,"$4,000","$4,000",0
347,Julian Hill (MIA - TE),Sun 1:00PM,@IND,"$4,100",-,-
161,Emanuel Wilson (GB - RB),Sun 1:00PM,HOU,"$5,400","$5,200",+200
-,Elijah Dotson (LAC - RB),Mon 9:00PM,@ARI,"$4,000","$4,000",0
-,Tanner Taula (TB - TE),Mon 8:15PM,BAL,"$4,000","$4,000",0
-,Rory Starkey Jr. (GB - WR),Sun 1:00PM,HOU,"$4,000","$4,000",0
-,Shawn Bowman (JAC - TE),Sun 9:30AM,NE,"$4,000","$4,000",0
-,JaQuae Jackson (NE - WR),Sun 9:30AM,@JAC,"$4,000","$4,000",0
-,Mason Pline (SF - TE),Sun 4:25PM,KC,"$4,000","$4,000",0
-,Louis Rees-Zammit (JAC - RB),Sun 9:30AM,NE,"$4,000","$4,000",0
295,Dylan Laube (LV - RB),Sun 4:05PM,@LAR,"$4,000","$4,000",0
-,Devron Harper (MIN - WR),Sun 1:00PM,DET,"$4,000",-,-
222,Mason Tipton (NO - WR),Thu 8:15PM,DEN,"$4,900","$4,600",+300
-,Jermaine Jackson (NO - WR),Thu 8:15PM,DEN,"$4,000","$4,000",0
-,Kyle Sheets (KC - WR),Sun 4:25PM,@SF,"$4,000",-,-
-,Casey Bauman (LAC - QB),Mon 9:00PM,@ARI,"$6,000","$6,000",0
-,Jalen Jackson (JAC - RB),Sun 9:30AM,NE,"$4,000","$4,000",0
-,Wayne Ruby (JAC - WR),Sun 9:30AM,NE,"$4,000","$4,000",0
-,David White Jr. (JAC - WR),Sun 9:30AM,NE,"$4,000","$4,000",0
-,Brevin Easton (JAC - WR),Sun 9:30AM,NE,"$4,000","$4,000",0
-,JJ Laap (LAR - WR),Sun 4:05PM,LV,"$4,000",-,-
-,Peewee Jarrett (NYJ - QB),Sun 8:20PM,@PIT,"$6,000","$6,000",0
-,Chris Collier (BAL - RB),Mon 8:15PM,@TB,"$4,000","$4,000",0
-,Mike Rigerman (BAL - TE),Mon 8:15PM,@TB,"$4,000","$4,000",0
-,Hayden Hatten (SEA - WR),Sun 1:00PM,@ATL,"$4,000","$4,000",0
-,Jaaron Hayek (KC - WR),Sun 4:25PM,@SF,"$4,000",-,-
357,Kameron Johnson (TB - WR),Mon 8:15PM,BAL,"$4,100","$4,300",-200
-,Kevin Foelsch (PHI - TE),Sun 1:00PM,@NYG,"$4,000","$4,000",0
205,Jalen Coker (CAR - WR),Sun 4:05PM,@WAS,"$4,200","$4,000",+200
-,Jaden Shirden (CAR - RB),Sun 4:05PM,@WAS,"$4,000","$4,000",0
-,John Jiles (NE - WR),Sun 9:30AM,@JAC,"$4,000","$4,000",0
-,Cole Burgess (CIN - WR),Sun 1:00PM,@CLE,"$4,000","$4,000",0
-,Cam Grandy (CIN - TE),Sun 1:00PM,@CLE,"$4,000","$4,000",0
-,Sam Schnee (TEN - WR),Sun 1:00PM,@BUF,"$4,000","$4,000",0
-,David Wallis (NE - WR),Sun 9:30AM,@JAC,"$4,000","$4,000",0
-,Derek Slywka (IND - WR),Sun 1:00PM,MIA,"$4,000","$4,000",0
-,Praise Olatoke (CAR - WR),Sun 4:05PM,@WAS,"$4,000","$4,000",0
-,Devon Garrison (SEA - TE),Sun 1:00PM,@ATL,"$4,000","$4,000",0
150,Russell Wilson (PIT - QB),Sun 8:20PM,NYJ,"$6,400","$6,000",+400
13,Kirk Cousins (ATL - QB),Sun 1:00PM,SEA,"$7,200","$7,400",-200
-,Case Keenum (HOU - QB),Sun 1:00PM,@GB,"$6,000","$6,000",0
-,Andrew DePaola (MIN - TE),Sun 1:00PM,DET,"$4,000",-,-
265,Mo Alie-Cox (IND - TE),Sun 1:00PM,MIA,"$4,700","$4,600",+100
-,Martavis Bryant (WAS - WR),Sun 4:05PM,CAR,"$4,000","$4,000",0
-,Jamison Crowder (WAS - WR),Sun 4:05PM,CAR,"$4,000","$4,000",0
290,Jameis Winston (CLE - QB),Sun 1:00PM,CIN,"$6,000","$6,300",-300
52,Stefon Diggs (HOU - WR),Sun 1:00PM,@GB,"$8,600","$8,000",+600
235,Mack Hollins (BUF - WR),Sun 1:00PM,TEN,"$5,200","$5,300",-100
-,Phillip Dorsett II (DEN - WR),Thu 8:15PM,@NO,"$4,000","$4,000",0
275,Michael Burton (DEN - RB),Thu 8:15PM,@NO,"$4,100","$4,200",-100
-,Robbie Chosen (MIA - WR),Sun 1:00PM,@IND,"$4,000",-,-
-,Logan Thomas (SF - TE),Sun 4:25PM,KC,"$4,000","$4,000",0
11,Geno Smith (SEA - QB),Sun 1:00PM,@ATL,"$7,600","$7,900",-300
108,Tyler Lockett (SEA - WR),Sun 1:00PM,@ATL,"$5,800","$6,000",-200
215,Ameer Abdullah (LV - RB),Sun 4:05PM,@LAR,"$4,700","$4,800",-100
204,Sterling Shepard (TB - WR),Mon 8:15PM,BAL,"$5,000","$4,900",+100
-,Justin Hardee Sr. (CAR - WR),Sun 4:05PM,@WAS,"$4,000","$4,000",0
-,Nate Sudfeld (DET - QB),Sun 1:00PM,@MIN,"$6,000","$6,000",0
-,C.J. Beathard (JAC - QB),Sun 9:30AM,NE,"$6,000","$6,000",0
-,Trevor Siemian (TEN - QB),Sun 1:00PM,@BUF,"$6,000",-,-
330,Nick Vannett (TEN - TE),Sun 1:00PM,@BUF,"$4,000","$4,100",-100
380,Allen Robinson II (DET - WR),Sun 1:00PM,@MIN,"$4,000","$4,000",0
117,Raheem Mostert (MIA - RB),Sun 1:00PM,@IND,"$6,300",-,-
252,Dare Ogunbowale (HOU - RB),Sun 1:00PM,@GB,"$4,800","$5,400",-600
-,Marcus Mariota (WAS - QB),Sun 4:05PM,CAR,"$6,000","$6,000",0
323,Pharaoh Brown (SEA - TE),Sun 1:00PM,@ATL,"$4,000","$4,000",0
197,Nelson Agholor (BAL - WR),Mon 8:15PM,@TB,"$4,700","$4,900",-200
284,Robert Woods (HOU - WR),Sun 1:00PM,@GB,"$5,100","$5,000",+100
138,Zach Ertz (WAS - TE),Sun 4:05PM,CAR,"$5,100","$5,000",+100
-,Jacoby Brissett (NE - QB),Sun 9:30AM,@JAC,"$6,400","$6,400",0
-,Jeff Driskel (WAS - QB),Sun 4:05PM,CAR,"$6,000","$6,000",0
361,Chris Conley (SF - WR),Sun 4:25PM,KC,"$4,200","$4,400",-200
-,Damiere Byrd (BUF - WR),Sun 1:00PM,TEN,"$4,000","$4,000",0
243,Cordarrelle Patterson (PIT - RB),Sun 8:20PM,NYJ,"$4,800","$4,800",0
-,Nathan Peterman (ATL - QB),Sun 1:00PM,SEA,"$6,000","$6,000",0
-,Jordan Matthews (CAR - WR),Sun 4:05PM,@WAS,"$4,000","$4,000",0
85,Amari Cooper (BUF - WR),Sun 1:00PM,TEN,"$6,100","$6,200",-100
-,Brandon Allen (SF - QB),Sun 4:25PM,KC,"$6,000","$6,000",0
-,C.J. Uzomah (PHI - TE),Sun 1:00PM,@NYG,"$4,000","$4,000",0
247,Odell Beckham Jr. (MIA - WR),Sun 1:00PM,@IND,"$4,700",-,-
59,Mike Evans (TB - WR),Mon 8:15PM,BAL,"$8,000","$8,200",-200
-,Jakeem Grant Sr. (ATL - WR),Sun 1:00PM,SEA,"$4,000","$4,000",0
372,Eric Tomlinson (LAC - TE),Mon 9:00PM,@ARI,"$4,000","$4,000",0
-,Chris Moore (ARI - WR),Mon 9:00PM,LAC,"$4,000","$4,100",-100
72,Travis Kelce (KC - TE),Sun 4:25PM,@SF,"$7,100",-,-
159,Demarcus Robinson (LAR - WR),Sun 4:05PM,LV,"$5,500",-,-
17,Jared Goff (DET - QB),Sun 1:00PM,@MIN,"$7,800","$7,700",+100
360,Geoff Swaim (CLE - TE),Sun 1:00PM,CIN,"$4,000","$4,000",0
-,Mitchell Trubisky (BUF - QB),Sun 1:00PM,TEN,"$6,000","$6,000",0
18,Derrick Henry (BAL - RB),Mon 8:15PM,@TB,"$9,300","$9,100",+200
216,Kyle Juszczyk (SF - RB),Sun 4:25PM,KC,"$4,400","$4,100",+300
-,Adam Thielen (CAR - WR),Sun 4:05PM,@WAS,"$5,000","$5,000",0
73,George Kittle (SF - TE),Sun 4:25PM,KC,"$7,500","$7,200",+300
223,Mike Williams (NYJ - WR),Sun 8:20PM,@PIT,"$5,400","$5,400",0
261,Austin Hooper (NE - TE),Sun 9:30AM,@JAC,"$4,500","$4,500",0
-,Gus Edwards (LAC - RB),Mon 9:00PM,@ARI,"$5,000","$5,100",-100
239,Johnny Mundt (MIN - TE),Sun 1:00PM,DET,"$4,700",-,-
-,Joshua Dobbs (SF - QB),Sun 4:25PM,KC,"$6,000","$6,000",0
-,Greg Ward (IND - WR),Sun 1:00PM,MIA,"$4,000","$4,000",0
122,Aaron Jones (MIN - RB),Sun 1:00PM,DET,"$7,200",-,-
-,Tim Boyle (MIA - QB),Sun 1:00PM,@IND,"$6,000",-,-
-,Mike White (BUF - QB),Sun 1:00PM,TEN,"$6,000","$6,000",0
304,Marquez Valdes-Scantling (BUF - WR),Sun 1:00PM,TEN,"$4,400","$4,600",-200
206,Tyler Boyd (TEN - WR),Sun 1:00PM,@BUF,"$4,900","$5,000",-100
61,James Conner (ARI - RB),Mon 9:00PM,LAC,"$7,700","$8,000",-300
146,Hunter Henry (NE - TE),Sun 9:30AM,@JAC,"$5,000","$5,000",0
314,Zay Jones (ARI - WR),Mon 9:00PM,LAC,"$5,200","$4,000","+1,200"
-,John Ross (PHI - WR),Sun 1:00PM,@NYG,"$4,000","$4,000",0
7,Baker Mayfield (TB - QB),Mon 8:15PM,BAL,"$8,300","$7,900",+400
-,Nick Mullens (MIN - QB),Sun 1:00PM,DET,"$6,000",-,-
-,Laquon Treadwell (IND - WR),Sun 1:00PM,MIA,"$4,000","$4,000",0
-,P.J. Walker (SEA - QB),Sun 1:00PM,@ATL,"$6,000","$6,000",0
97,Evan Engram (JAC - TE),Sun 9:30AM,NE,"$5,800","$5,800",0
-,Anthony Miller (BAL - WR),Mon 8:15PM,@TB,"$4,000","$4,000",0
-,River Cracraft (MIA - WR),Sun 1:00PM,@IND,"$4,000",-,-
319,Durham Smythe (MIA - TE),Sun 1:00PM,@IND,"$4,200",-,-
-,James Winchester (KC - TE),Sun 4:25PM,@SF,"$4,000",-,-
30,Alvin Kamara (NO - RB),Thu 8:15PM,DEN,"$8,500","$8,800",-300
-,Trent Taylor (SF - WR),Sun 4:25PM,KC,"$4,000","$4,100",-100
-,Boston Scott (PIT - RB),Sun 8:20PM,NYJ,"$4,000","$4,000",0
-,Willie Snead IV (MIA - WR),Sun 1:00PM,@IND,"$4,000",-,-
58,Kareem Hunt (KC - RB),Sun 4:25PM,@SF,"$7,700",-,-
-,Logan Woodside (CIN - QB),Sun 1:00PM,@CLE,"$6,000","$6,000",0
196,Taysom Hill (NO - TE),Thu 8:15PM,DEN,"$6,000","$6,200",-200
219,Jamaal Williams (NO - RB),Thu 8:15PM,DEN,"$5,100","$5,300",-200
-,Derek Carr (NO - QB),Thu 8:15PM,DEN,"$7,100","$7,500",-400
162,Davante Adams (NYJ - WR),Sun 8:20PM,@PIT,"$6,900","$7,000",-100
-,Keith Kirkwood (BAL - WR),Mon 8:15PM,@TB,"$4,000","$4,000",0
-,David Wells (TB - TE),Mon 8:15PM,BAL,"$4,000","$4,000",0
-,Tyler Higbee (LAR - TE),Sun 4:05PM,LV,"$4,000",-,-
171,Jonnu Smith (MIA - TE),Sun 1:00PM,@IND,"$5,000",-,-
-,Will Grier (PHI - QB),Sun 1:00PM,@NYG,"$6,000","$6,000",0
322,Brandon Powell (MIN - WR),Sun 1:00PM,DET,"$4,600",-,-
-,Jakob Johnson (NYG - RB),Sun 1:00PM,PHI,"$4,000","$4,000",0
143,Mark Andrews (BAL - TE),Mon 8:15PM,@TB,"$5,700","$5,500",+200
32,Joe Mixon (HOU - RB),Sun 1:00PM,@GB,"$8,400","$8,300",+100
231,Samaje Perine (KC - RB),Sun 4:25PM,@SF,"$5,200",-,-
337,Braxton Berrios (MIA - WR),Sun 1:00PM,@IND,"$4,200",-,-
173,Curtis Samuel (BUF - WR),Sun 1:00PM,TEN,"$5,100","$5,400",-300
-,Russell Gage (BAL - WR),Mon 8:15PM,@TB,"$4,000","$4,000",0
-,DJ Chark Jr. (LAC - WR),Mon 9:00PM,@ARI,"$4,000","$4,000",0
-,Jake Luton (CAR - QB),Sun 4:05PM,@WAS,"$6,000","$6,000",0
-,Kyle Allen (PIT - QB),Sun 8:20PM,NYJ,"$6,000","$6,000",0
-,Josh Reynolds (DEN - WR),Thu 8:15PM,@NO,"$4,900","$4,900",0
-,Matt Breida (SF - RB),Sun 4:25PM,KC,"$4,000","$4,000",0
-,Taylor Heinicke (LAC - QB),Mon 9:00PM,@ARI,"$6,000","$6,000",0
363,Zach Pascal (ARI - WR),Mon 9:00PM,LAC,"$4,200","$4,000",+200
111,Nick Chubb (CLE - RB),Sun 1:00PM,CIN,"$6,800","$6,200",+600
-,Isaiah McKenzie (NYG - WR),Sun 1:00PM,PHI,"$4,000","$4,000",0
71,Tyreek Hill (MIA - WR),Sun 1:00PM,@IND,"$7,900",-,-
356,Mason Rudolph (TEN - QB),Sun 1:00PM,@BUF,"$6,000","$6,600",-600
-,Nick Bawden (HOU - RB),Sun 1:00PM,@GB,"$4,000","$4,000",0
-,Jacob Hollister (CAR - TE),Sun 4:05PM,@WAS,"$4,000","$4,000",0
-,Matt Sokol (PIT - TE),Sun 8:20PM,NYJ,"$4,000","$4,000",0
-,Andrew Beck (GB - TE),Sun 1:00PM,HOU,"$4,000","$4,000",0
-,Cam Sims (CAR - WR),Sun 4:05PM,@WAS,"$4,000","$4,000",0
-,Alex McGough (GB - QB),Sun 1:00PM,HOU,"$6,000","$6,000",0
-,Jimmy Garoppolo (LAR - QB),Sun 4:05PM,LV,"$6,000",-,-
-,Tyler Ott (WAS - TE),Sun 4:05PM,CAR,"$4,000","$4,000",0
34,Deshaun Watson (CLE - QB),Sun 1:00PM,CIN,"$6,800","$6,600",+200
136,Dalton Schultz (HOU - TE),Sun 1:00PM,@GB,"$5,200","$5,300",-100
389,Christian McCaffrey (SF - RB),Sun 4:25PM,KC,"$4,000","$4,000",0
-,Malik Turner (SF - WR),Sun 4:25PM,KC,"$4,000","$4,000",0
139,David Njoku (CLE - TE),Sun 1:00PM,CIN,"$5,300","$5,400",-100
-,Cody Thompson (TB - WR),Mon 8:15PM,BAL,"$4,000","$4,000",0
299,Jeff Wilson Jr. (MIA - RB),Sun 1:00PM,@IND,"$4,600",-,-
43,Chris Godwin (TB - WR),Mon 8:15PM,BAL,"$7,900","$7,500",+400
-,James Washington (ATL - WR),Sun 1:00PM,SEA,"$4,000","$4,000",0
183,D'Onta Foreman (CLE - RB),Sun 1:00PM,CIN,"$5,400","$5,100",+300
-,Royce Freeman (CLE - RB),Sun 1:00PM,CIN,"$4,000","$4,000",0
90,JuJu Smith-Schuster (KC - WR),Sun 4:25PM,@SF,"$6,100",-,-
62,Deebo Samuel Sr. (SF - WR),Sun 4:25PM,KC,"$8,200","$7,900",+300
346,Trent Sherfield Sr. (MIN - WR),Sun 1:00PM,DET,"$4,200",-,-
-,Juwann Winfree (IND - WR),Sun 1:00PM,MIA,"$4,000","$4,000",0
-,John Wolford (TB - QB),Mon 8:15PM,BAL,"$6,000","$6,000",0
132,Noah Brown (WAS - WR),Sun 4:05PM,CAR,"$5,000","$4,700",+300
57,Terry McLaurin (WAS - WR),Sun 4:05PM,CAR,"$7,200","$6,800",+400
317,Parris Campbell (PHI - WR),Sun 1:00PM,@NYG,"$5,000","$5,200",-200
182,Mike Gesicki (CIN - TE),Sun 1:00PM,@CLE,"$5,000","$5,100",-100
-,Trace McSorley (WAS - QB),Sun 4:05PM,CAR,"$6,000","$6,000",0
200,Jeremy McNichols (WAS - RB),Sun 4:05PM,CAR,"$5,500","$5,000",+500
195,Will Dissly (LAC - TE),Mon 9:00PM,@ARI,"$4,800","$4,800",0
315,Drew Sample (CIN - TE),Sun 1:00PM,@CLE,"$4,200","$4,100",+100
123,Allen Lazard (NYJ - WR),Sun 8:20PM,@PIT,"$5,700","$5,800",-100
-,Chris Myarick (HOU - TE),Sun 1:00PM,@GB,"$4,000","$4,000",0
179,Tim Patrick (DET - WR),Sun 1:00PM,@MIN,"$4,800","$4,600",+200
296,Jordan Akins (CLE - TE),Sun 1:00PM,CIN,"$4,700","$4,800",-100
-,Tre'Quan Smith (DET - WR),Sun 1:00PM,@MIN,"$4,000","$4,000",0
101,Courtland Sutton (DEN - WR),Thu 8:15PM,@NO,"$5,700","$5,600",+100
14,Patrick Mahomes II (KC - QB),Sun 4:25PM,@SF,"$8,000",-,-
166,D'Ernest Johnson (JAC - RB),Sun 9:30AM,NE,"$4,400","$4,300",+100
-,Mike Boone (CAR - RB),Sun 4:05PM,@WAS,"$4,000","$4,000",0
-,Mitchell Fraboni (DEN - TE),Thu 8:15PM,@NO,"$4,000","$4,000",0
365,Parker Hesse (DET - TE),Sun 1:00PM,@MIN,"$4,000","$4,000",0
-,Sammis Reyes (MIN - TE),Sun 1:00PM,DET,"$4,000",-,-
160,Tyler Conklin (NYJ - TE),Sun 8:20PM,@PIT,"$5,000","$5,100",-100
255,Foster Moreau (NO - TE),Thu 8:15PM,DEN,"$4,800","$4,700",+100
-,Tommy Hudson (NO - TE),Thu 8:15PM,DEN,"$4,000","$4,000",0
-,Andre Baccellia (ARI - WR),Mon 9:00PM,LAC,"$4,000","$4,000",0
-,Jake Browning (CIN - QB),Sun 1:00PM,@CLE,"$6,000","$6,000",0
-,Blake Lynch (LAC - WR),Mon 9:00PM,@ARI,"$4,000","$4,000",0
96,Christian Kirk (JAC - WR),Sun 9:30AM,NE,"$6,100","$6,200",-100
274,Myles Gaskin (MIN - RB),Sun 1:00PM,DET,"$4,400",-,-
-,Jarrett Stidham (DEN - QB),Thu 8:15PM,@NO,"$6,000","$6,000",0
-,Stanley Morgan Jr. (NO - WR),Thu 8:15PM,DEN,"$4,000","$4,000",0
411,Josiah Deguara (JAC - TE),Sun 9:30AM,NE,"$4,000","$4,100",-100
-,Brett Rypien (MIN - QB),Sun 1:00PM,DET,"$6,000",-,-
-,Tyler Davis (GB - TE),Sun 1:00PM,HOU,"$4,000","$4,000",0
335,Scotty Miller (PIT - WR),Sun 8:20PM,NYJ,"$4,300","$4,400",-100
-,David Sills V (DEN - WR),Thu 8:15PM,@NO,"$4,000","$4,000",0
131,Jauan Jennings (SF - WR),Sun 4:25PM,KC,"$5,300","$5,500",-200
306,Gardner Minshew II (LV - QB),Sun 4:05PM,@LAR,"$6,000","$6,500",-500
-,Deon Cain (CAR - WR),Sun 4:05PM,@WAS,"$4,000","$4,000",0
142,Ray-Ray McCloud III (ATL - WR),Sun 1:00PM,SEA,"$5,500","$5,600",-100
4,Josh Allen (BUF - QB),Sun 1:00PM,TEN,"$9,200","$9,300",-100
382,MyCole Pruitt (PIT - TE),Sun 8:20PM,NYJ,"$4,000","$4,000",0
362,Steven Sims Jr. (HOU - WR),Sun 1:00PM,@GB,"$4,000","$4,000",0
224,Ty Johnson (BUF - RB),Sun 1:00PM,TEN,"$5,700","$5,200",+500
-,Ke'Shawn Vaughn (SF - RB),Sun 4:25PM,KC,"$4,000","$4,000",0
1,Lamar Jackson (BAL - QB),Mon 8:15PM,@TB,"$9,400","$9,500",-100
-,James Proche II (CLE - WR),Sun 1:00PM,CIN,"$4,000","$4,000",0
6,Joe Burrow (CIN - QB),Sun 1:00PM,@CLE,"$8,200","$8,100",+100
-,Andy Isabella (BUF - WR),Sun 1:00PM,TEN,"$4,000","$4,000",0
-,Ben DiNucci (BUF - QB),Sun 1:00PM,TEN,"$6,000","$6,000",0
-,John Kelly Jr. (BAL - RB),Mon 8:15PM,@TB,"$4,000","$4,000",0
12,Kyler Murray (ARI - QB),Mon 9:00PM,LAC,"$8,100","$7,800",+300
21,Daniel Jones (NYG - QB),Sun 1:00PM,PHI,"$7,000","$6,800",+200
8,Sam Darnold (MIN - QB),Sun 1:00PM,DET,"$7,500",-,-
-,Nyheim Hines (CLE - RB),Sun 1:00PM,CIN,"$4,000","$4,000",0
109,Jakobi Meyers (LV - WR),Sun 4:05PM,@LAR,"$5,800","$5,700",+100
-,Lawrence Cager (NYG - TE),Sun 1:00PM,PHI,"$4,000","$4,000",0
263,Alec Ingold (MIA - RB),Sun 1:00PM,@IND,"$4,100",-,-
40,Tony Pollard (TEN - RB),Sun 1:00PM,@BUF,"$7,100","$7,000",+100
151,Darius Slayton (NYG - WR),Sun 1:00PM,PHI,"$6,000","$5,900",+100
-,Tyler Mabry (SEA - TE),Sun 1:00PM,@ATL,"$4,000","$4,000",0
-,Tyree Jackson (NYG - TE),Sun 1:00PM,PHI,"$4,000","$4,000",0
327,K.J. Osborn (NE - WR),Sun 9:30AM,@JAC,"$4,500","$4,500",0
297,Josh Oliver (MIN - TE),Sun 1:00PM,DET,"$4,800",-,-
-,Lucky Jackson (MIN - WR),Sun 1:00PM,DET,"$4,000",-,-
279,Hayden Hurst (LAC - TE),Mon 9:00PM,@ARI,"$4,500","$4,600",-100
-,Drew Lock (NYG - QB),Sun 1:00PM,PHI,"$6,000","$6,000",0
-,La'Michael Pettway (NE - TE),Sun 9:30AM,@JAC,"$4,000","$4,000",0
-,Britain Covey (PHI - WR),Sun 1:00PM,@NYG,"$4,500","$5,000",-500
-,Hakeem Butler (CIN - WR),Sun 1:00PM,@CLE,"$4,000","$4,000",0
-,Zach Gentry (LV - TE),Sun 4:05PM,@LAR,"$4,000","$4,000",0
-,Jeff Smith (ARI - WR),Mon 9:00PM,LAC,"$4,000","$4,000",0
311,Nick Westbrook-Ikhine (TEN - WR),Sun 1:00PM,@BUF,"$4,500","$4,000",+500
16,Saquon Barkley (PHI - RB),Sun 1:00PM,@NYG,"$9,000","$9,200",-200
-,Irvin Charles (NYJ - WR),Sun 8:20PM,@PIT,"$4,000","$4,000",0
-,Dan Chisena (ARI - WR),Mon 9:00PM,LAC,"$4,000","$4,000",0
209,Olamide Zaccheaus (WAS - WR),Sun 4:05PM,CAR,"$4,700","$5,100",-400
115,Calvin Ridley (TEN - WR),Sun 1:00PM,@BUF,"$5,700","$6,000",-300
238,Van Jefferson (PIT - WR),Sun 8:20PM,NYJ,"$4,800","$4,800",0
212,Dawson Knox (BUF - TE),Sun 1:00PM,TEN,"$4,600","$5,100",-500
-,Scotty Washington (BAL - WR),Mon 8:15PM,@TB,"$4,000","$4,000",0
-,Alex Bachman (LV - WR),Sun 4:05PM,@LAR,"$4,200","$4,000",+200
172,Juwan Johnson (NO - TE),Thu 8:15PM,DEN,"$5,200","$5,100",+100
-,Miles Boykin (SEA - WR),Sun 1:00PM,@ATL,"$4,000","$4,000",0
-,Equanimeous St. Brown (NO - WR),Thu 8:15PM,DEN,"$4,000","$4,000",0
-,Jalen Guyton (LV - WR),Sun 4:05PM,@LAR,"$4,000","$4,000",0
353,Trenton Irwin (CIN - WR),Sun 1:00PM,@CLE,"$4,000","$4,000",0
-,Mitchell Wilcox (NE - TE),Sun 9:30AM,@JAC,"$4,000","$4,000",0
369,Adam Prentice (NO - RB),Thu 8:15PM,DEN,"$4,000","$4,000",0
-,Giovanni Ricci (CLE - TE),Sun 1:00PM,CIN,"$4,000","$4,000",0
-,Jacob Harris (PHI - TE),Sun 1:00PM,@NYG,"$4,000","$4,000",0
-,Maurice Alexander (DET - WR),Sun 1:00PM,@MIN,"$4,000","$4,000",0
227,JaMycal Hasty (NE - RB),Sun 9:30AM,@JAC,"$4,200","$4,200",0
53,Diontae Johnson (CAR - WR),Sun 4:05PM,@WAS,"$7,100","$6,900",+200
-,Michael Jacobson (NO - TE),Thu 8:15PM,DEN,"$4,000","$4,000",0
23,Matthew Stafford (LAR - QB),Sun 4:05PM,LV,"$7,100",-,-
232,Joe Flacco (IND - QB),Sun 1:00PM,MIA,"$7,400","$7,200",+200
-,Austin Mack (ATL - WR),Sun 1:00PM,SEA,"$4,000","$4,000",0
281,Tyler Johnson (LAR - WR),Sun 4:05PM,LV,"$4,500",-,-
377,Ko Kieft (TB - TE),Mon 8:15PM,BAL,"$4,000","$4,000",0
-,Sean McKeon (IND - TE),Sun 1:00PM,MIA,"$4,000","$4,000",0
29,Aaron Rodgers (NYJ - QB),Sun 8:20PM,@PIT,"$6,900","$7,200",-300
-,Josh Pederson (JAC - TE),Sun 9:30AM,NE,"$4,000","$4,000",0
5,Jordan Love (GB - QB),Sun 1:00PM,HOU,"$8,700","$8,500",+200
-,Jonathan Ward (PIT - RB),Sun 8:20PM,NYJ,"$4,000","$4,700",-700
-,N'Keal Harry (MIN - WR),Sun 1:00PM,DET,"$4,000",-,-
-,Hunter Kampmoyer (DEN - TE),Thu 8:15PM,@NO,"$4,000","$4,000",0
26,Justin Herbert (LAC - QB),Mon 9:00PM,@ARI,"$7,000","$7,200",-200
99,Michael Pittman Jr. (IND - WR),Sun 1:00PM,MIA,"$6,700","$6,600",+100
-,Skylar Thompson (MIA - QB),Sun 1:00PM,@IND,"$6,000",-,-
-,Byron Pringle (WAS - WR),Sun 4:05PM,CAR,"$4,000","$4,000",0
-,Feleipe Franks (CAR - TE),Sun 4:05PM,@WAS,"$4,000","$4,000",0
-,Kyle Trask (TB - QB),Mon 8:15PM,BAL,"$6,000","$6,000",0
-,Jacob Eason (GB - QB),Sun 1:00PM,HOU,"$6,000","$6,000",0
345,Jack Stoll (PHI - TE),Sun 1:00PM,@NYG,"$4,000","$4,100",-100
-,Miller Forristall (LAR - TE),Sun 4:05PM,LV,"$4,000",-,-
3,Jalen Hurts (PHI - QB),Sun 1:00PM,@NYG,"$8,500","$8,300",+200
145,Greg Dortch (ARI - WR),Mon 9:00PM,LAC,"$5,400","$4,900",+500
221,Cedrick Wilson Jr. (NO - WR),Thu 8:15PM,DEN,"$4,800","$4,400",+400
-,Anthony Brown Jr. (BUF - QB),Sun 1:00PM,TEN,"$6,000","$6,000",0
-,Stephen Sullivan (CAR - TE),Sun 4:05PM,@WAS,"$4,000","$4,000",0
-,Jalen Virgil (BUF - WR),Sun 1:00PM,TEN,"$4,000","$4,000",0
80,Darnell Mooney (ATL - WR),Sun 1:00PM,SEA,"$6,300","$6,500",-200
-,Shane Buechele (BUF - QB),Sun 1:00PM,TEN,"$6,000","$6,000",0
383,Trayveon Williams (CIN - RB),Sun 1:00PM,@CLE,"$4,100","$4,200",-100
-,Cornell Powell (KC - WR),Sun 4:25PM,@SF,"$4,000",-,-
103,Zack Moss (CIN - RB),Sun 1:00PM,@CLE,"$6,700","$6,500",+200
-,Cole Fotheringham (LV - TE),Sun 4:05PM,@LAR,"$4,000","$4,000",0
46,Tyler Huntley (MIA - QB),Sun 1:00PM,@IND,"$6,700",-,-
-,Jake Funk (JAC - RB),Sun 9:30AM,NE,"$4,000","$4,000",0
-,Demetric Felton Jr. (IND - WR),Sun 1:00PM,MIA,"$4,000","$4,000",0
-,Carson Wentz (KC - QB),Sun 4:25PM,@SF,"$6,000",-,-
-,Darrynton Evans (BUF - RB),Sun 1:00PM,TEN,"$4,000","$4,000",0
249,Kalif Raymond (DET - WR),Sun 1:00PM,@MIN,"$4,400","$4,500",-100
344,Reggie Gilliam (BUF - RB),Sun 1:00PM,TEN,"$4,100","$4,200",-100
267,C.J. Ham (MIN - RB),Sun 1:00PM,DET,"$4,200",-,-
210,Harrison Bryant (LV - TE),Sun 4:05PM,@LAR,"$4,400","$4,000",+400
135,Devin Singletary (NYG - RB),Sun 1:00PM,PHI,"$6,200","$6,100",+100
-,Frank Darby (SF - WR),Sun 4:25PM,KC,"$4,000","$4,000",0
-,Jalen Camp (CLE - WR),Sun 1:00PM,CIN,"$4,000","$4,000",0
-,Albert Okwuegbunam Jr. (PHI - TE),Sun 1:00PM,@NYG,"$4,000","$4,000",0
241,Lil'Jordan Humphrey (DEN - WR),Thu 8:15PM,@NO,"$4,800","$4,900",-100
-,Devin Duvernay (JAC - WR),Sun 9:30AM,NE,"$4,300","$4,200",+100
-,Ben Skowronek (PIT - WR),Sun 8:20PM,NYJ,"$4,000","$4,000",0
282,Kylen Granson (IND - TE),Sun 1:00PM,MIA,"$4,300","$4,700",-400
-,Brandon Johnson (PIT - WR),Sun 8:20PM,NYJ,"$4,000","$4,000",0
-,Marquez Callaway (NO - WR),Thu 8:15PM,DEN,"$4,000","$4,000",0
336,Charlie Woerner (ATL - TE),Sun 1:00PM,SEA,"$4,200","$4,300",-100
278,Mecole Hardman Jr. (KC - WR),Sun 4:25PM,@SF,"$4,700",-,-
-,La'Mical Perine (PIT - RB),Sun 8:20PM,NYJ,"$4,000","$4,000",0
-,Tyrie Cleveland (IND - WR),Sun 1:00PM,MIA,"$4,000","$4,000",0
-,Jordan Thomas (ATL - TE),Sun 1:00PM,SEA,"$4,000","$4,000",0
-,Brittain Brown (SEA - RB),Sun 1:00PM,@ATL,"$4,000","$4,000",0
149,Justice Hill (BAL - RB),Mon 8:15PM,@TB,"$5,300","$5,500",-200
233,DJ Turner (LV - WR),Sun 4:05PM,@LAR,"$4,800","$4,500",+300
163,Noah Fant (SEA - TE),Sun 1:00PM,@ATL,"$5,100","$5,000",+100
214,T.J. Hockenson (MIN - TE),Sun 1:00PM,DET,"$6,000",-,-
-,Dez Fitzpatrick (LAC - WR),Mon 9:00PM,@ARI,"$4,000","$4,000",0
180,Miles Sanders (CAR - RB),Sun 4:05PM,@WAS,"$5,300","$5,200",+100
-,Kendric Pryor (CIN - WR),Sun 1:00PM,@CLE,"$4,000","$4,000",0
-,Quintez Cephus (LAR - WR),Sun 4:05PM,LV,"$4,000",-,-
-,Dee Eskridge (MIA - WR),Sun 1:00PM,@IND,"$4,000",-,-
-,J.J. Taylor (HOU - RB),Sun 1:00PM,@GB,"$4,000","$4,200",-200
-,Kwamie Lassiter II (CIN - WR),Sun 1:00PM,@CLE,"$4,000","$4,000",0
-,Denzel Mims (JAC - WR),Sun 9:30AM,NE,"$4,000","$4,000",0
-,Trishton Jackson (MIN - WR),Sun 1:00PM,DET,"$4,000",-,-
342,Ian Thomas (CAR - TE),Sun 4:05PM,@WAS,"$4,200","$4,000",+200
234,Patrick Taylor Jr. (SF - RB),Sun 4:25PM,KC,"$4,500","$4,000",+500
-,Kenny Yeboah (NYJ - TE),Sun 8:20PM,@PIT,"$4,000","$4,000",0
318,John Bates (WAS - TE),Sun 4:05PM,CAR,"$4,200","$4,000",+200
-,Irv Smith Jr. (HOU - TE),Sun 1:00PM,@GB,"$4,000","$4,000",0
42,Josh Jacobs (GB - RB),Sun 1:00PM,HOU,"$7,300","$7,600",-300
392,Avery Williams (ATL - RB),Sun 1:00PM,SEA,"$4,000","$4,200",-200
94,Alexander Mattison (LV - RB),Sun 4:05PM,@LAR,"$6,100","$5,600",+500
33,A.J. Brown (PHI - WR),Sun 1:00PM,@NYG,"$8,900","$8,100",+800
-,Armani Rogers (ATL - TE),Sun 1:00PM,SEA,"$4,000","$4,000",0
49,DK Metcalf (SEA - WR),Sun 1:00PM,@ATL,"$8,100","$8,300",-200
-,Samson Nacua (NO - WR),Thu 8:15PM,DEN,"$4,000","$4,000",0
-,Chase Claypool (BUF - WR),Sun 1:00PM,TEN,"$4,000","$4,000",0
-,Ian Book (KC - QB),Sun 4:25PM,@SF,"$6,000",-,-
-,Tony Jones Jr. (ARI - RB),Mon 9:00PM,LAC,"$4,000","$4,000",0
-,Chris Evans (CIN - RB),Sun 1:00PM,@CLE,"$4,000","$4,000",0
349,Luke Farrell (JAC - TE),Sun 9:30AM,NE,"$4,300","$4,400",-100
-,Kene Nwangwu (NYJ - RB),Sun 8:20PM,@PIT,"$4,000","$4,000",0
48,David Montgomery (DET - RB),Sun 1:00PM,@MIN,"$8,100","$7,900",+200
-,Chris Oladokun (KC - QB),Sun 4:25PM,@SF,"$6,000",-,-
-,Quez Watkins (PIT - WR),Sun 8:20PM,NYJ,"$4,000","$4,000",0
78,Cooper Kupp (LAR - WR),Sun 4:05PM,LV,"$8,000",-,-
352,Eric Saubert (SF - TE),Sun 4:25PM,KC,"$4,200","$4,200",0
326,David Moore (CAR - WR),Sun 4:05PM,@WAS,"$4,400","$4,100",+300
100,Austin Ekeler (WAS - RB),Sun 4:05PM,CAR,"$6,600","$5,700",+900
-,Josh Johnson (BAL - QB),Mon 8:15PM,@TB,"$6,000","$6,000",0
192,Kendrick Bourne (NE - WR),Sun 9:30AM,@JAC,"$4,800","$4,800",0
-,Anthony Firkser (NYJ - TE),Sun 8:20PM,@PIT,"$4,000","$4,000",0
276,Patrick Ricard (BAL - RB),Mon 8:15PM,@TB,"$4,200","$4,200",0
-,Robert Tonyan (MIN - TE),Sun 1:00PM,DET,"$4,000",-,-
193,Dallas Goedert (PHI - TE),Sun 1:00PM,@NYG,"$6,100","$7,000",-900
-,Chase Edmonds (TB - RB),Mon 8:15PM,BAL,"$4,000","$4,000",0
174,Justin Watson (KC - WR),Sun 4:25PM,@SF,"$5,400",-,-
-,Daurice Fountain (DET - WR),Sun 1:00PM,@MIN,"$4,000","$4,000",0
350,Tanner Hudson (CIN - TE),Sun 1:00PM,@CLE,"$4,000","$4,000",0
401,Ross Dwelley (ATL - TE),Sun 1:00PM,SEA,"$4,000","$4,000",0
-,Kevin Rader (NO - TE),Thu 8:15PM,DEN,"$4,000","$4,000",0
-,Luis Perez (LAC - QB),Mon 9:00PM,@ARI,"$6,000","$6,000",0
237,KhaDarel Hodge (ATL - WR),Sun 1:00PM,SEA,"$4,500","$4,600",-100
9,Brock Purdy (SF - QB),Sun 4:25PM,KC,"$7,700","$7,800",-100
312,Charlie Kolar (BAL - TE),Mon 8:15PM,@TB,"$4,400","$4,800",-400
27,Justin Jefferson (MIN - WR),Sun 1:00PM,DET,"$9,400",-,-
-,Terrace Marshall Jr. (SF - WR),Sun 4:25PM,KC,"$4,000","$4,000",0
-,Jontre Kirklin (SF - WR),Sun 4:25PM,KC,"$4,000","$4,000",0
31,Ja'Marr Chase (CIN - WR),Sun 1:00PM,@CLE,"$9,300","$9,500",-200
-,Jaray Jenkins (PIT - WR),Sun 8:20PM,NYJ,"$4,000","$4,000",0
250,Clyde Edwards-Helaire (KC - RB),Sun 4:25PM,@SF,"$4,000",-,-
-,Curtis Hodges (CAR - TE),Sun 4:05PM,@WAS,"$4,000","$4,000",0
67,Brandon Aiyuk (SF - WR),Sun 4:25PM,KC,"$6,800","$7,000",-200
129,Rashod Bateman (BAL - WR),Mon 8:15PM,@TB,"$5,600","$5,500",+100
-,Zack Annexstad (TB - QB),Mon 8:15PM,BAL,"$6,000","$6,000",0
-,Mohamed Ibrahim (MIN - RB),Sun 1:00PM,DET,"$4,000",-,-
-,Kyric McGowan (MIA - WR),Sun 1:00PM,@IND,"$4,000",-,-
-,Hendon Hooker (DET - QB),Sun 1:00PM,@MIN,"$6,000","$6,000",0
-,James Mitchell (DET - TE),Sun 1:00PM,@MIN,"$4,000","$4,000",0
-,Dalton Keene (HOU - TE),Sun 1:00PM,@GB,"$4,000","$4,000",0
-,Kadarius Toney (CLE - WR),Sun 1:00PM,CIN,"$4,000","$4,000",0
202,Dameon Pierce (HOU - RB),Sun 1:00PM,@GB,"$5,100","$4,900",+200
-,Jacob Copeland (PIT - WR),Sun 8:20PM,NYJ,"$4,000","$4,000",0
262,Lucas Krull (DEN - TE),Thu 8:15PM,@NO,"$4,300","$4,100",+200
121,Kyle Pitts (ATL - TE),Sun 1:00PM,SEA,"$5,900","$5,900",0
-,Emory Jones (BAL - QB),Mon 8:15PM,@TB,"$6,000","$6,000",0
-,Ihmir Smith-Marsette (NYG - WR),Sun 1:00PM,PHI,"$4,100","$4,000",+100
-,Brandon Smith (NYJ - WR),Sun 8:20PM,@PIT,"$4,000","$4,000",0
83,Tyrone Tracy Jr. (NYG - RB),Sun 1:00PM,PHI,"$6,200","$5,800",+400
-,KJ Hamler (BUF - WR),Sun 1:00PM,TEN,"$4,000","$4,000",0
-,Sean Clifford (GB - QB),Sun 1:00PM,HOU,"$6,000","$6,000",0
-,Justin Shorter (LV - WR),Sun 4:05PM,@LAR,"$4,000","$4,000",0
245,Jahan Dotson (PHI - WR),Sun 1:00PM,@NYG,"$5,100","$5,600",-500
-,Zack Kuntz (NYJ - TE),Sun 8:20PM,@PIT,"$4,000","$4,000",0
54,Will Levis (TEN - QB),Sun 1:00PM,@BUF,"$6,600","$6,600",0
144,Pat Freiermuth (PIT - TE),Sun 8:20PM,NYJ,"$5,600","$5,700",-100
266,Josh Whyle (TEN - TE),Sun 1:00PM,@BUF,"$4,300","$4,400",-100
-,Ben Bryant (NYJ - QB),Sun 8:20PM,@PIT,"$6,000","$6,000",0
-,Desmond Ridder (ARI - QB),Mon 9:00PM,LAC,"$6,000","$6,000",0
156,Alec Pierce (IND - WR),Sun 1:00PM,MIA,"$5,700","$5,800",-100
-,Xazavian Valladay (NYJ - RB),Sun 8:20PM,@PIT,"$4,000","$4,000",0
107,Khalil Shakir (BUF - WR),Sun 1:00PM,TEN,"$6,200","$6,200",0
-,Erik Ezukanma (MIA - WR),Sun 1:00PM,@IND,"$4,000",-,-
-,SaRodorick Thompson Jr. (LAR - RB),Sun 4:05PM,LV,"$4,000",-,-
-,Brayden Willis (SF - TE),Sun 4:25PM,KC,"$4,000","$4,000",0
-,Tanner Mordecai (SF - QB),Sun 4:25PM,KC,"$6,000","$6,000",0
185,Trey Sermon (IND - RB),Sun 1:00PM,MIA,"$5,900","$6,000",-100
-,Drake Stoops (LAR - WR),Sun 4:05PM,LV,"$4,000",-,-
187,Grant Calcaterra (PHI - TE),Sun 1:00PM,@NYG,"$5,100","$4,600",+500
-,Marquise Brown (KC - WR),Sun 4:25PM,@SF,"$4,000",-,-
-,Thomas Odukoya (TEN - TE),Sun 1:00PM,@BUF,"$4,000","$4,000",0
-,Tanner Knue (TB - WR),Mon 8:15PM,BAL,"$4,000","$4,000",0
-,Dylan Drummond (ATL - WR),Sun 1:00PM,SEA,"$4,000","$4,000",0
-,Jack Westover (NE - TE),Sun 9:30AM,@JAC,"$4,000","$4,000",0
-,Jacob Sirmon (CLE - QB),Sun 1:00PM,CIN,"$6,000","$6,000",0
409,Devin Culp (TB - TE),Mon 8:15PM,BAL,"$4,000","$4,000",0
-,Salvon Ahmed (DEN - RB),Thu 8:15PM,@NO,"$4,000","$4,000",0
-,Terrell Bynum (LV - WR),Sun 4:05PM,@LAR,"$4,000","$4,000",0
-,Jake Haener (NO - QB),Thu 8:15PM,DEN,"$6,000","$6,000",0
-,Colson Yankoff (WAS - TE),Sun 4:05PM,CAR,"$4,000","$4,000",0
148,Cade Otton (TB - TE),Mon 8:15PM,BAL,"$5,400","$5,200",+200
50,Jordan Mason (SF - RB),Sun 4:25PM,KC,"$8,800","$8,900",-100
36,Amon-Ra St. Brown (DET - WR),Sun 1:00PM,@MIN,"$8,800","$9,000",-200
-,Markese Stepp (NYJ - RB),Sun 8:20PM,@PIT,"$4,000","$4,000",0
-,Bryce Oliver (TEN - WR),Sun 1:00PM,@BUF,"$4,000","$4,000",0
-,Josh Ali (ATL - WR),Sun 1:00PM,SEA,"$4,000","$4,000",0
394,Brenden Bates (NYJ - TE),Sun 8:20PM,@PIT,"$4,000","$4,000",0
-,Thomas Yassmin (DEN - TE),Thu 8:15PM,@NO,"$4,000","$4,000",0
-,Bryan Thompson (BUF - WR),Sun 1:00PM,TEN,"$4,000","$4,000",0
152,Isaiah Likely (BAL - TE),Mon 8:15PM,@TB,"$5,500","$5,800",-300
-,Jacob Warren (NE - TE),Sun 9:30AM,@JAC,"$4,000","$4,000",0
112,Ty Chandler (MIN - RB),Sun 1:00PM,DET,"$6,400",-,-
164,Joshua Palmer (LAC - WR),Mon 9:00PM,@ARI,"$5,200","$5,100",+100
242,Cedric Tillman (CLE - WR),Sun 1:00PM,CIN,"$4,000","$4,100",-100
35,Chuba Hubbard (CAR - RB),Sun 4:05PM,@WAS,"$7,400","$7,400",0
-,Jelani Woods (IND - TE),Sun 1:00PM,MIA,"$4,000","$4,000",0
333,Tylan Wallace (BAL - WR),Mon 8:15PM,@TB,"$4,300","$4,400",-100
-,Sam Hartman (WAS - QB),Sun 4:05PM,CAR,"$6,000","$6,000",0
-,Sage Surratt (ARI - WR),Mon 9:00PM,LAC,"$4,000","$4,000",0
-,A.T. Perry (DEN - WR),Thu 8:15PM,@NO,"$4,000","$4,000",0
-,Blake Whiteheart (CLE - TE),Sun 1:00PM,CIN,"$4,200","$4,200",0
-,Anthony Schwartz (MIA - WR),Sun 1:00PM,@IND,"$4,000",-,-
-,Shedrick Jackson (CIN - WR),Sun 1:00PM,@CLE,"$4,000","$4,000",0
-,Sal Cannella (TB - TE),Mon 8:15PM,BAL,"$4,000","$4,000",0
390,Malik Willis (GB - QB),Sun 1:00PM,HOU,"$6,000","$6,000",0
406,John Samuel Shenker (LV - TE),Sun 4:05PM,@LAR,"$4,000","$4,000",0
-,Chris Olave (NO - WR),Thu 8:15PM,DEN,"$6,900","$7,100",-200
41,J.K. Dobbins (LAC - RB),Mon 9:00PM,@ARI,"$7,200","$6,700",+500
-,Jaelen Gill (LAC - WR),Mon 9:00PM,@ARI,"$4,000","$4,000",0
280,Jeremy Ruckert (NYJ - TE),Sun 8:20PM,@PIT,"$4,500","$4,300",+200
404,Brady Russell (SEA - TE),Sun 1:00PM,@ATL,"$4,000","$4,000",0
313,Laviska Shenault Jr. (SEA - WR),Sun 1:00PM,@ATL,"$4,300","$4,100",+200
-,Daniel Arias (ARI - WR),Mon 9:00PM,LAC,"$4,000","$4,000",0
-,Dimitri Stanley (GB - WR),Sun 1:00PM,HOU,"$4,000","$4,000",0
-,Gary Brightwell (CLE - RB),Sun 1:00PM,CIN,"$4,000","$4,000",0
-,Chevan Cordeiro (SEA - QB),Sun 1:00PM,@ATL,"$6,000","$6,000",0
-,Anthony McFarland Jr. (MIA - RB),Sun 1:00PM,@IND,"$4,000",-,-
-,Jeshaun Jones (MIN - WR),Sun 1:00PM,DET,"$4,000",-,-
178,Chig Okonkwo (TEN - TE),Sun 1:00PM,@BUF,"$4,800","$4,900",-100
-,Daewood Davis (CAR - WR),Sun 4:05PM,@WAS,"$4,000","$4,000",0
-,Johnny Johnson III (HOU - WR),Sun 1:00PM,@GB,"$4,000","$4,000",0
-,Kawaan Baker (NE - WR),Sun 9:30AM,@JAC,"$4,000","$4,000",0
-,Cephus Johnson III (TB - WR),Mon 8:15PM,BAL,"$4,000","$4,000",0
-,Jalen Wayne (GB - WR),Sun 1:00PM,HOU,"$4,000","$4,000",0
169,Elijah Moore (CLE - WR),Sun 1:00PM,CIN,"$4,600","$4,700",-100
-,Braylon Sanders (MIA - WR),Sun 1:00PM,@IND,"$4,000",-,-
-,Matt Corral (MIN - QB),Sun 1:00PM,DET,"$6,000",-,-
-,Austin Trammell (JAC - WR),Sun 9:30AM,NE,"$4,000","$4,000",0
-,Jaret Patterson (LAC - RB),Mon 9:00PM,@ARI,"$4,000","$4,000",0
376,Charlie Jones (CIN - WR),Sun 1:00PM,@CLE,"$4,200","$4,200",0
-,Michael Penix Jr. (ATL - QB),Sun 1:00PM,SEA,"$6,000","$6,000",0
-,Peyton Hendershot (KC - TE),Sun 4:25PM,@SF,"$4,000",-,-
-,Carter Bradley (LV - QB),Sun 4:05PM,@LAR,"$6,000","$6,000",0
-,TaMerik Williams (SEA - RB),Sun 1:00PM,@ATL,"$4,000","$4,000",0
-,Justin Hall (MIN - WR),Sun 1:00PM,DET,"$4,000",-,-
-,John Paddock (ATL - QB),Sun 1:00PM,SEA,"$6,000","$6,000",0
321,Ben Sims (GB - TE),Sun 1:00PM,HOU,"$4,300","$4,000",+300
364,Tyquan Thornton (NE - WR),Sun 9:30AM,@JAC,"$4,300","$4,300",0
268,Cam Akers (HOU - RB),Sun 1:00PM,@GB,"$5,000","$5,800",-800
-,Tre'Shaun Harrison (TEN - WR),Sun 1:00PM,@BUF,"$4,000","$4,000",0
-,Tre' McKitty (BUF - TE),Sun 1:00PM,TEN,"$4,000","$4,000",0
354,Tim Jones (JAC - WR),Sun 9:30AM,NE,"$4,100","$4,100",0
51,Jayden Reed (GB - WR),Sun 1:00PM,HOU,"$7,600","$7,700",-100
69,Chase Brown (CIN - RB),Sun 1:00PM,@CLE,"$6,500","$5,400","+1,100"
-,Tucker Fisk (LAC - TE),Mon 9:00PM,@ARI,"$4,000","$4,000",0
154,Colby Parkinson (LAR - TE),Sun 4:05PM,LV,"$5,200",-,-
-,Tanner McKee (PHI - QB),Sun 1:00PM,@NYG,"$6,000","$6,000",0
116,Michael Wilson (ARI - WR),Mon 9:00PM,LAC,"$6,300","$5,900",+400
226,Simi Fehoko (LAC - WR),Mon 9:00PM,@ARI,"$4,700","$4,200",+500
-,Brycen Tremayne (WAS - WR),Sun 4:05PM,CAR,"$4,000","$4,200",-200
-,Davis Mills (HOU - QB),Sun 1:00PM,@GB,"$6,000","$6,000",0
155,Isaac Guerendo (SF - RB),Sun 4:25PM,KC,"$6,000","$4,800","+1,200"
106,Jonathan Taylor (IND - RB),Sun 1:00PM,MIA,"$8,300","$8,400",-100
-,Spencer Brown (ATL - RB),Sun 1:00PM,SEA,"$4,000","$4,000",0
-,Gerrit Prince (KC - TE),Sun 4:25PM,@SF,"$4,000",-,-
-,Austin Watkins Jr. (PHI - WR),Sun 1:00PM,@NYG,"$4,000","$4,000",0
300,Blake Watson (DEN - RB),Thu 8:15PM,@NO,"$4,000","$4,000",0
19,Trevor Lawrence (JAC - QB),Sun 9:30AM,NE,"$7,000","$7,300",-300
260,Travis Etienne Jr. (JAC - RB),Sun 9:30AM,NE,"$7,200","$7,100",+100
-,Justyn Ross (KC - WR),Sun 4:25PM,@SF,"$4,000",-,-
68,Tee Higgins (CIN - WR),Sun 1:00PM,@CLE,"$7,800","$7,600",+200
-,Michael Woods II (CLE - WR),Sun 1:00PM,CIN,"$4,000","$4,000",0
403,Quintin Morris (BUF - TE),Sun 1:00PM,TEN,"$4,100","$4,300",-200
332,Daniel Bellinger (NYG - TE),Sun 1:00PM,PHI,"$4,400","$4,500",-100
-,Jesse Matthews (ATL - WR),Sun 1:00PM,SEA,"$4,000","$4,000",0
374,Dallin Holker (NO - TE),Thu 8:15PM,DEN,"$4,000","$4,000",0
-,Jaren Hall (SEA - QB),Sun 1:00PM,@ATL,"$6,000","$6,000",0
-,Zach Wilson (DEN - QB),Thu 8:15PM,@NO,"$6,000","$6,000",0
-,Dax Milne (LV - WR),Sun 4:05PM,@LAR,"$4,000","$4,000",0
118,Tyler Allgeier (ATL - RB),Sun 1:00PM,SEA,"$5,800","$5,400",+400
-,Troy Hairston II (HOU - RB),Sun 1:00PM,@GB,"$4,000","$4,000",0
-,Joel Wilson (NYG - TE),Sun 1:00PM,PHI,"$4,000","$4,000",0
-,Julian Hicks (GB - WR),Sun 1:00PM,HOU,"$4,000","$4,000",0
-,Kobe Lewis (SEA - RB),Sun 1:00PM,@ATL,"$4,000","$4,000",0
-,Cameron Latu (CLE - TE),Sun 1:00PM,CIN,"$4,000","$4,000",0
228,Jerome Ford (CLE - RB),Sun 1:00PM,CIN,"$5,900","$6,200",-300
113,Jerry Jeudy (CLE - WR),Sun 1:00PM,CIN,"$5,600","$5,700",-100
55,Brian Robinson Jr. (WAS - RB),Sun 4:05PM,CAR,"$8,000","$7,700",+300
-,Tua Tagovailoa (MIA - QB),Sun 1:00PM,@IND,"$6,000",-,-
104,Jaylen Waddle (MIA - WR),Sun 1:00PM,@IND,"$6,200",-,-
74,Najee Harris (PIT - RB),Sun 8:20PM,NYJ,"$7,000","$7,200",-200
66,DeVonta Smith (PHI - WR),Sun 1:00PM,@NYG,"$7,700","$7,300",+400
-,Tyrell Shavers (BUF - WR),Sun 1:00PM,TEN,"$4,000","$4,000",0
-,Mac Jones (JAC - QB),Sun 9:30AM,NE,"$6,000","$6,000",0
-,Griffin Hebert (PHI - TE),Sun 1:00PM,@NYG,"$4,000","$4,000",0
-,Clayton Tune (ARI - QB),Mon 9:00PM,LAC,"$6,000","$6,000",0
176,Calvin Austin III (PIT - WR),Sun 8:20PM,NYJ,"$4,900","$5,100",-200
211,Kenneth Gainwell (PHI - RB),Sun 1:00PM,@NYG,"$4,800","$4,900",-100
127,Antonio Gibson (NE - RB),Sun 9:30AM,@JAC,"$5,500","$5,500",0
-,Adrian Martinez (NYJ - QB),Sun 8:20PM,@PIT,"$6,000","$6,000",0
273,Brock Wright (DET - TE),Sun 1:00PM,@MIN,"$4,200","$4,300",-100
-,Kevin Austin Jr. (NO - WR),Thu 8:15PM,DEN,"$4,000","$4,000",0
-,Lawrence Keys III (BUF - WR),Sun 1:00PM,TEN,"$4,000","$4,000",0
288,Tommy Tremble (CAR - TE),Sun 4:05PM,@WAS,"$4,500","$4,500",0
-,Geor'Quarius Spivey (KC - TE),Sun 4:25PM,@SF,"$4,000",-,-
259,Hassan Haskins (LAC - RB),Mon 9:00PM,@ARI,"$4,200","$4,100",+100
-,Joe Milton III (NE - QB),Sun 9:30AM,@JAC,"$6,000","$6,000",0
366,Ronnie Bell (SF - WR),Sun 4:25PM,KC,"$4,000","$4,100",-100
-,Nico Collins (HOU - WR),Sun 1:00PM,@GB,"$4,000","$8,900","-4,900"
-,Donovan Peoples-Jones (DET - WR),Sun 1:00PM,@MIN,"$4,000","$4,000",0
-,Tarik Black (PIT - WR),Sun 8:20PM,NYJ,"$4,000","$4,000",0
-,Ben Mason (LAC - RB),Mon 9:00PM,@ARI,"$4,000","$4,000",0
-,McCallan Castles (LAC - TE),Mon 9:00PM,@ARI,"$4,000","$4,000",0
391,Jake Tonges (SF - TE),Sun 4:25PM,KC,"$4,000","$4,100",-100
-,Nikko Remigio (KC - WR),Sun 4:25PM,@SF,"$4,000",-,-
-,Jaylen Johnson (LAC - WR),Mon 9:00PM,@ARI,"$4,000","$4,000",0
201,Zamir White (LV - RB),Sun 4:05PM,@LAR,"$5,600","$5,500",+100
-,Stetson Bennett (LAR - QB),Sun 4:05PM,LV,"$6,000",-,-
126,Justin Fields (PIT - QB),Sun 8:20PM,NYJ,"$7,300","$7,600",-300
-,Matt Landers (NE - WR),Sun 9:30AM,@JAC,"$4,000","$4,000",0
-,John FitzPatrick (GB - TE),Sun 1:00PM,HOU,"$4,000","$4,000",0
56,James Cook (BUF - RB),Sun 1:00PM,TEN,"$7,900","$8,200",-300
-,Kearis Jackson (NYG - WR),Sun 1:00PM,PHI,"$4,000","$4,000",0
-,Jake Fromm (DET - QB),Sun 1:00PM,@MIN,"$6,000","$6,000",0
-,Deshaun Fenwick (NE - RB),Sun 9:30AM,@JAC,"$4,000","$4,000",0
86,Trey McBride (ARI - TE),Mon 9:00PM,LAC,"$6,700","$6,500",+200
-,Joshua Kelley (TEN - RB),Sun 1:00PM,@BUF,"$4,000","$4,000",0
-,Michael Ezeike (SEA - TE),Sun 1:00PM,@ATL,"$4,000","$4,000",0
-,Ethan Fernea (IND - WR),Sun 1:00PM,MIA,"$4,000","$4,000",0
-,Dorian Thompson-Robinson (CLE - QB),Sun 1:00PM,CIN,"$6,000","$6,000",0
-,Kyle Philips (PHI - WR),Sun 1:00PM,@NYG,"$4,000","$4,000",0
-,Chase Cota- DUP (NYG - WR),Sun 1:00PM,PHI,"$4,000","$4,000",0
-,Kazmeir Allen (WAS - WR),Sun 4:05PM,CAR,"$4,000","$4,000",0
294,Greg Dulcich (DEN - TE),Thu 8:15PM,@NO,"$4,100","$4,400",-300
258,Ronnie Rivers (LAR - RB),Sun 4:05PM,LV,"$4,900",-,-
264,Jordan Mims (NO - RB),Thu 8:15PM,DEN,"$4,100","$4,000",+100
-,Kenny Pickett (PHI - QB),Sun 1:00PM,@NYG,"$6,000","$6,000",0
-,Jaelon Darden (CLE - WR),Sun 1:00PM,CIN,"$4,000","$4,000",0
-,Jason Bean (IND - QB),Sun 1:00PM,MIA,"$6,000","$6,000",0
-,Marcus Jones (NE - WR),Sun 9:30AM,@JAC,"$4,000","$4,000",0
-,Malik Knowles (MIN - WR),Sun 1:00PM,DET,"$4,000",-,-
-,Phillip Brooks (KC - WR),Sun 4:25PM,@SF,"$4,000",-,-
-,Johnny Lumpkin (GB - TE),Sun 1:00PM,HOU,"$4,000","$4,000",0
-,Elijah Mitchell (SF - RB),Sun 4:25PM,KC,"$4,000","$4,000",0
-,Sean Ryan (BAL - WR),Mon 8:15PM,@TB,"$4,000","$4,000",0
-,David Martin-Robinson (TEN - TE),Sun 1:00PM,@BUF,"$4,000","$4,000",0
-,Keaontay Ingram (KC - RB),Sun 4:25PM,@SF,"$4,000",-,-
-,Sam Ehlinger (IND - QB),Sun 1:00PM,MIA,"$6,000","$6,000",0
408,Travis Vokolek (ARI - TE),Mon 9:00PM,LAC,"$4,000","$4,000",0
-,Isiah Pacheco (KC - RB),Sun 4:25PM,@SF,"$4,000",-,-
289,Raheem Blackshear (CAR - RB),Sun 4:05PM,@WAS,"$4,000","$4,000",0
229,Bo Melton (GB - WR),Sun 1:00PM,HOU,"$4,400","$4,600",-200
-,Zavier Scott (MIN - WR),Sun 1:00PM,DET,"$4,000",-,-
218,Jalen Nailor (MIN - WR),Sun 1:00PM,DET,"$5,200",-,-
293,Connor Heyward (PIT - TE),Sun 8:20PM,NYJ,"$4,100","$4,000",+100
-,Cody White (SEA - WR),Sun 1:00PM,@ATL,"$4,000","$4,000",0
-,Elijah Collins (CIN - RB),Sun 1:00PM,@CLE,"$4,000","$4,000",0
-,Rocky Lombardi (CIN - QB),Sun 1:00PM,@CLE,"$6,000","$6,000",0
-,Jordan Travis (NYJ - QB),Sun 8:20PM,@PIT,"$6,000","$6,000",0
-,Marcus Riley (NYJ - WR),Sun 8:20PM,@PIT,"$4,000","$4,000",0
-,Tyler Harrell (NYJ - WR),Sun 8:20PM,@PIT,"$4,000","$4,000",0
-,Malik Cunningham (BAL - QB),Mon 8:15PM,@TB,"$6,000","$6,000",0
128,Tutu Atwell (LAR - WR),Sun 4:05PM,LV,"$5,800",-,-
-,Hassan Hall (ARI - RB),Mon 9:00PM,LAC,"$4,000","$4,000",0
-,Jack Colletto (PIT - RB),Sun 8:20PM,NYJ,"$4,000","$4,000",0
-,Jermar Jefferson (DET - RB),Sun 1:00PM,@MIN,"$4,000","$4,000",0
405,Teagan Quitoriano (HOU - TE),Sun 1:00PM,@GB,"$4,000","$4,000",0
370,Isaiah Hodgins (NYG - WR),Sun 1:00PM,PHI,"$4,000","$4,000",0
343,Hunter Long (LAR - TE),Sun 4:05PM,LV,"$4,300",-,-
-,E.J. Perry (JAC - QB),Sun 9:30AM,NE,"$6,000","$6,000",0
-,AJ Dillon (GB - RB),Sun 1:00PM,HOU,"$4,000","$4,000",0
-,Deon Jackson (NYJ - RB),Sun 8:20PM,@PIT,"$4,000","$4,000",0
257,Noah Gray (KC - TE),Sun 4:25PM,@SF,"$4,700",-,-
253,Jake Bobo (SEA - WR),Sun 1:00PM,@ATL,"$4,200","$4,300",-100
-,Sam Pinckney (CAR - WR),Sun 4:05PM,@WAS,"$4,000","$4,000",0
45,Aidan O'Connell (LV - QB),Sun 4:05PM,@LAR,"$6,500","$6,500",0
339,Payne Durham (TB - TE),Mon 8:15PM,BAL,"$4,100","$4,100",0
-,Rondale Moore (ATL - WR),Sun 1:00PM,SEA,"$4,000","$4,000",0
-,Jack Plummer (CAR - QB),Sun 4:05PM,@WAS,"$6,000","$6,000",0
-,Antoine Green (DET - WR),Sun 1:00PM,@MIN,"$4,000","$4,000",0
248,Dyami Brown (WAS - WR),Sun 4:05PM,CAR,"$4,800","$4,800",0
-,Michael Carter (ARI - RB),Mon 9:00PM,LAC,"$4,000","$4,000",0
-,British Brooks (HOU - RB),Sun 1:00PM,@GB,"$4,000","$4,100",-100
87,Javonte Williams (DEN - RB),Thu 8:15PM,@NO,"$5,800","$5,900",-100
-,Easop Winston Jr. (SEA - WR),Sun 1:00PM,@ATL,"$4,000","$4,000",0
-,Thayer Thomas (MIN - WR),Sun 1:00PM,DET,"$4,000",-,-
-,Trent Pennix (IND - RB),Sun 1:00PM,MIA,"$4,000","$4,000",0
-,Ricky Person Jr. (SEA - RB),Sun 1:00PM,@ATL,"$4,000","$4,000",0
-,Devin Leary (BAL - QB),Mon 8:15PM,@TB,"$6,000","$6,000",0
-,Devin Carter (CAR - WR),Sun 4:05PM,@WAS,"$4,000","$4,000",0
341,DeeJay Dallas (ARI - RB),Mon 9:00PM,LAC,"$4,000","$4,000",0
-,Brevin Jordan (HOU - TE),Sun 1:00PM,@GB,"$4,000","$4,000",0
-,Robert Burns (ATL - RB),Sun 1:00PM,SEA,"$4,000","$4,000",0
302,Will Mallory (IND - TE),Sun 1:00PM,MIA,"$4,000","$4,000",0
-,Lorenzo Lingard (NYG - RB),Sun 1:00PM,PHI,"$4,000","$4,000",0
-,Henry Pearson (GB - RB),Sun 1:00PM,HOU,"$4,000","$4,000",0
-,Cole Turner (WAS - TE),Sun 4:05PM,CAR,"$4,000","$4,000",0
-,Elijah Cooks (JAC - WR),Sun 9:30AM,NE,"$4,000","$4,000",0
91,Romeo Doubs (GB - WR),Sun 1:00PM,HOU,"$6,000","$5,700",+300
-,Andrew Peasley (NYJ - QB),Sun 8:20PM,@PIT,"$6,000","$6,000",0
-,Deven Thompkins (CAR - WR),Sun 4:05PM,@WAS,"$4,000","$4,000",0
137,Gabe Davis (JAC - WR),Sun 9:30AM,NE,"$5,900","$5,800",+100
213,Emari Demercado (ARI - RB),Mon 9:00PM,LAC,"$4,800","$4,600",+200
308,Derius Davis (LAC - WR),Mon 9:00PM,@ARI,"$4,300","$4,000",+300
-,Jalen Reagor (LAC - WR),Mon 9:00PM,@ARI,"$4,000","$4,000",0
-,Nathan Rourke (ATL - QB),Sun 1:00PM,SEA,"$6,000","$6,000",0
-,Jarveon Howard (GB - RB),Sun 1:00PM,HOU,"$4,000","$4,000",0
-,Tommy DeVito (NYG - QB),Sun 1:00PM,PHI,"$6,000","$6,000",0
-,Deneric Prince (MIA - RB),Sun 1:00PM,@IND,"$4,000",-,-
-,Jacob Kibodi (NO - RB),Thu 8:15PM,DEN,"$4,000","$4,000",0
-,Jashaun Corbin (NYG - RB),Sun 1:00PM,PHI,"$4,000","$4,000",0
-,Tyler Badie (DEN - RB),Thu 8:15PM,@NO,"$4,000","$4,100",-100
-,Messiah Swinson (GB - TE),Sun 1:00PM,HOU,"$4,000","$4,000",0
-,Sam Wiglusz (LAR - WR),Sun 4:05PM,LV,"$4,000",-,-
-,Xavier Johnson (HOU - WR),Sun 1:00PM,@GB,"$4,000","$4,000",0
-,Ryan Miller (TB - TE),Mon 8:15PM,BAL,"$4,000","$4,000",0
-,D.J. Montgomery (IND - WR),Sun 1:00PM,MIA,"$4,000","$4,000",0
-,Montrell Washington (KC - WR),Sun 4:25PM,@SF,"$4,000",-,-
-,Nick Muse (MIN - TE),Sun 1:00PM,DET,"$4,000",-,-
-,Owen Wright (BAL - RB),Mon 8:15PM,@TB,"$4,000","$4,000",0
-,Keelan Doss (LV - WR),Sun 4:05PM,@LAR,"$4,000","$4,000",0
