FirstName,LastName,Team,Position,This Week,Last Week,Difference
Metchie,III,HOU,WR,"$4,400","$4,300",+100
Ricky,Pearsall,SF,WR,"$4,800","$4,000",+800
Joseph,Ngata,PHI,WR,"$4,000","$4,000",0
Anthony,Gould,IND,WR,"$4,000","$4,000",0
Trey,Palmer,TB,WR,"$4,100","$4,200",-100
Ramel,Keyton,LV,WR,"$4,000","$4,000",0
Puka,Nacua,LAR,WR,"$4,000",-,-
Jordan,Whittington,LAR,WR,"$5,300",-,-
Ahmarean,Brown,BUF,WR,"$4,000","$4,000",0
Tre,Mosley,CIN,WR,"$4,000","$4,000",0
Devaughn,Vele,DEN,WR,"$4,700","$4,000",+700
Dale,Robinson,NYG,WR,"$6,600","$6,300",+300
Luke,McCaffrey,WAS,WR,"$4,300","$4,500",-200
Garrett,Wilson,NYJ,WR,"$7,400","$7,800",-400
Tre,Tucker,LV,WR,"$5,500","$5,400",+100
Davion,Davis,WAS,WR,"$4,000","$4,000",0
Ashton,Dulin,IND,WR,"$4,200","$4,300",-100
Deonte,Harty,BAL,WR,"$4,000","$4,000",0
Malik,Taylor,NYJ,WR,"$4,000","$4,000",0
Jeff,Foreman,LV,WR,"$4,000","$4,000",0
Tom,Kennedy,DET,WR,"$4,000","$4,000",0
Gunner,Olszewski,NYG,WR,"$4,000","$4,000",0
Quan,Jackson,TEN,WR,"$4,000","$4,000",0
George,Pickens,PIT,WR,"$6,000","$6,200",-200
Treylon,Burks,TEN,WR,"$4,600","$4,500",+100
Dontayvion,Wicks,GB,WR,"$5,600","$6,000",-400
Dayton,Wade,BAL,WR,"$4,000","$4,000",0
Tahj,Washington,MIA,WR,"$4,000",-,-
Jalon,Calhoun,DET,WR,"$4,000","$4,000",0
Malik,Washington,MIA,WR,"$4,100",-,-
Terique,Owens,SF,WR,"$4,000","$4,000",0
Rashee,Rice,KC,WR,"$4,000",-,-
Jameson,Williams,DET,WR,"$6,500","$6,300",+200
DeMario,Douglas,NE,WR,"$5,000","$5,000",0
Tayvion,Robinson,CAR,WR,"$4,000","$4,000",0
Casey,Washington,ATL,WR,"$4,000","$4,000",0
Isaiah,Williams,DET,WR,"$4,000","$4,000",0
Skyy,Moore,KC,WR,"$4,300",-,-
Jared,Wayne,HOU,WR,"$4,000","$4,000",0
Jonathan,Mingo,CAR,WR,"$5,200","$5,300",-100
Zay,Flowers,BAL,WR,"$7,300","$7,200",+100
Xavier,Gipson,NYJ,WR,"$4,200","$4,200",0
Lincoln,Victor,DEN,WR,"$4,000","$4,000",0
Xavier,White,IND,WR,"$4,000","$4,000",0
Joshua,Cephus,JAC,WR,"$4,000","$4,000",0
Isaiah,Washington,BAL,WR,"$4,000","$4,000",0
Drake,London,ATL,WR,"$7,500","$7,400",+100
Jamari,Thrash,CLE,WR,"$4,000","$4,000",0
Xavier,Smith,LAR,WR,"$4,100",-,-
Ainias,Smith,PHI,WR,"$4,000","$4,000",0
David,Bell,CLE,WR,"$4,000","$4,000",0
Xavier,Legette,CAR,WR,"$5,900","$5,900",0
Xavier,Weaver,ARI,WR,"$4,000","$4,000",0
Jacob,Cowing,SF,WR,"$4,000","$4,000",0
Cornelius,Johnson,GB,WR,"$4,000","$4,000",0
Ty,James,MIN,WR,"$4,000",-,-
Shaquan,Davis,PIT,WR,"$4,000","$4,000",0
Isaiah,Wooden,LAC,WR,"$4,000","$4,000",0
Isaiah,Winstead,NYJ,WR,"$4,000","$4,000",0
Kayshon,Boutte,NE,WR,"$4,600","$4,600",0
Johnny,Wilson,PHI,WR,"$4,600","$4,800",-200
Xavier,Hutchinson,HOU,WR,"$5,300","$4,900",+400
Jalen,McMillan,TB,WR,"$4,900","$4,500",+400
Quentin,Johnston,LAC,WR,"$5,800","$5,800",0
Lynn,Polk,NE,WR,"$4,700","$4,700",0
Mitchell,Tinsley,WAS,WR,"$4,000","$4,000",0
Malachi,Corley,NYJ,WR,"$4,000","$4,000",0
Jordan,Addison,MIN,WR,"$6,300",-,-
Tank,Dell,HOU,WR,"$7,000","$6,700",+300
Josh,Downs,IND,WR,"$6,400","$6,100",+300
Kristian,Wilkerson,LV,WR,"$4,000","$4,000",0
Mason,Kinsey,TEN,WR,"$4,000","$4,000",0
Ladd,McConkey,LAC,WR,"$5,900","$5,800",+100
Marcus,Rosemy,PHI,WR,"$4,000","$4,000",0
Jermaine,Burton,CIN,WR,"$4,700","$4,400",+300
Brenden,Rice,LAC,WR,"$4,000","$4,100",-100
Rakim,Jarrett,TB,WR,"$4,000","$4,000",0
Danny,Gray,PHI,WR,"$4,000","$4,000",0
Parker,Washington,JAC,WR,"$4,600","$4,500",+100
Roman,Wilson,PIT,WR,"$4,100","$4,200",-100
Jason,Brownlee,NYJ,WR,"$4,000","$4,000",0
Javon,Baker,NE,WR,"$4,000","$4,000",0
Malik,Heath,GB,WR,"$4,300","$4,700",-400
Tulu,Griffin,CLE,WR,"$4,000","$4,000",0
Jalin,Hyatt,NYG,WR,"$4,300","$4,200",+100
Raleigh,Webb,TB,WR,"$4,000","$4,000",0
Chris,Blair,ATL,WR,"$4,000","$4,000",0
Mike,Strachan,CAR,WR,"$4,000","$4,000",0
Malik,Nabers,NYG,WR,"$8,300","$8,000",+300
Adonai,Mitchell,IND,WR,"$4,900","$5,000",-100
Troy,Franklin,DEN,WR,"$5,000","$4,600",+400
Quan,Burton,MIA,WR,"$4,000",-,-
Michael,Bandy,DEN,WR,"$4,000","$4,000",0
Tejhaun,Palmer,ARI,WR,"$4,000","$4,000",0
Devontez,Walker,BAL,WR,"$4,000","$4,000",0
Keon,Coleman,BUF,WR,"$5,900","$5,400",+500
Grant,DuBose,MIA,WR,"$4,000",-,-
Daylen,Baldwin,ARI,WR,"$4,000","$4,000",0
Xavier,Worthy,KC,WR,"$7,300",-,-
Jadon,Janke,MIA,WR,"$4,000",-,-
Jaxon,Janke,HOU,WR,"$4,000","$4,000",0
DeAndre,Hopkins,TEN,WR,"$5,600","$5,800",-200
Joseph,Scates,JAC,WR,"$4,000","$4,000",0
Reggie,Brown,KC,WR,"$4,000",-,-
Latreal,Jones,TB,WR,"$4,000","$4,000",0
Christian,Watson,GB,WR,"$5,900","$5,700",+200
Dareke,Young,SEA,WR,"$4,000","$4,000",0
Lance,McCutcheon,PIT,WR,"$4,000","$4,000",0
Dee,Williams,SEA,WR,"$4,000","$4,000",0
Kaden,Davis,DEN,WR,"$4,000","$4,000",0
Tyreik,McAllister,LV,WR,"$4,300","$4,000",+300
Dennis,Houston,NYG,WR,"$4,000","$4,000",0
Rashid,Shaheed,NO,WR,"$6,800","$6,400",+400
Qadir,Ismail,BAL,WR,"$4,000","$4,000",0
Ayir,Asante,NYG,WR,"$4,000","$4,000",0
Johnson,III,LAC,WR,"$4,000","$4,000",0
Andrei,Iosivas,CIN,WR,"$5,500","$5,300",+200
Colton,Dowell,TEN,WR,"$4,000","$4,000",0
Keilahn,Harris,PIT,WR,"$4,000","$4,000",0
TJ,Luther,GB,WR,"$4,000","$4,000",0
JaQuae,Jackson,NE,WR,"$4,000","$4,000",0
Devron,Harper,MIN,WR,"$4,000",-,-
Mason,Tipton,NO,WR,"$4,900","$4,600",+300
Jermaine,Jackson,NO,WR,"$4,000","$4,000",0
Kyle,Sheets,KC,WR,"$4,000",-,-
Wayne,Ruby,JAC,WR,"$4,000","$4,000",0
Brevin,Easton,JAC,WR,"$4,000","$4,000",0
JJ,Laap,LAR,WR,"$4,000",-,-
Hayden,Hatten,SEA,WR,"$4,000","$4,000",0
Jaaron,Hayek,KC,WR,"$4,000",-,-
Kameron,Johnson,TB,WR,"$4,100","$4,300",-200
Jalen,Coker,CAR,WR,"$4,200","$4,000",+200
John,Jiles,NE,WR,"$4,000","$4,000",0
Cole,Burgess,CIN,WR,"$4,000","$4,000",0
Sam,Schnee,TEN,WR,"$4,000","$4,000",0
David,Wallis,NE,WR,"$4,000","$4,000",0
Derek,Slywka,IND,WR,"$4,000","$4,000",0
Praise,Olatoke,CAR,WR,"$4,000","$4,000",0
Martavis,Bryant,WAS,WR,"$4,000","$4,000",0
Jamison,Crowder,WAS,WR,"$4,000","$4,000",0
Stefon,Diggs,HOU,WR,"$8,600","$8,000",+600
Mack,Hollins,BUF,WR,"$5,200","$5,300",-100
Dorsett,II,DEN,WR,"$4,000","$4,000",0
Robbie,Chosen,MIA,WR,"$4,000",-,-
Tyler,Lockett,SEA,WR,"$5,800","$6,000",-200
Sterling,Shepard,TB,WR,"$5,000","$4,900",+100
Robinson,II,DET,WR,"$4,000","$4,000",0
Nelson,Agholor,BAL,WR,"$4,700","$4,900",-200
Robert,Woods,HOU,WR,"$5,100","$5,000",+100
Chris,Conley,SF,WR,"$4,200","$4,400",-200
Damiere,Byrd,BUF,WR,"$4,000","$4,000",0
Jordan,Matthews,CAR,WR,"$4,000","$4,000",0
Amari,Cooper,BUF,WR,"$6,100","$6,200",-100
Mike,Evans,TB,WR,"$8,000","$8,200",-200
Chris,Moore,ARI,WR,"$4,000","$4,100",-100
Demarcus,Robinson,LAR,WR,"$5,500",-,-
Adam,Thielen,CAR,WR,"$5,000","$5,000",0
Mike,Williams,NYJ,WR,"$5,400","$5,400",0
Greg,Ward,IND,WR,"$4,000","$4,000",0
Tyler,Boyd,TEN,WR,"$4,900","$5,000",-100
Zay,Jones,ARI,WR,"$5,200","$4,000","+1,200"
John,Ross,PHI,WR,"$4,000","$4,000",0
Laquon,Treadwell,IND,WR,"$4,000","$4,000",0
Anthony,Miller,BAL,WR,"$4,000","$4,000",0
River,Cracraft,MIA,WR,"$4,000",-,-
Trent,Taylor,SF,WR,"$4,000","$4,100",-100
Snead,IV,MIA,WR,"$4,000",-,-
Davante,Adams,NYJ,WR,"$6,900","$7,000",-100
Keith,Kirkwood,BAL,WR,"$4,000","$4,000",0
Brandon,Powell,MIN,WR,"$4,600",-,-
Braxton,Berrios,MIA,WR,"$4,200",-,-
Curtis,Samuel,BUF,WR,"$5,100","$5,400",-300
Russell,Gage,BAL,WR,"$4,000","$4,000",0
Josh,Reynolds,DEN,WR,"$4,900","$4,900",0
Zach,Pascal,ARI,WR,"$4,200","$4,000",+200
Isaiah,McKenzie,NYG,WR,"$4,000","$4,000",0
Tyreek,Hill,MIA,WR,"$7,900",-,-
Cam,Sims,CAR,WR,"$4,000","$4,000",0
Malik,Turner,SF,WR,"$4,000","$4,000",0
Cody,Thompson,TB,WR,"$4,000","$4,000",0
Chris,Godwin,TB,WR,"$7,900","$7,500",+400
James,Washington,ATL,WR,"$4,000","$4,000",0
Juwann,Winfree,IND,WR,"$4,000","$4,000",0
Noah,Brown,WAS,WR,"$5,000","$4,700",+300
Terry,McLaurin,WAS,WR,"$7,200","$6,800",+400
Parris,Campbell,PHI,WR,"$5,000","$5,200",-200
Allen,Lazard,NYJ,WR,"$5,700","$5,800",-100
Tim,Patrick,DET,WR,"$4,800","$4,600",+200
Quan,Smith,DET,WR,"$4,000","$4,000",0
Courtland,Sutton,DEN,WR,"$5,700","$5,600",+100
Andre,Baccellia,ARI,WR,"$4,000","$4,000",0
Blake,Lynch,LAC,WR,"$4,000","$4,000",0
Christian,Kirk,JAC,WR,"$6,100","$6,200",-100
Scotty,Miller,PIT,WR,"$4,300","$4,400",-100
Sills,V,DEN,WR,"$4,000","$4,000",0
Jauan,Jennings,SF,WR,"$5,300","$5,500",-200
Deon,Cain,CAR,WR,"$4,000","$4,000",0
McCloud,III,ATL,WR,"$5,500","$5,600",-100
Proche,II,CLE,WR,"$4,000","$4,000",0
Andy,Isabella,BUF,WR,"$4,000","$4,000",0
Jakobi,Meyers,LV,WR,"$5,800","$5,700",+100
Darius,Slayton,NYG,WR,"$6,000","$5,900",+100
Lucky,Jackson,MIN,WR,"$4,000",-,-
Britain,Covey,PHI,WR,"$4,500","$5,000",-500
Hakeem,Butler,CIN,WR,"$4,000","$4,000",0
Jeff,Smith,ARI,WR,"$4,000","$4,000",0
Irvin,Charles,NYJ,WR,"$4,000","$4,000",0
Dan,Chisena,ARI,WR,"$4,000","$4,000",0
Olamide,Zaccheaus,WAS,WR,"$4,700","$5,100",-400
Calvin,Ridley,TEN,WR,"$5,700","$6,000",-300
Van,Jefferson,PIT,WR,"$4,800","$4,800",0
Scotty,Washington,BAL,WR,"$4,000","$4,000",0
Alex,Bachman,LV,WR,"$4,200","$4,000",+200
Miles,Boykin,SEA,WR,"$4,000","$4,000",0
Jalen,Guyton,LV,WR,"$4,000","$4,000",0
Trenton,Irwin,CIN,WR,"$4,000","$4,000",0
Maurice,Alexander,DET,WR,"$4,000","$4,000",0
Diontae,Johnson,CAR,WR,"$7,100","$6,900",+200
Austin,Mack,ATL,WR,"$4,000","$4,000",0
Tyler,Johnson,LAR,WR,"$4,500",-,-
Keal,Harry,MIN,WR,"$4,000",-,-
Byron,Pringle,WAS,WR,"$4,000","$4,000",0
Greg,Dortch,ARI,WR,"$5,400","$4,900",+500
Jalen,Virgil,BUF,WR,"$4,000","$4,000",0
Darnell,Mooney,ATL,WR,"$6,300","$6,500",-200
Cornell,Powell,KC,WR,"$4,000",-,-
Kalif,Raymond,DET,WR,"$4,400","$4,500",-100
Frank,Darby,SF,WR,"$4,000","$4,000",0
Jalen,Camp,CLE,WR,"$4,000","$4,000",0
Jordan,Humphrey,DEN,WR,"$4,800","$4,900",-100
Devin,Duvernay,JAC,WR,"$4,300","$4,200",+100
Ben,Skowronek,PIT,WR,"$4,000","$4,000",0
Brandon,Johnson,PIT,WR,"$4,000","$4,000",0
Marquez,Callaway,NO,WR,"$4,000","$4,000",0
Tyrie,Cleveland,IND,WR,"$4,000","$4,000",0
DJ,Turner,LV,WR,"$4,800","$4,500",+300
Dez,Fitzpatrick,LAC,WR,"$4,000","$4,000",0
Kendric,Pryor,CIN,WR,"$4,000","$4,000",0
Quintez,Cephus,LAR,WR,"$4,000",-,-
Dee,Eskridge,MIA,WR,"$4,000",-,-
Lassiter,II,CIN,WR,"$4,000","$4,000",0
Denzel,Mims,JAC,WR,"$4,000","$4,000",0
Trishton,Jackson,MIN,WR,"$4,000",-,-
DK,Metcalf,SEA,WR,"$8,100","$8,300",-200
Samson,Nacua,NO,WR,"$4,000","$4,000",0
Chase,Claypool,BUF,WR,"$4,000","$4,000",0
Quez,Watkins,PIT,WR,"$4,000","$4,000",0
Cooper,Kupp,LAR,WR,"$8,000",-,-
David,Moore,CAR,WR,"$4,400","$4,100",+300
Kendrick,Bourne,NE,WR,"$4,800","$4,800",0
Justin,Watson,KC,WR,"$5,400",-,-
Daurice,Fountain,DET,WR,"$4,000","$4,000",0
KhaDarel,Hodge,ATL,WR,"$4,500","$4,600",-100
Justin,Jefferson,MIN,WR,"$9,400",-,-
Jontre,Kirklin,SF,WR,"$4,000","$4,000",0
Marr,Chase,CIN,WR,"$9,300","$9,500",-200
Jaray,Jenkins,PIT,WR,"$4,000","$4,000",0
Brandon,Aiyuk,SF,WR,"$6,800","$7,000",-200
Rashod,Bateman,BAL,WR,"$5,600","$5,500",+100
Kyric,McGowan,MIA,WR,"$4,000",-,-
Kadarius,Toney,CLE,WR,"$4,000","$4,000",0
Jacob,Copeland,PIT,WR,"$4,000","$4,000",0
Brandon,Smith,NYJ,WR,"$4,000","$4,000",0
KJ,Hamler,BUF,WR,"$4,000","$4,000",0
Justin,Shorter,LV,WR,"$4,000","$4,000",0
Jahan,Dotson,PHI,WR,"$5,100","$5,600",-500
Alec,Pierce,IND,WR,"$5,700","$5,800",-100
Khalil,Shakir,BUF,WR,"$6,200","$6,200",0
Erik,Ezukanma,MIA,WR,"$4,000",-,-
Drake,Stoops,LAR,WR,"$4,000",-,-
Marquise,Brown,KC,WR,"$4,000",-,-
Tanner,Knue,TB,WR,"$4,000","$4,000",0
Dylan,Drummond,ATL,WR,"$4,000","$4,000",0
Terrell,Bynum,LV,WR,"$4,000","$4,000",0
Bryce,Oliver,TEN,WR,"$4,000","$4,000",0
Josh,Ali,ATL,WR,"$4,000","$4,000",0
Bryan,Thompson,BUF,WR,"$4,000","$4,000",0
Joshua,Palmer,LAC,WR,"$5,200","$5,100",+100
Cedric,Tillman,CLE,WR,"$4,000","$4,100",-100
Tylan,Wallace,BAL,WR,"$4,300","$4,400",-100
Sage,Surratt,ARI,WR,"$4,000","$4,000",0
Anthony,Schwartz,MIA,WR,"$4,000",-,-
Shedrick,Jackson,CIN,WR,"$4,000","$4,000",0
Chris,Olave,NO,WR,"$6,900","$7,100",-200
Jaelen,Gill,LAC,WR,"$4,000","$4,000",0
Daniel,Arias,ARI,WR,"$4,000","$4,000",0
Dimitri,Stanley,GB,WR,"$4,000","$4,000",0
Jeshaun,Jones,MIN,WR,"$4,000",-,-
Daewood,Davis,CAR,WR,"$4,000","$4,000",0
Johnson,III,HOU,WR,"$4,000","$4,000",0
Kawaan,Baker,NE,WR,"$4,000","$4,000",0
Johnson,III,TB,WR,"$4,000","$4,000",0
Jalen,Wayne,GB,WR,"$4,000","$4,000",0
Elijah,Moore,CLE,WR,"$4,600","$4,700",-100
Braylon,Sanders,MIA,WR,"$4,000",-,-
Austin,Trammell,JAC,WR,"$4,000","$4,000",0
Charlie,Jones,CIN,WR,"$4,200","$4,200",0
Justin,Hall,MIN,WR,"$4,000",-,-
Tyquan,Thornton,NE,WR,"$4,300","$4,300",0
Shaun,Harrison,TEN,WR,"$4,000","$4,000",0
Tim,Jones,JAC,WR,"$4,100","$4,100",0
Jayden,Reed,GB,WR,"$7,600","$7,700",-100
Michael,Wilson,ARI,WR,"$6,300","$5,900",+400
Simi,Fehoko,LAC,WR,"$4,700","$4,200",+500
Brycen,Tremayne,WAS,WR,"$4,000","$4,200",-200
Justyn,Ross,KC,WR,"$4,000",-,-
Tee,Higgins,CIN,WR,"$7,800","$7,600",+200
Woods,II,CLE,WR,"$4,000","$4,000",0
Jesse,Matthews,ATL,WR,"$4,000","$4,000",0
Dax,Milne,LV,WR,"$4,000","$4,000",0
Julian,Hicks,GB,WR,"$4,000","$4,000",0
Jerry,Jeudy,CLE,WR,"$5,600","$5,700",-100
Jaylen,Waddle,MIA,WR,"$6,200",-,-
DeVonta,Smith,PHI,WR,"$7,700","$7,300",+400
Tyrell,Shavers,BUF,WR,"$4,000","$4,000",0
Austin,III,PIT,WR,"$4,900","$5,100",-200
Keys,III,BUF,WR,"$4,000","$4,000",0
Ronnie,Bell,SF,WR,"$4,000","$4,100",-100
Nico,Collins,HOU,WR,"$4,000","$8,900","-4,900"
Tarik,Black,PIT,WR,"$4,000","$4,000",0
Nikko,Remigio,KC,WR,"$4,000",-,-
Jaylen,Johnson,LAC,WR,"$4,000","$4,000",0
Matt,Landers,NE,WR,"$4,000","$4,000",0
Kearis,Jackson,NYG,WR,"$4,000","$4,000",0
Ethan,Fernea,IND,WR,"$4,000","$4,000",0
Kyle,Philips,PHI,WR,"$4,000","$4,000",0
Kazmeir,Allen,WAS,WR,"$4,000","$4,000",0
Jaelon,Darden,CLE,WR,"$4,000","$4,000",0
Marcus,Jones,NE,WR,"$4,000","$4,000",0
Malik,Knowles,MIN,WR,"$4,000",-,-
Phillip,Brooks,KC,WR,"$4,000",-,-
Sean,Ryan,BAL,WR,"$4,000","$4,000",0
Bo,Melton,GB,WR,"$4,400","$4,600",-200
Zavier,Scott,MIN,WR,"$4,000",-,-
Jalen,Nailor,MIN,WR,"$5,200",-,-
Cody,White,SEA,WR,"$4,000","$4,000",0
Marcus,Riley,NYJ,WR,"$4,000","$4,000",0
Tyler,Harrell,NYJ,WR,"$4,000","$4,000",0
Tutu,Atwell,LAR,WR,"$5,800",-,-
Isaiah,Hodgins,NYG,WR,"$4,000","$4,000",0
Jake,Bobo,SEA,WR,"$4,200","$4,300",-100
Sam,Pinckney,CAR,WR,"$4,000","$4,000",0
Rondale,Moore,ATL,WR,"$4,000","$4,000",0
Antoine,Green,DET,WR,"$4,000","$4,000",0
Dyami,Brown,WAS,WR,"$4,800","$4,800",0
Thayer,Thomas,MIN,WR,"$4,000",-,-
Devin,Carter,CAR,WR,"$4,000","$4,000",0
Elijah,Cooks,JAC,WR,"$4,000","$4,000",0
Romeo,Doubs,GB,WR,"$6,000","$5,700",+300
Deven,Thompkins,CAR,WR,"$4,000","$4,000",0
Gabe,Davis,JAC,WR,"$5,900","$5,800",+100
Derius,Davis,LAC,WR,"$4,300","$4,000",+300
Jalen,Reagor,LAC,WR,"$4,000","$4,000",0
Sam,Wiglusz,LAR,WR,"$4,000",-,-
Xavier,Johnson,HOU,WR,"$4,000","$4,000",0
Montrell,Washington,KC,WR,"$4,000",-,-
Keelan,Doss,LV,WR,"$4,000","$4,000",0
