season,season_type,week,player_id,player_name,position,position_group,recent_team,opponent_team,fantasy_points,fantasy_points_ppr,receptions,targets,receiving_yards,receiving_tds,receiving_fumbles,receiving_fumbles_lost,receiving_air_yards,receiving_yards_after_catch,receiving_first_downs,receiving_epa,receiving_2pt_conversions,racr,target_share,air_yards_share,wopr
2023,REG,13,00-0033858,J.Smith,TE,TE,ATL,NYJ,1.0,3.0,2,3,10.0,0,0.0,0.0,9.0,5.0,1.0,0.18454094,0,1.1111112,0.12,0.034749035,0.20432432
2023,REG,13,00-0036970,K.Pitts,TE,TE,ATL,NYJ,5.1,9.1,4,8,51.0,0,0.0,0.0,106.0,1.0,4.0,3.3387764,0,0.4811321,0.32,0.4092664,0.76648647
2023,REG,13,00-0038996,T.Kraft,TE,TE,GB,KC,3.7,6.7,3,6,37.0,0,0.0,0.0,21.0,26.0,2.0,1.2363354,0,1.7619047,0.17142858,0.07865169,0.31219903
2023,REG,13,00-0036040,J.Johnson,TE,TE,NO,DET,0.0,0.0,0,3,0.0,0,0.0,0.0,16.0,0.0,0.0,-8.456953,0,0.0,0.10344828,0.062992126,0.1992669
2023,REG,13,00-0038394,W.Mallory,TE,TE,IND,TEN,0.4,2.4,2,4,4.0,0,0.0,0.0,16.0,1.0,0.0,0.3873592,0,0.25,0.09756097,0.052117262,0.18282355
2023,REG,13,00-0036887,L.Farrell,TE,TE,JAX,CIN,0.9,1.9,1,1,9.0,0,0.0,0.0,4.0,5.0,0.0,0.7458128,0,2.25,0.025641026,0.009111618,0.04483967
2023,REG,13,00-0035259,T.Wesco,TE,TE,TEN,IND,0.0,0.0,0,1,0.0,0,0.0,0.0,0.0,0.0,0.0,-0.71102124,0,,0.030303031,0.0,0.045454547
2023,REG,13,00-0034159,W.Dissly,TE,TE,SEA,DAL,0.0,0.0,0,2,0.0,0,0.0,0.0,9.0,0.0,0.0,-1.2719814,0,0.0,0.05263158,0.036885247,0.10476704
2023,REG,13,00-0033110,T.Higbee,TE,TE,LA,CLE,3.5,5.5,2,4,35.0,0,0.0,0.0,13.0,27.0,2.0,1.6695317,0,2.6923077,0.11764706,0.04779412,0.20992647
2023,REG,13,00-0038589,J.Whyle,TE,TE,TEN,IND,1.6,2.6,1,2,16.0,0,0.0,0.0,12.0,13.0,1.0,0.61605585,0,1.3333334,0.060606062,0.040955633,0.11957803
2023,REG,13,00-0038041,J.Ferguson,TE,TE,DAL,SEA,13.7,19.7,6,8,77.0,1,0.0,0.0,21.0,60.0,5.0,8.361645,0,3.6666667,0.2,0.09170306,0.36419213
2023,REG,13,00-0035644,N.Fant,TE,TE,SEA,DAL,4.3,7.3,3,4,43.0,0,0.0,0.0,34.0,12.0,2.0,1.7281574,0,1.2647059,0.10526316,0.13934426,0.25543573
2023,REG,13,00-0037078,C.Turner,TE,TE,WAS,MIA,0.2,1.2,1,1,2.0,0,0.0,0.0,0.0,2.0,0.0,-1.4650614,0,0.0,0.045454547,0.0,0.06818182
2023,REG,13,00-0034981,F.Moreau,TE,TE,NO,DET,2.8,4.8,2,2,28.0,0,0.0,0.0,9.0,19.0,1.0,2.0468142,0,3.1111112,0.06896552,0.035433073,0.12825142
2023,REG,13,00-0039041,E.Higgins,TE,TE,ARI,PIT,2.1,3.1,1,2,21.0,0,0.0,0.0,10.0,16.0,1.0,0.93561226,0,2.1,0.08695652,0.057803467,0.17089722
2023,REG,13,00-0036894,P.Freiermuth,TE,TE,PIT,ARI,2.9,5.9,3,5,29.0,0,0.0,0.0,15.0,15.0,3.0,1.4233799,0,1.9333333,0.18518518,0.06726457,0.324863
2023,REG,13,00-0035631,D.Sample,TE,TE,CIN,JAX,1.1,2.1,1,1,11.0,0,0.0,0.0,11.0,0.0,1.0,1.4968578,0,1.0,0.027027028,0.07692308,0.0943867
2023,REG,13,00-0037292,A.Ogletree,TE,TE,IND,TEN,0.0,0.0,0,1,0.0,0,0.0,0.0,2.0,0.0,0.0,-0.78973037,0,0.0,0.024390243,0.0065146578,0.041145626
2023,REG,13,00-0035329,D.Parham,TE,TE,LAC,NE,1.2,3.2,2,4,12.0,0,0.0,0.0,44.0,2.0,0.0,-1.7000356,0,0.27272728,0.11111111,0.1641791,0.28159204
2023,REG,13,00-0038720,J.Hill,TE,TE,MIA,WAS,2.3,4.3,2,2,23.0,0,0.0,0.0,8.0,15.0,2.0,2.207941,0,2.875,0.08,0.037558686,0.14629108
2023,REG,13,00-0033881,E.Engram,TE,TE,JAX,CIN,14.2,23.2,9,9,82.0,1,0.0,0.0,34.0,48.0,4.0,4.309727,0,2.4117646,0.23076923,0.07744875,0.40036798
2023,REG,13,00-0035771,M.Wilcox,TE,TE,CIN,JAX,1.2,2.2,1,1,12.0,0,0.0,0.0,-1.0,13.0,1.0,0.70085096,0,0.0,0.027027028,-0.006993007,0.035645436
2023,REG,13,00-0034270,T.Conklin,TE,TE,NYJ,ATL,3.5,6.5,3,9,35.0,0,0.0,0.0,118.0,3.0,2.0,-2.8247666,0,0.29661018,0.25,0.37460318,0.63722223
2023,REG,13,00-0031260,L.Thomas,TE,TE,WAS,MIA,2.0,2.0,0,1,0.0,0,0.0,0.0,10.0,0.0,0.0,-0.7455366,1,0.0,0.045454547,0.058479533,0.10911749
2023,REG,13,00-0033090,H.Henry,TE,TE,NE,LAC,1.5,3.5,2,4,15.0,0,0.0,0.0,37.0,2.0,1.0,-1.2445613,0,0.4054054,0.16666667,0.1350365,0.34452555
2023,REG,13,00-0033288,G.Kittle,TE,TE,SF,PHI,6.8,10.8,4,6,68.0,0,0.0,0.0,22.0,48.0,3.0,3.171574,0,3.090909,0.24,0.1594203,0.4715942
2023,REG,13,00-0027696,J.Graham,TE,TE,NO,DET,6.6,7.6,1,1,6.0,1,0.0,0.0,6.0,0.0,1.0,1.8686732,0,1.0,0.03448276,0.023622047,0.068259574
2023,REG,13,00-0038809,B.Sims,TE,TE,GB,KC,6.1,7.1,1,1,1.0,1,0.0,0.0,1.0,0.0,1.0,0.713229,0,1.0,0.028571429,0.0037453184,0.045478866
2023,REG,13,00-0039065,S.LaPorta,TE,TE,DET,NO,20.0,29.0,9,9,140.0,1,0.0,0.0,83.0,57.0,5.0,11.645446,0,1.686747,0.36,0.46368715,0.864581
2023,REG,13,00-0036422,A.Trautman,TE,TE,DEN,HOU,0.6,1.6,1,2,6.0,0,0.0,0.0,13.0,1.0,0.0,-0.37280682,0,0.46153846,0.083333336,0.041401275,0.1539809
2023,REG,13,00-0037744,T.McBride,TE,TE,ARI,PIT,14.9,22.9,8,9,89.0,1,0.0,0.0,46.0,48.0,5.0,7.4303484,0,1.9347826,0.39130434,0.26589596,0.7730837
2023,REG,13,00-0036637,N.Gray,TE,TE,KC,GB,6.2,7.2,1,1,2.0,1,0.0,0.0,2.0,0.0,1.0,1.9377468,0,1.0,0.033333335,0.008695652,0.056086957
2023,REG,13,00-0033576,E.Saubert,TE,TE,HOU,DEN,0.5,1.5,1,1,5.0,0,0.0,0.0,4.0,1.0,0.0,0.08912744,0,1.25,0.037037037,0.014035088,0.06538012
2023,REG,13,00-0036423,A.Okwuegbunam,TE,TE,PHI,SF,0.0,0.0,0,1,0.0,0,0.0,0.0,10.0,0.0,0.0,-0.42506695,0,0.0,0.023809524,0.033444814,0.059125658
2023,REG,13,00-0036438,S.Sullivan,TE,TE,CAR,TB,1.6,2.6,1,2,16.0,0,0.0,0.0,28.0,1.0,1.0,1.1869329,0,0.5714286,0.07692308,0.09556314,0.18227881
2023,REG,13,00-0033895,G.Everett,TE,TE,LAC,NE,4.4,8.4,4,5,44.0,0,0.0,0.0,22.0,37.0,2.0,2.6236422,0,2.0,0.1388889,0.08208955,0.265796
2023,REG,13,00-0036556,B.Jordan,TE,TE,HOU,DEN,6.4,9.4,3,5,64.0,0,0.0,0.0,30.0,43.0,3.0,4.0782404,0,2.1333334,0.18518518,0.10526316,0.35146198
2023,REG,13,00-0037475,S.Smartt,TE,TE,LAC,NE,0.0,0.0,0,1,0.0,0,0.0,0.0,4.0,0.0,0.0,-0.4552939,0,0.0,0.027777778,0.014925373,0.052114427
2023,REG,13,00-0031585,M.Pruitt,TE,TE,ATL,NYJ,8.0,9.0,1,1,20.0,1,0.0,0.0,20.0,0.0,1.0,2.9246387,0,1.0,0.04,0.077220075,0.114054054
2023,REG,13,00-0036628,J.Bates,TE,TE,WAS,MIA,0.0,0.0,0,1,0.0,0,0.0,0.0,5.0,0.0,0.0,-1.6463877,0,0.0,0.045454547,0.029239766,0.08864965
2023,REG,13,00-0038547,L.Schoonmaker,TE,TE,DAL,SEA,1.2,2.2,1,1,12.0,0,0.0,0.0,7.0,5.0,1.0,0.650357,0,1.7142857,0.025,0.030567685,0.05889738
2023,REG,13,00-0030506,T.Kelce,TE,TE,KC,GB,8.1,12.1,4,5,81.0,0,0.0,0.0,56.0,36.0,4.0,7.475065,0,1.4464285,0.16666667,0.24347825,0.42043477
2023,REG,13,00-0034613,T.Hudson,TE,TE,CIN,JAX,3.5,7.5,4,4,35.0,0,0.0,0.0,14.0,21.0,2.0,3.5319223,0,2.5,0.10810811,0.0979021,0.23069362
2023,REG,13,00-0037805,J.Ruckert,TE,TE,NYJ,ATL,1.2,2.2,1,3,12.0,0,0.0,0.0,10.0,5.0,1.0,-0.8430293,0,1.2,0.083333336,0.031746034,0.14722222
2023,REG,13,00-0034365,I.Thomas,TE,TE,CAR,TB,0.6,1.6,1,1,6.0,0,0.0,0.0,1.0,5.0,0.0,0.3336524,0,6.0,0.03846154,0.0034129692,0.060081385
2023,REG,13,00-0037539,L.Krull,TE,TE,DEN,HOU,0.0,0.0,0,1,0.0,0,0.0,0.0,8.0,0.0,0.0,-3.297497,0,0.0,0.041666668,0.025477707,0.080334395
2023,REG,13,00-0033885,D.Njoku,TE,TE,CLE,LA,1.7,3.7,2,6,17.0,0,0.0,0.0,42.0,18.0,1.0,-3.2809832,0,0.4047619,0.14634146,0.082840234,0.27750036
2023,REG,13,00-0036754,B.Wright,TE,TE,DET,NO,0.8,1.8,1,1,8.0,0,0.0,0.0,0.0,8.0,0.0,0.45791212,0,0.0,0.04,0.0,0.06
2023,REG,13,00-0037304,C.Heyward,TE,TE,PIT,ARI,0.0,0.0,0,2,0.0,0,0.0,0.0,30.0,0.0,0.0,-2.1071584,0,0.0,0.074074075,0.13452914,0.20528151
2023,REG,13,00-0032141,G.Swaim,TE,TE,ARI,PIT,1.0,3.0,2,2,10.0,0,0.0,0.0,5.0,5.0,0.0,0.5642971,0,2.0,0.08695652,0.028901733,0.150666
2023,REG,13,00-0036876,K.Granson,TE,TE,IND,TEN,7.4,10.4,3,3,72.0,0,0.0,0.0,52.0,20.0,2.0,3.872201,0,1.3846154,0.07317073,0.16938111,0.22832288
2023,REG,13,00-0036232,H.Bryant,TE,TE,CLE,LA,10.9,15.9,5,5,49.0,1,0.0,0.0,35.0,14.0,2.0,4.130733,0,1.4,0.12195122,0.06903353,0.2312503
2023,REG,13,00-0037809,C.Okonkwo,TE,TE,TEN,IND,6.4,9.4,3,6,62.0,0,0.0,0.0,63.0,25.0,3.0,1.790278,0,0.984127,0.18181819,0.21501707,0.42323923
2023,REG,13,00-0034364,J.Akins,TE,TE,CLE,LA,0.6,1.6,1,1,6.0,0,0.0,0.0,5.0,1.0,0.0,-0.06681936,0,1.2,0.024390243,0.009861933,0.04348872
2023,REG,14,00-0024243,M.Lewis,TE,TE,CHI,DET,0.4,1.4,1,1,4.0,0,0.0,0.0,-3.0,7.0,0.0,-0.19025731,0,0.0,0.033333335,-0.012987013,0.04090909
2023,REG,14,00-0038129,C.Otton,TE,TE,TB,ATL,7.6,9.6,2,5,16.0,1,0.0,0.0,56.0,2.0,1.0,0.49362853,0,0.2857143,0.1724138,0.19787987,0.3971366
2023,REG,14,00-0038115,D.Bellinger,TE,TE,NYG,GB,1.5,3.5,2,2,15.0,0,0.0,0.0,6.0,9.0,1.0,1.9159154,0,2.5,0.1,0.048387095,0.18387097
2023,REG,14,00-0037539,L.Krull,TE,TE,DEN,LAC,3.5,4.5,1,1,35.0,0,0.0,0.0,25.0,10.0,1.0,3.1595197,0,1.4,0.033333335,0.15822785,0.1607595
2023,REG,14,00-0031585,M.Pruitt,TE,TE,ATL,TB,1.5,3.5,2,2,15.0,0,1.0,0.0,9.0,6.0,1.0,0.19509958,0,1.6666666,0.051282052,0.02284264,0.09291293
2023,REG,14,00-0037809,C.Okonkwo,TE,TE,TEN,MIA,4.6,9.6,5,6,46.0,0,0.0,0.0,16.0,37.0,3.0,2.2210424,0,2.875,0.16666667,0.04804805,0.28363362
2023,REG,14,00-0033881,E.Engram,TE,TE,JAX,CLE,21.5,32.5,11,12,95.0,2,0.0,0.0,67.0,32.0,7.0,9.498897,0,1.4179105,0.24489796,0.13987474,0.46525925
2023,REG,14,00-0037304,C.Heyward,TE,TE,PIT,NE,1.5,3.5,2,2,15.0,0,0.0,0.0,5.0,10.0,1.0,2.0144434,0,3.0,0.057142857,0.017985612,0.09830421
2023,REG,14,00-0033858,J.Smith,TE,TE,ATL,TB,2.7,6.7,4,7,27.0,0,0.0,0.0,21.0,13.0,1.0,-2.0481253,0,1.2857143,0.17948718,0.053299494,0.3065404
2023,REG,14,00-0034159,W.Dissly,TE,TE,SEA,SF,0.3,1.3,1,1,3.0,0,0.0,0.0,0.0,3.0,0.0,-0.34568945,0,0.0,0.032258064,0.0,0.048387095
2023,REG,14,00-0037838,I.Likely,TE,TE,BAL,LA,14.3,19.3,5,7,83.0,1,0.0,0.0,42.0,49.0,2.0,4.0969934,0,1.9761904,0.175,0.07984791,0.31839353
2023,REG,14,00-0038394,W.Mallory,TE,TE,IND,CIN,4.6,9.6,5,5,46.0,0,0.0,0.0,26.0,20.0,2.0,1.8589805,0,1.7692307,0.13157895,0.11659193,0.27898276
2023,REG,14,00-0038558,D.Washington,TE,TE,PIT,NE,1.2,2.2,1,2,12.0,0,0.0,0.0,-3.0,11.0,1.0,0.5746305,0,0.0,0.057142857,-0.010791367,0.07816033
2023,REG,14,00-0038041,J.Ferguson,TE,TE,DAL,PHI,7.2,12.2,5,8,72.0,0,0.0,0.0,31.0,47.0,3.0,3.7099507,0,2.3225806,0.20512821,0.116541356,0.38927126
2023,REG,14,00-0037292,A.Ogletree,TE,TE,IND,CIN,0.0,0.0,0,2,0.0,0,0.0,0.0,17.0,0.0,0.0,-1.7007024,0,0.0,0.05263158,0.076233186,0.1323106
2023,REG,14,00-0037311,K.Kieft,TE,TE,TB,ATL,0.0,0.0,0,1,0.0,0,0.0,0.0,10.0,0.0,0.0,-0.6585569,0,0.0,0.03448276,0.03533569,0.07645912
2023,REG,14,00-0033885,D.Njoku,TE,TE,CLE,JAX,21.1,27.1,6,8,91.0,2,0.0,0.0,55.0,39.0,4.0,3.9559572,0,1.6545454,0.18604651,0.16320474,0.39331308
2023,REG,14,00-0037805,J.Ruckert,TE,TE,NYJ,HOU,3.7,6.7,3,3,37.0,0,0.0,0.0,30.0,7.0,1.0,2.834672,0,1.2333333,0.08571429,0.12765957,0.21793313
2023,REG,14,00-0033895,G.Everett,TE,TE,LAC,DEN,3.9,8.9,5,8,39.0,0,0.0,0.0,28.0,19.0,2.0,-3.4616845,0,1.3928572,0.19512194,0.08235294,0.35033
2023,REG,14,00-0030506,T.Kelce,TE,TE,KC,BUF,8.3,14.3,6,10,83.0,0,0.0,0.0,119.0,24.0,5.0,2.8089151,0,0.697479,0.25641027,0.44237918,0.6942808
2023,REG,14,00-0036754,B.Wright,TE,TE,DET,CHI,0.6,2.6,2,2,6.0,0,0.0,0.0,5.0,1.0,0.0,-0.46535832,0,1.2,0.05882353,0.020661157,0.1026981
2023,REG,14,00-0036876,K.Granson,TE,TE,IND,CIN,1.7,3.7,2,4,17.0,0,0.0,0.0,35.0,6.0,0.0,1.2178845,0,0.4857143,0.10526316,0.15695067,0.26776022
2023,REG,14,00-0033090,H.Henry,TE,TE,NE,PIT,16.0,19.0,3,3,40.0,2,0.0,0.0,38.0,2.0,3.0,6.0474396,0,1.0526316,0.115384616,0.20879121,0.31923077
2023,REG,14,00-0039066,M.Mayer,TE,TE,LV,MIN,1.4,2.4,1,2,14.0,0,0.0,0.0,12.0,7.0,1.0,-1.752373,0,1.1666666,0.06896552,0.09677419,0.17119022
2023,REG,14,00-0036244,C.Parkinson,TE,TE,SEA,SF,8.8,10.8,2,2,28.0,1,0.0,0.0,9.0,19.0,1.0,2.5746865,0,3.1111112,0.06451613,0.038297873,0.123582706
2023,REG,14,00-0032392,A.Hooper,TE,TE,LV,MIN,0.5,1.5,1,1,5.0,0,0.0,0.0,3.0,2.0,0.0,-0.72170806,0,1.6666666,0.03448276,0.024193548,0.06865962
2023,REG,14,00-0034364,J.Akins,TE,TE,CLE,JAX,0.3,1.3,1,1,3.0,0,0.0,0.0,3.0,0.0,0.0,-0.54357004,0,1.0,0.023255814,0.008902078,0.041115176
2023,REG,14,00-0035689,D.Knox,TE,TE,BUF,KC,3.6,6.6,3,3,36.0,0,0.0,0.0,20.0,16.0,3.0,2.675724,0,1.8,0.083333336,0.07575758,0.1780303
2023,REG,14,00-0036290,C.Kmet,TE,TE,CHI,DET,6.6,11.6,5,6,66.0,0,0.0,0.0,42.0,28.0,2.0,3.039576,0,1.5714285,0.2,0.18181819,0.42727274
2023,REG,14,00-0034270,T.Conklin,TE,TE,NYJ,HOU,5.7,9.7,4,6,57.0,0,0.0,0.0,45.0,14.0,3.0,3.9529219,0,1.2666667,0.17142858,0.19148937,0.3911854
2023,REG,14,00-0034981,F.Moreau,TE,TE,NO,CAR,0.8,2.8,2,2,8.0,0,0.0,0.0,3.0,5.0,0.0,-0.40562478,0,2.6666667,0.09090909,0.023622047,0.15289907
2023,REG,14,00-0034798,D.Smythe,TE,TE,MIA,TEN,1.6,3.6,2,3,16.0,0,0.0,0.0,27.0,2.0,0.0,0.00459068,0,0.5925926,0.09090909,0.10714286,0.21136364
2023,REG,14,00-0034613,T.Hudson,TE,TE,CIN,IND,8.1,10.1,2,3,21.0,1,0.0,0.0,20.0,6.0,2.0,-4.267243,0,1.05,0.12,0.18691589,0.3108411
2023,REG,14,00-0035644,N.Fant,TE,TE,SEA,SF,3.5,5.5,2,4,35.0,0,0.0,0.0,21.0,15.0,1.0,0.19951704,0,1.6666666,0.12903225,0.089361705,0.25610158
2023,REG,14,00-0035329,D.Parham,TE,TE,LAC,DEN,1.1,2.1,1,2,11.0,0,0.0,0.0,19.0,2.0,1.0,-0.5087809,0,0.57894737,0.048780486,0.055882353,0.11228838
2023,REG,14,00-0038933,D.Kincaid,TE,TE,BUF,KC,2.1,7.1,5,8,21.0,0,0.0,0.0,38.0,13.0,1.0,-1.0872905,0,0.55263156,0.22222222,0.14393939,0.4340909
2023,REG,14,00-0036429,C.Woerner,TE,TE,SF,SEA,0.3,1.3,1,1,3.0,0,0.0,0.0,-1.0,4.0,0.0,-0.48615772,0,0.0,0.037037037,-0.0036764706,0.052982025
2023,REG,14,00-0039065,S.LaPorta,TE,TE,DET,CHI,2.7,4.7,2,6,23.0,0,0.0,0.0,58.0,0.0,2.0,-0.639203,0,0.39655173,0.1764706,0.23966943,0.43247446
2023,REG,14,00-0036438,S.Sullivan,TE,TE,CAR,NO,0.0,0.0,0,4,0.0,0,0.0,0.0,75.0,0.0,0.0,-2.7879403,0,0.0,0.125,0.17281106,0.30846775
2023,REG,14,00-0033439,P.Brown,TE,TE,NE,PIT,0.4,1.4,1,1,4.0,0,0.0,0.0,3.0,1.0,0.0,-0.093399934,0,1.3333334,0.03846154,0.016483517,0.06923077
2023,REG,14,00-0035631,D.Sample,TE,TE,CIN,IND,0.4,2.4,2,2,4.0,0,0.0,0.0,-13.0,17.0,1.0,-0.2439335,0,0.0,0.08,-0.12149533,0.03495327
2023,REG,14,00-0036556,B.Jordan,TE,TE,HOU,NYJ,3.5,6.5,3,3,35.0,0,0.0,0.0,11.0,24.0,2.0,2.866624,0,3.1818182,0.11111111,0.040441178,0.1949755
2023,REG,14,00-0036422,A.Trautman,TE,TE,DEN,LAC,7.9,9.9,2,3,19.0,1,0.0,0.0,16.0,8.0,2.0,3.5603814,0,1.1875,0.1,0.101265825,0.22088608
2023,REG,14,00-0035771,M.Wilcox,TE,TE,CIN,IND,0.0,1.0,1,1,0.0,0,0.0,0.0,-1.0,1.0,0.0,-0.4085116,0,0.0,0.04,-0.009345794,0.053457946
2023,REG,14,00-0033217,M.Alie-Cox,TE,TE,IND,CIN,6.2,7.2,1,1,2.0,1,0.0,0.0,2.0,0.0,1.0,3.0220125,0,1.0,0.02631579,0.00896861,0.04575171
2023,REG,14,00-0035249,J.Oliver,TE,TE,MIN,LV,0.0,0.0,0,1,0.0,0,0.0,0.0,0.0,0.0,0.0,-0.7205837,0,,0.030303031,0.0,0.045454547
2023,REG,14,00-0035229,T.Hockenson,TE,TE,MIN,LV,5.3,10.3,5,8,53.0,0,0.0,0.0,97.0,15.0,2.0,0.97070295,0,0.5463917,0.24242425,0.3864542,0.6341543
2023,REG,14,00-0036894,P.Freiermuth,TE,TE,PIT,NE,3.8,6.8,3,7,18.0,0,0.0,0.0,60.0,5.0,1.0,-6.1382284,1,0.3,0.2,0.21582733,0.45107913
2023,REG,14,00-0027696,J.Graham,TE,TE,NO,CAR,7.6,9.6,2,2,16.0,1,0.0,0.0,16.0,0.0,2.0,3.5781393,0,1.0,0.09090909,0.12598425,0.22455262
2023,REG,14,00-0033288,G.Kittle,TE,TE,SF,SEA,13.6,16.6,3,5,76.0,1,0.0,0.0,61.0,35.0,2.0,4.4678903,0,1.2459016,0.18518518,0.22426471,0.43476307
2023,REG,14,00-0036970,K.Pitts,TE,TE,ATL,TB,11.7,14.7,3,6,57.0,1,0.0,0.0,80.0,12.0,3.0,4.1469903,0,0.7125,0.15384616,0.20304568,0.3729012
2023,REG,14,00-0038996,T.Kraft,TE,TE,GB,NYG,6.4,10.4,4,4,64.0,0,0.0,0.0,32.0,32.0,3.0,4.2521796,0,2.0,0.10526316,0.14479639,0.2592522
2023,REG,14,00-0037005,T.Tremble,TE,TE,CAR,NO,0.2,1.2,1,3,2.0,0,0.0,0.0,33.0,2.0,0.0,-3.9625516,0,0.060606062,0.09375,0.07603686,0.1938508
2023,REG,14,00-0034351,D.Goedert,TE,TE,PHI,DAL,3.0,7.0,4,4,30.0,0,0.0,0.0,7.0,23.0,2.0,1.6345518,0,4.285714,0.14285715,0.023890786,0.23100926
2023,REG,14,00-0036040,J.Johnson,TE,TE,NO,CAR,1.0,3.0,2,3,10.0,0,0.0,0.0,8.0,0.0,1.0,-2.1921303,0,1.25,0.13636364,0.062992126,0.24863994
2023,REG,14,00-0033246,J.Mundt,TE,TE,MIN,LV,0.4,1.4,1,1,4.0,0,0.0,0.0,2.0,2.0,0.0,-0.16104585,0,2.0,0.030303031,0.007968128,0.051032234
2023,REG,14,00-0039074,D.Allen,TE,TE,LA,BAL,11.0,15.0,4,5,50.0,1,0.0,0.0,16.0,37.0,3.0,4.4364934,0,3.125,0.12820514,0.043360434,0.22265999
2023,REG,15,00-0035631,D.Sample,TE,TE,CIN,MIN,0.0,0.0,0,1,0.0,0,0.0,0.0,1.0,0.0,0.0,-0.40685847,0,0.0,0.025,0.002994012,0.03959581
2023,REG,15,00-0038933,D.Kincaid,TE,TE,BUF,DAL,0.0,0.0,0,2,0.0,0,0.0,0.0,6.0,0.0,0.0,-1.2088364,0,0.0,0.15384616,0.054054055,0.26860708
2023,REG,15,00-0036040,J.Johnson,TE,TE,NO,NYG,9.8,11.8,2,2,38.0,1,0.0,0.0,36.0,2.0,2.0,3.5746071,0,1.0555556,0.071428575,0.18848167,0.23908003
2023,REG,15,00-0038041,J.Ferguson,TE,TE,DAL,BUF,4.4,10.4,6,8,44.0,0,0.0,0.0,27.0,22.0,2.0,1.2689663,0,1.6296296,0.25,0.12107623,0.45975336
2023,REG,15,00-0033110,T.Higbee,TE,TE,LA,WAS,3.6,7.6,4,5,36.0,0,0.0,0.0,35.0,12.0,1.0,2.0999138,0,1.0285715,0.15625,0.20467836,0.37764984
2023,REG,15,00-0036438,S.Sullivan,TE,TE,CAR,ATL,1.4,2.4,1,1,14.0,0,0.0,0.0,14.0,0.0,1.0,1.6909609,0,1.0,0.04347826,0.07526882,0.117905565
2023,REG,15,00-0033895,G.Everett,TE,TE,LAC,LV,4.1,9.1,5,8,41.0,0,1.0,0.0,21.0,37.0,2.0,-0.06630103,0,1.9523809,0.2580645,0.1409396,0.4857545
2023,REG,15,00-0037654,T.Fisk,TE,TE,ATL,CAR,0.9,1.9,1,1,9.0,0,0.0,0.0,3.0,6.0,1.0,1.1956265,0,3.0,0.05263158,0.020689655,0.093430124
2023,REG,15,00-0032392,A.Hooper,TE,TE,LV,LAC,0.0,0.0,0,1,0.0,0,0.0,0.0,8.0,0.0,0.0,-0.8977838,0,0.0,0.029411765,0.028571429,0.06411765
2023,REG,15,00-0036145,L.Cager,TE,TE,NYG,NO,0.9,1.9,1,1,9.0,0,0.0,0.0,5.0,4.0,0.0,-0.009834461,0,1.8,0.029411765,0.024509804,0.06127451
2023,REG,15,00-0036422,A.Trautman,TE,TE,DEN,DET,2.4,3.4,1,3,24.0,0,0.0,0.0,15.0,25.0,1.0,-0.928862,0,1.6,0.09375,0.06465517,0.18588363
2023,REG,15,00-0034798,D.Smythe,TE,TE,MIA,NYJ,3.2,7.2,4,4,32.0,0,0.0,0.0,16.0,16.0,2.0,2.4021473,0,2.0,0.15384616,0.18181819,0.35804197
2023,REG,15,00-0035644,N.Fant,TE,TE,SEA,PHI,1.6,4.6,3,5,16.0,0,0.0,0.0,21.0,1.0,0.0,-1.7571948,0,0.7619048,0.15625,0.088607594,0.2964003
2023,REG,15,00-0036232,H.Bryant,TE,TE,CLE,CHI,0.0,0.0,0,1,0.0,0,0.0,0.0,2.0,0.0,0.0,-0.5432898,0,0.0,0.022727273,0.0053475937,0.037834223
2023,REG,15,00-0033090,H.Henry,TE,TE,NE,KC,12.6,19.6,7,9,66.0,1,0.0,0.0,63.0,15.0,5.0,1.3803061,0,1.0476191,0.29032257,0.4883721,0.77734435
2023,REG,15,00-0038996,T.Kraft,TE,TE,GB,TB,11.7,15.7,4,6,57.0,1,0.0,0.0,35.0,30.0,3.0,3.6204967,0,1.6285714,0.16666667,0.14957266,0.35470086
2023,REG,15,00-0027696,J.Graham,TE,TE,NO,NYG,6.9,8.9,2,2,9.0,1,0.0,0.0,6.0,3.0,2.0,1.9056079,0,1.5,0.071428575,0.03141361,0.12913239
2023,REG,15,00-0037809,C.Okonkwo,TE,TE,TEN,HOU,3.6,6.6,3,3,36.0,0,0.0,0.0,26.0,10.0,2.0,4.1165147,0,1.3846154,0.115384616,0.06532663,0.21880557
2023,REG,15,00-0036244,C.Parkinson,TE,TE,SEA,PHI,0.6,1.6,1,1,6.0,0,0.0,0.0,4.0,2.0,0.0,0.1852312,0,1.5,0.03125,0.016877636,0.058689345
2023,REG,15,00-0035771,M.Wilcox,TE,TE,CIN,MIN,2.0,4.0,2,2,20.0,0,0.0,0.0,5.0,15.0,1.0,1.4766896,0,4.0,0.05,0.0149700595,0.08547904
2023,REG,15,00-0033288,G.Kittle,TE,TE,SF,ARI,5.4,7.4,2,4,54.0,0,0.0,0.0,65.0,25.0,2.0,4.972628,0,0.83076924,0.15384616,0.2138158,0.3804403
2023,REG,15,00-0033885,D.Njoku,TE,TE,CLE,CHI,16.4,26.4,10,14,104.0,1,0.0,0.0,72.0,58.0,3.0,-4.0549817,0,1.4444444,0.3181818,0.19251336,0.61203206
2023,REG,15,00-0037805,J.Ruckert,TE,TE,NYJ,MIA,1.6,3.6,2,2,16.0,0,0.0,0.0,12.0,4.0,1.0,2.091503,0,1.3333334,0.060606062,0.041237112,0.11977507
2023,REG,15,00-0030506,T.Kelce,TE,TE,KC,NE,2.8,7.8,5,7,28.0,0,0.0,0.0,25.0,28.0,1.0,-0.6558744,0,1.12,0.2,0.12886597,0.3902062
2023,REG,15,00-0031260,L.Thomas,TE,TE,WAS,LA,0.7,1.7,1,3,7.0,0,0.0,0.0,0.0,3.0,0.0,-6.5033927,0,0.0,0.0882353,0.0,0.13235295
2023,REG,15,00-0036290,C.Kmet,TE,TE,CHI,CLE,8.3,13.3,5,7,23.0,1,0.0,0.0,25.0,13.0,2.0,1.7911059,0,0.92,0.2,0.0739645,0.35177514
2023,REG,15,00-0034829,M.Gesicki,TE,TE,NE,KC,0.7,1.7,1,2,7.0,0,0.0,0.0,-2.0,5.0,0.0,-2.0914066,0,0.0,0.06451613,-0.015503876,0.08592148
2023,REG,15,00-0034613,T.Hudson,TE,TE,CIN,MIN,4.9,9.9,5,5,49.0,0,0.0,0.0,36.0,13.0,4.0,3.73083,0,1.3611112,0.125,0.10778443,0.2629491
2023,REG,15,00-0037744,T.McBride,TE,TE,ARI,SF,10.2,20.2,10,11,102.0,0,1.0,0.0,60.0,50.0,5.0,0.7908724,0,1.7,0.28947368,0.25,0.60921055
2023,REG,15,00-0032062,B.Bell,TE,TE,KC,NE,0.0,0.0,0,1,0.0,0,0.0,0.0,3.0,0.0,0.0,-6.3943896,0,0.0,0.028571429,0.0154639175,0.053681884
2023,REG,15,00-0033858,J.Smith,TE,TE,ATL,CAR,6.1,8.1,2,2,61.0,0,0.0,0.0,21.0,40.0,1.0,3.2131395,0,2.9047618,0.10526316,0.14482759,0.25927404
2023,REG,15,00-0033217,M.Alie-Cox,TE,TE,IND,PIT,8.1,10.1,2,3,21.0,1,0.0,0.0,34.0,4.0,1.0,0.88531137,0,0.61764705,0.11111111,0.18378378,0.29531533
2023,REG,15,00-0034364,J.Akins,TE,TE,CLE,CHI,0.8,1.8,1,1,8.0,0,0.0,0.0,6.0,2.0,0.0,0.56519127,0,1.3333334,0.022727273,0.01604278,0.045320857
2023,REG,15,00-0037569,P.Hendershot,TE,TE,DAL,BUF,0.5,1.5,1,1,5.0,0,0.0,0.0,4.0,1.0,0.0,0.13730016,0,1.25,0.03125,0.01793722,0.059431054
2023,REG,15,00-0032141,G.Swaim,TE,TE,ARI,SF,2.6,3.6,1,1,26.0,0,0.0,0.0,24.0,2.0,1.0,2.1579864,0,1.0833334,0.02631579,0.1,0.10947368
2023,REG,15,00-0036876,K.Granson,TE,TE,IND,PIT,0.6,1.6,1,1,6.0,0,0.0,0.0,1.0,5.0,0.0,-1.2347083,0,6.0,0.037037037,0.0054054055,0.05933934
2023,REG,15,00-0036887,L.Farrell,TE,TE,JAX,BAL,2.8,3.8,1,1,28.0,0,0.0,0.0,23.0,5.0,1.0,1.6612504,0,1.2173913,0.023809524,0.0523918,0.072388545
2023,REG,15,00-0039066,M.Mayer,TE,TE,LV,LAC,9.9,13.9,4,5,39.0,1,0.0,0.0,15.0,22.0,4.0,7.5338707,0,2.6,0.14705883,0.05357143,0.25808823
2023,REG,15,00-0034159,W.Dissly,TE,TE,SEA,PHI,0.9,2.9,2,2,9.0,0,0.0,0.0,3.0,6.0,0.0,-0.35626417,0,3.0,0.0625,0.012658228,0.10261076
2023,REG,15,00-0035249,J.Oliver,TE,TE,MIN,CIN,1.4,3.4,2,2,14.0,0,0.0,0.0,4.0,10.0,1.0,0.9314089,0,3.5,0.0625,0.016260162,0.10513211
2023,REG,15,00-0038115,D.Bellinger,TE,TE,NYG,NO,1.3,3.3,2,2,13.0,0,0.0,0.0,6.0,7.0,0.0,2.4108794,0,2.1666667,0.05882353,0.029411765,0.10882353
2023,REG,15,00-0033246,J.Mundt,TE,TE,MIN,CIN,0.3,1.3,1,1,3.0,0,0.0,0.0,1.0,2.0,1.0,0.14857034,0,3.0,0.03125,0.0040650405,0.04972053
2023,REG,15,00-0037292,A.Ogletree,TE,TE,IND,PIT,0.0,0.0,0,1,0.0,0,0.0,0.0,1.0,0.0,0.0,-1.1036297,0,0.0,0.037037037,0.0054054055,0.05933934
2023,REG,15,00-0034351,D.Goedert,TE,TE,PHI,SEA,3.1,7.1,4,9,30.0,0,0.0,0.0,43.0,14.0,1.0,-0.7700409,0,0.6976744,0.3,0.14576271,0.5520339
2023,REG,15,00-0039074,D.Allen,TE,TE,LA,WAS,1.4,2.4,1,1,14.0,0,0.0,0.0,-4.0,18.0,1.0,0.8069283,0,0.0,0.03125,-0.023391813,0.03050073
2023,REG,15,00-0038129,C.Otton,TE,TE,TB,GB,4.4,6.4,2,2,44.0,0,0.0,0.0,29.0,15.0,2.0,3.8863719,0,1.5172414,0.074074075,0.12340426,0.19749409
2023,REG,15,00-0033757,R.Tonyan,TE,TE,CHI,CLE,0.0,0.0,0,1,0.0,0,0.0,0.0,41.0,0.0,0.0,-0.38706377,0,0.0,0.028571429,0.12130178,0.12776838
2023,REG,15,00-0031610,D.Waller,TE,TE,NYG,NO,4.0,8.0,4,6,40.0,0,0.0,0.0,30.0,28.0,1.0,-0.22427204,0,1.3333334,0.1764706,0.14705883,0.36764705
2023,REG,15,00-0036970,K.Pitts,TE,TE,ATL,CAR,3.7,6.7,3,4,37.0,0,0.0,0.0,36.0,12.0,3.0,3.7307813,0,1.0277778,0.21052632,0.24827586,0.48958257
2023,REG,15,00-0035229,T.Hockenson,TE,TE,MIN,CIN,6.3,12.3,6,7,63.0,0,0.0,0.0,49.0,20.0,3.0,5.0302415,0,1.2857143,0.21875,0.199187,0.46755588
2023,REG,15,00-0034270,T.Conklin,TE,TE,NYJ,MIA,1.8,5.8,4,7,18.0,0,0.0,0.0,34.0,2.0,2.0,0.6354954,0,0.5294118,0.21212122,0.116838485,0.39996877
2023,REG,15,00-0037005,T.Tremble,TE,TE,CAR,ATL,3.2,5.2,2,2,32.0,0,0.0,0.0,18.0,14.0,1.0,1.5244415,0,1.7777778,0.08695652,0.09677419,0.19817671
2023,REG,15,00-0036894,P.Freiermuth,TE,TE,PIT,IND,1.6,4.6,3,4,16.0,0,0.0,0.0,23.0,1.0,1.0,0.19303569,0,0.6956522,0.15384616,0.08812261,0.29245505
2023,REG,15,00-0037311,K.Kieft,TE,TE,TB,GB,6.2,7.2,1,1,2.0,1,0.0,0.0,0.0,2.0,1.0,1.2442402,0,0.0,0.037037037,0.0,0.055555556
2023,REG,15,00-0037838,I.Likely,TE,TE,BAL,JAX,13.0,18.0,5,6,70.0,1,0.0,0.0,41.0,23.0,3.0,8.054247,0,1.7073171,0.26086956,0.2039801,0.5340904
2023,REG,15,00-0036628,J.Bates,TE,TE,WAS,LA,0.0,0.0,0,1,0.0,0,0.0,0.0,20.0,0.0,0.0,-0.49226487,0,0.0,0.029411765,0.057636887,0.08446347
2023,REG,15,00-0038809,B.Sims,TE,TE,GB,TB,0.0,0.0,0,1,0.0,0,0.0,0.0,28.0,0.0,0.0,-0.7883291,0,0.0,0.027777778,0.11965812,0.12542735
2023,REG,15,00-0034981,F.Moreau,TE,TE,NO,NYG,1.3,4.3,3,5,13.0,0,0.0,0.0,10.0,9.0,0.0,-2.53159,0,1.3,0.17857143,0.05235602,0.30450636
2023,REG,15,00-0036556,B.Jordan,TE,TE,HOU,TEN,1.4,2.4,1,1,14.0,0,0.0,0.0,10.0,4.0,1.0,1.4224049,0,1.4,0.029411765,0.037593983,0.07043344
2023,REG,15,00-0033439,P.Brown,TE,TE,NE,KC,0.4,1.4,1,1,4.0,0,0.0,0.0,4.0,0.0,0.0,-0.14768161,0,1.0,0.032258064,0.031007752,0.07009252
2023,REG,15,00-0036637,N.Gray,TE,TE,KC,NE,3.7,5.7,2,2,37.0,0,0.0,0.0,22.0,15.0,1.0,2.286309,0,1.6818181,0.057142857,0.11340206,0.16509573
2023,REG,15,00-0039041,E.Higgins,TE,TE,ARI,SF,10.4,14.4,4,4,44.0,1,0.0,0.0,31.0,13.0,3.0,6.0647497,0,1.4193548,0.10526316,0.12916666,0.2483114
2023,REG,15,00-0034383,D.Schultz,TE,TE,HOU,TEN,5.8,9.8,4,5,58.0,0,0.0,0.0,59.0,8.0,4.0,5.859433,0,0.9830508,0.14705883,0.22180451,0.3758514
2023,REG,15,00-0037539,L.Krull,TE,TE,DEN,DET,1.8,2.8,1,3,18.0,0,0.0,0.0,46.0,2.0,1.0,0.3720892,0,0.39130434,0.09375,0.19827586,0.2794181
2023,REG,15,00-0039065,S.LaPorta,TE,TE,DET,DEN,23.6,28.6,5,6,56.0,3,0.0,0.0,45.0,26.0,5.0,10.545915,0,1.2444445,0.1875,0.15957446,0.3929521
2023,REG,15,00-0033881,E.Engram,TE,TE,JAX,BAL,2.8,6.8,4,6,28.0,0,0.0,0.0,40.0,12.0,1.0,-3.9676552,0,0.7,0.14285715,0.091116175,0.27806702
2023,REG,15,00-0037475,S.Smartt,TE,TE,LAC,LV,1.5,4.5,3,3,15.0,0,0.0,0.0,8.0,7.0,2.0,1.6601858,0,1.875,0.09677419,0.053691275,0.18274519
2023,REG,15,00-0038046,C.Kolar,TE,TE,BAL,JAX,1.5,2.5,1,1,15.0,0,0.0,0.0,8.0,7.0,1.0,1.3730443,0,1.875,0.04347826,0.039800994,0.093078084
2023,REG,15,00-0034970,I.Smith,TE,TE,CIN,MIN,1.8,3.8,2,3,18.0,0,0.0,0.0,28.0,8.0,1.0,-3.350628,0,0.64285713,0.075,0.08383234,0.17118263
2023,REG,16,00-0038394,W.Mallory,TE,TE,IND,ATL,4.7,8.7,4,4,47.0,0,1.0,0.0,36.0,11.0,4.0,5.8528137,0,1.3055556,0.114285715,0.101123594,0.24221508
2023,REG,16,00-0035229,T.Hockenson,TE,TE,MIN,DET,5.8,9.8,4,4,58.0,0,0.0,0.0,40.0,18.0,1.0,3.1670318,0,1.45,0.114285715,0.07590133,0.2245595
2023,REG,16,00-0033858,J.Smith,TE,TE,ATL,IND,3.2,7.2,4,6,32.0,0,0.0,0.0,16.0,28.0,3.0,2.6444566,0,2.0,0.1875,0.10666667,0.35591668
2023,REG,16,00-0030506,T.Kelce,TE,TE,KC,LV,4.4,9.4,5,7,44.0,0,0.0,0.0,-10.0,57.0,1.0,0.49770567,0,0.0,0.17073171,-0.060240965,0.2139289
2023,REG,16,00-0038041,J.Ferguson,TE,TE,DAL,MIA,4.5,8.5,4,8,45.0,0,0.0,0.0,12.0,31.0,3.0,2.413496,0,3.75,0.25,0.06779661,0.42245764
2023,REG,16,00-0038046,C.Kolar,TE,TE,BAL,SF,1.7,2.7,1,1,17.0,0,0.0,0.0,17.0,0.0,1.0,0.79494905,0,1.0,0.029411765,0.092391305,0.10879156
2023,REG,16,00-0034981,F.Moreau,TE,TE,NO,LA,1.3,2.3,1,2,13.0,0,0.0,0.0,23.0,3.0,1.0,1.0239422,0,0.5652174,0.05,0.06084656,0.117592596
2023,REG,16,00-0038115,D.Bellinger,TE,TE,NYG,PHI,4.3,8.3,4,5,43.0,0,0.0,0.0,31.0,15.0,2.0,1.7490215,0,1.3870968,0.18518518,0.13419913,0.37171718
2023,REG,16,00-0034829,M.Gesicki,TE,TE,NE,DEN,7.5,9.5,2,2,15.0,1,0.0,0.0,15.0,0.0,1.0,3.4448972,0,1.0,0.06451613,0.06944445,0.14538531
2023,REG,16,00-0033110,T.Higbee,TE,TE,LA,NO,3.0,6.0,3,3,30.0,0,0.0,0.0,7.0,23.0,1.0,1.5150217,0,4.285714,0.09375,0.024647888,0.15787852
2023,REG,16,00-0035631,D.Sample,TE,TE,CIN,PIT,3.8,6.8,3,3,38.0,0,0.0,0.0,-1.0,39.0,2.0,1.5399283,0,0.0,0.075,-0.004201681,0.10955882
2023,REG,16,00-0033881,E.Engram,TE,TE,JAX,TB,7.5,17.5,10,15,95.0,0,1.0,1.0,102.0,44.0,5.0,-4.8696074,0,0.9313725,0.3409091,0.2451923,0.68299824
2023,REG,16,00-0033217,M.Alie-Cox,TE,TE,IND,ATL,0.0,0.0,0,1,0.0,0,0.0,0.0,8.0,0.0,0.0,-0.764378,0,0.0,0.028571429,0.02247191,0.05858748
2023,REG,16,00-0035249,J.Oliver,TE,TE,MIN,DET,3.3,4.3,1,2,33.0,0,0.0,0.0,3.0,32.0,1.0,1.5637206,0,11.0,0.057142857,0.0056926,0.089699104
2023,REG,16,00-0039050,P.Durham,TE,TE,TB,JAX,2.5,3.5,1,1,25.0,0,0.0,0.0,21.0,4.0,1.0,1.9323472,0,1.1904762,0.028571429,0.09170306,0.10704928
2023,REG,16,00-0039041,E.Higgins,TE,TE,ARI,CHI,1.7,3.7,2,3,17.0,0,0.0,0.0,1.0,11.0,1.0,-0.23001213,0,17.0,0.08108108,0.004524887,0.124789044
2023,REG,16,00-0035689,D.Knox,TE,TE,BUF,LAC,2.6,4.6,2,2,26.0,0,0.0,0.0,13.0,13.0,1.0,1.6438721,0,2.0,0.0952381,0.04693141,0.17570913
2023,REG,16,00-0038129,C.Otton,TE,TE,TB,JAX,0.7,1.7,1,1,7.0,0,0.0,0.0,3.0,4.0,0.0,-0.21380188,0,2.3333333,0.028571429,0.013100437,0.05202745
2023,REG,16,00-0038996,T.Kraft,TE,TE,GB,CAR,6.0,10.0,4,6,60.0,0,0.0,0.0,25.0,42.0,3.0,3.7345653,0,2.4,0.23076923,0.11904762,0.42948717
2023,REG,16,00-0034613,T.Hudson,TE,TE,CIN,PIT,0.5,1.5,1,2,5.0,0,0.0,0.0,9.0,0.0,0.0,-1.6538444,0,0.5555556,0.05,0.037815128,0.10147059
2023,REG,16,00-0035771,M.Wilcox,TE,TE,CIN,PIT,0.6,1.6,1,1,6.0,0,0.0,0.0,2.0,4.0,0.0,0.3249551,0,3.0,0.025,0.008403362,0.043382354
2023,REG,16,00-0037506,C.Fotheringham,TE,TE,LV,KC,0.6,1.6,1,1,6.0,0,0.0,0.0,1.0,5.0,0.0,0.21242227,0,6.0,0.05263158,0.006535948,0.08352253
2023,REG,16,00-0037838,I.Likely,TE,TE,BAL,SF,5.6,8.6,3,4,56.0,0,0.0,0.0,51.0,24.0,1.0,2.9867506,0,1.0980393,0.11764706,0.2771739,0.37049234
2023,REG,16,00-0036628,J.Bates,TE,TE,WAS,NYJ,1.4,4.4,3,5,14.0,0,0.0,0.0,4.0,12.0,1.0,-0.81631684,0,3.5,0.15625,0.027210884,0.25342262
2023,REG,16,00-0039065,S.LaPorta,TE,TE,DET,MIN,1.8,4.8,3,3,18.0,0,0.0,0.0,2.0,16.0,1.0,3.1397848,0,9.0,0.07692308,0.015037594,0.12591094
2023,REG,16,00-0034383,D.Schultz,TE,TE,HOU,CLE,6.1,14.1,8,11,61.0,0,0.0,0.0,52.0,32.0,3.0,-1.0417031,0,1.1730769,0.22916667,0.14606741,0.44599718
2023,REG,16,00-0036637,N.Gray,TE,TE,KC,LV,0.5,1.5,1,3,5.0,0,0.0,0.0,19.0,0.0,1.0,-0.94645816,0,0.2631579,0.07317073,0.11445783,0.18987659
2023,REG,16,00-0033439,P.Brown,TE,TE,NE,DEN,2.5,4.5,2,2,25.0,0,0.0,0.0,17.0,8.0,2.0,2.148004,0,1.4705882,0.06451613,0.0787037,0.15186678
2023,REG,16,00-0034364,J.Akins,TE,TE,CLE,HOU,1.8,3.8,2,2,18.0,0,0.0,0.0,14.0,4.0,1.0,0.8702605,0,1.2857143,0.046511628,0.031111112,0.09154522
2023,REG,16,00-0038558,D.Washington,TE,TE,PIT,CIN,0.8,1.8,1,1,8.0,0,0.0,0.0,1.0,7.0,0.0,0.57417774,0,8.0,0.04,0.0041841003,0.06292887
2023,REG,16,00-0037539,L.Krull,TE,TE,DEN,NE,8.8,12.8,4,5,28.0,1,0.0,0.0,21.0,21.0,2.0,2.0953453,0,1.3333334,0.14285715,0.07777778,0.26873016
2023,REG,16,00-0036876,K.Granson,TE,TE,IND,ATL,6.2,11.2,5,7,62.0,0,0.0,0.0,56.0,20.0,4.0,6.2574677,0,1.1071428,0.2,0.15730338,0.41011235
2023,REG,16,00-0034351,D.Goedert,TE,TE,PHI,NYG,7.1,14.1,7,9,71.0,0,0.0,0.0,44.0,36.0,4.0,-3.010269,0,1.6136364,0.25,0.22335026,0.5313452
2023,REG,16,00-0024243,M.Lewis,TE,TE,CHI,ARI,6.1,7.1,1,1,1.0,1,0.0,0.0,1.0,0.0,1.0,1.3030181,0,1.0,0.04347826,0.0038461538,0.0679097
2023,REG,16,00-0033757,R.Tonyan,TE,TE,CHI,ARI,1.4,2.4,1,1,14.0,0,0.0,0.0,14.0,0.0,1.0,0.8284722,0,1.0,0.04347826,0.053846154,0.1029097
2023,REG,16,00-0031610,D.Waller,TE,TE,NYG,PHI,3.2,5.2,2,5,32.0,0,0.0,0.0,53.0,5.0,2.0,-1.42215,0,0.6037736,0.18518518,0.22943723,0.43838385
2023,REG,16,00-0036970,K.Pitts,TE,TE,ATL,IND,10.9,13.9,3,4,49.0,1,0.0,0.0,39.0,3.0,2.0,2.2596111,0,1.2564102,0.125,0.26,0.3695
2023,REG,16,00-0032062,B.Bell,TE,TE,KC,LV,0.4,1.4,1,1,4.0,0,0.0,0.0,-2.0,6.0,0.0,0.1256603,0,0.0,0.024390243,-0.012048192,0.028151631
2023,REG,16,00-0034270,T.Conklin,TE,TE,NYJ,WAS,3.6,7.6,4,7,36.0,0,0.0,0.0,22.0,32.0,2.0,0.33264336,0,1.6363636,0.15555556,0.1594203,0.34492755
2023,REG,16,00-0037086,G.Calcaterra,TE,TE,PHI,NYG,2.1,4.1,2,2,21.0,0,0.0,0.0,2.0,19.0,2.0,1.993724,0,10.5,0.055555556,0.010152284,0.09043993
2023,REG,16,00-0037005,T.Tremble,TE,TE,CAR,GB,5.9,9.9,4,6,59.0,0,0.0,0.0,55.0,37.0,2.0,1.9978966,0,1.0727273,0.1875,0.16224189,0.39481932
2023,REG,16,00-0034159,W.Dissly,TE,TE,SEA,TEN,0.6,1.6,1,1,6.0,0,0.0,0.0,-3.0,9.0,0.0,0.046506763,0,0.0,0.027777778,-0.012931035,0.032614943
2023,REG,16,00-0038547,L.Schoonmaker,TE,TE,DAL,MIA,0.4,1.4,1,1,4.0,0,0.0,0.0,1.0,3.0,0.0,-0.13331282,0,4.0,0.03125,0.0056497175,0.0508298
2023,REG,16,00-0037475,S.Smartt,TE,TE,LAC,BUF,2.3,3.3,1,1,23.0,0,0.0,0.0,22.0,1.0,1.0,2.471497,0,1.0454545,0.03125,0.08661418,0.10750492
2023,REG,16,00-0033895,G.Everett,TE,TE,LAC,BUF,4.2,11.2,7,8,42.0,0,0.0,0.0,25.0,24.0,2.0,2.2436717,0,1.68,0.25,0.098425195,0.44389763
2023,REG,16,00-0036040,J.Johnson,TE,TE,NO,LA,10.8,14.8,4,7,48.0,1,0.0,0.0,68.0,19.0,3.0,-5.3792176,0,0.7058824,0.175,0.17989418,0.38842592
2023,REG,16,00-0037809,C.Okonkwo,TE,TE,TEN,SEA,12.3,18.3,6,7,63.0,1,0.0,0.0,54.0,14.0,4.0,4.274236,0,1.1666666,0.28,0.42519686,0.7176378
2023,REG,16,00-0036232,H.Bryant,TE,TE,CLE,HOU,0.6,1.6,1,1,6.0,0,0.0,0.0,3.0,3.0,0.0,0.25784713,0,2.0,0.023255814,0.006666667,0.039550386
2023,REG,16,00-0034798,D.Smythe,TE,TE,MIA,DAL,5.6,10.6,5,5,56.0,0,0.0,0.0,34.0,22.0,4.0,3.2761307,0,1.6470588,0.1388889,0.0952381,0.275
2023,REG,16,00-0031260,L.Thomas,TE,TE,WAS,NYJ,9.6,14.6,5,6,36.0,1,0.0,0.0,35.0,5.0,1.0,-0.9392361,0,1.0285715,0.1875,0.23809524,0.44791666
2023,REG,16,00-0036244,C.Parkinson,TE,TE,SEA,TEN,7.7,10.7,3,4,17.0,1,0.0,0.0,25.0,1.0,2.0,3.053932,0,0.68,0.11111111,0.10775862,0.2420977
2023,REG,16,00-0036556,B.Jordan,TE,TE,HOU,CLE,2.7,4.7,2,3,27.0,0,0.0,0.0,31.0,4.0,1.0,0.5129773,0,0.87096775,0.0625,0.08707865,0.15470506
2023,REG,16,00-0033885,D.Njoku,TE,TE,CLE,HOU,10.4,16.4,6,9,44.0,1,0.0,0.0,68.0,17.0,2.0,0.07397914,0,0.64705884,0.20930232,0.15111111,0.41973126
2023,REG,16,00-0036290,C.Kmet,TE,TE,CHI,ARI,10.7,14.7,4,5,107.0,0,0.0,0.0,104.0,6.0,3.0,5.4154916,0,1.0288461,0.2173913,0.4,0.60608697
2023,REG,16,00-0037744,T.McBride,TE,TE,ARI,CHI,3.1,9.1,6,8,31.0,0,0.0,0.0,40.0,12.0,1.0,-1.1782603,0,0.775,0.21621622,0.18099548,0.45102116
2023,REG,16,00-0033288,G.Kittle,TE,TE,SF,BAL,12.6,19.6,7,10,126.0,0,0.0,0.0,101.0,64.0,5.0,1.0419214,0,1.2475247,0.22727273,0.3556338,0.58985275
2023,REG,16,00-0036422,A.Trautman,TE,TE,DEN,NE,0.0,0.0,0,1,0.0,0,0.0,0.0,2.0,0.0,0.0,-1.9987736,0,0.0,0.028571429,0.0074074073,0.048042327
2023,REG,16,00-0037569,P.Hendershot,TE,TE,DAL,MIA,0.0,0.0,0,2,0.0,0,0.0,0.0,0.0,0.0,0.0,-2.2517207,0,,0.0625,0.0,0.09375
2023,REG,16,00-0036510,K.Yeboah,TE,TE,NYJ,WAS,0.0,0.0,0,1,0.0,0,0.0,0.0,5.0,0.0,0.0,-0.55696404,0,0.0,0.022222223,0.036231883,0.05869565
2023,REG,16,00-0036438,S.Sullivan,TE,TE,CAR,GB,2.1,5.1,3,5,21.0,0,0.0,0.0,40.0,3.0,0.0,-2.0558207,0,0.525,0.15625,0.1179941,0.31697088
2023,REG,16,00-0032392,A.Hooper,TE,TE,LV,KC,1.3,3.3,2,3,13.0,0,0.0,0.0,10.0,6.0,0.0,0.34663537,0,1.3,0.15789473,0.06535948,0.28259373
2023,REG,16,00-0038933,D.Kincaid,TE,TE,BUF,LAC,0.7,1.7,1,2,7.0,0,0.0,0.0,4.0,3.0,0.0,-1.5363573,0,1.75,0.0952381,0.014440433,0.15296544
2023,REG,16,00-0033246,J.Mundt,TE,TE,MIN,DET,2.3,3.3,1,3,23.0,0,0.0,0.0,52.0,2.0,1.0,-0.18214703,0,0.44230768,0.08571429,0.09867173,0.19764164
2023,REG,17,00-0038129,C.Otton,TE,TE,TB,NO,1.0,3.0,2,6,10.0,0,0.0,0.0,49.0,3.0,1.0,-1.1891798,0,0.20408164,0.18181819,0.17132868,0.39265734
2023,REG,17,00-0038996,T.Kraft,TE,TE,GB,MIN,4.8,10.8,6,6,48.0,0,0.0,0.0,9.0,39.0,3.0,1.7766494,0,5.3333335,0.1764706,0.025210084,0.28235295
2023,REG,17,00-0038809,B.Sims,TE,TE,GB,MIN,0.6,1.6,1,1,6.0,0,0.0,0.0,2.0,4.0,0.0,0.15851349,0,3.0,0.029411765,0.005602241,0.048039217
2023,REG,17,00-0039065,S.LaPorta,TE,TE,DET,DAL,8.4,15.4,7,12,84.0,0,0.0,0.0,79.0,29.0,5.0,-2.1723557,0,1.0632912,0.375,0.3211382,0.7872968
2023,REG,17,00-0038720,J.Hill,TE,TE,MIA,BAL,0.9,1.9,1,1,9.0,0,0.0,0.0,3.0,6.0,0.0,0.96448654,0,3.0,0.027777778,0.011363637,0.049621213
2023,REG,17,00-0038935,B.Strange,TE,TE,JAX,CAR,0.1,1.1,1,2,1.0,0,0.0,0.0,4.0,1.0,0.0,-1.1440614,0,0.25,0.08695652,0.027210884,0.1494824
2023,REG,17,00-0038933,D.Kincaid,TE,TE,BUF,NE,8.7,12.7,4,7,87.0,0,0.0,0.0,129.0,35.0,3.0,1.4081353,0,0.6744186,0.25,0.38855422,0.646988
2023,REG,17,00-0039041,E.Higgins,TE,TE,ARI,PHI,2.1,4.1,2,2,21.0,0,0.0,0.0,16.0,5.0,2.0,2.3617063,0,1.3125,0.06451613,0.11188811,0.17509587
2023,REG,17,00-0038394,W.Mallory,TE,TE,IND,LV,1.9,2.9,1,1,19.0,0,0.0,0.0,9.0,10.0,1.0,2.5740886,0,2.1111112,0.05,0.05625,0.114375
2023,REG,17,00-0030506,T.Kelce,TE,TE,KC,CIN,1.6,4.6,3,4,16.0,0,0.0,0.0,14.0,5.0,1.0,-0.82474357,0,1.1428572,0.14285715,0.089171976,0.2767061
2023,REG,17,00-0033858,J.Smith,TE,TE,ATL,CHI,0.0,0.0,0,4,0.0,0,0.0,0.0,56.0,0.0,0.0,-6.5038033,0,0.0,0.125,0.16867469,0.3055723
2023,REG,17,00-0036556,B.Jordan,TE,TE,HOU,TEN,7.9,9.9,2,2,19.0,1,0.0,0.0,-2.0,21.0,1.0,2.3522086,0,0.0,0.06451613,-0.013071896,0.087623864
2023,REG,17,00-0036040,J.Johnson,TE,TE,NO,TB,15.0,23.0,8,12,90.0,1,0.0,0.0,84.0,44.0,7.0,7.4194546,0,1.0714285,0.3529412,0.5153374,0.890148
2023,REG,17,00-0036232,H.Bryant,TE,TE,CLE,NYJ,1.4,3.4,2,3,14.0,0,0.0,0.0,7.0,12.0,0.0,0.4057285,0,2.0,0.10344828,0.039106146,0.18254672
2023,REG,17,00-0036244,C.Parkinson,TE,TE,SEA,PIT,3.8,5.8,2,3,38.0,0,0.0,0.0,36.0,4.0,2.0,2.8743527,0,1.0555556,0.09090909,0.16,0.24836363
2023,REG,17,00-0036422,A.Trautman,TE,TE,DEN,LAC,0.9,1.9,1,2,9.0,0,0.0,0.0,8.0,6.0,0.0,0.19386749,0,1.125,0.06666667,0.03652968,0.12557077
2023,REG,17,00-0032392,A.Hooper,TE,TE,LV,IND,2.8,5.8,3,3,28.0,0,0.0,0.0,9.0,19.0,2.0,2.4448633,0,3.1111112,0.06521739,0.022113021,0.1133052
2023,REG,17,00-0036438,S.Sullivan,TE,TE,CAR,JAX,0.0,0.0,0,2,0.0,0,0.0,0.0,18.0,0.0,0.0,-5.08768,0,0.0,0.06451613,0.072874494,0.14778633
2023,REG,17,00-0036510,K.Yeboah,TE,TE,NYJ,CLE,2.8,4.8,2,3,28.0,0,0.0,0.0,14.0,20.0,1.0,-2.0992365,0,2.0,0.06818182,0.07734807,0.15641637
2023,REG,17,00-0036628,J.Bates,TE,TE,WAS,SF,0.6,1.6,1,1,6.0,0,0.0,0.0,2.0,4.0,0.0,-2.8496299,0,3.0,0.03846154,0.01369863,0.06728135
2023,REG,17,00-0036637,N.Gray,TE,TE,KC,CIN,1.7,4.7,3,4,17.0,0,0.0,0.0,7.0,10.0,2.0,-1.0117004,0,2.4285715,0.14285715,0.044585988,0.2454959
2023,REG,17,00-0034193,K.Rader,TE,TE,TEN,HOU,0.6,1.6,1,1,6.0,0,0.0,0.0,2.0,4.0,0.0,0.071789205,0,3.0,0.04,0.011363637,0.06795455
2023,REG,17,00-0036876,K.Granson,TE,TE,IND,LV,1.3,2.3,1,3,13.0,0,0.0,0.0,41.0,4.0,1.0,0.7520372,0,0.31707317,0.15,0.25625,0.404375
2023,REG,17,00-0036887,L.Farrell,TE,TE,JAX,CAR,0.7,1.7,1,1,7.0,0,0.0,0.0,6.0,1.0,0.0,0.5520943,0,1.1666666,0.04347826,0.040816326,0.09378882
2023,REG,17,00-0036894,P.Freiermuth,TE,TE,PIT,SEA,4.4,7.4,3,4,44.0,0,0.0,0.0,13.0,31.0,1.0,2.7578368,0,3.3846154,0.1904762,0.072222225,0.33626986
2023,REG,17,00-0036970,K.Pitts,TE,TE,ATL,CHI,0.5,1.5,1,5,5.0,0,0.0,0.0,79.0,1.0,0.0,-2.7610798,0,0.06329114,0.15625,0.2379518,0.40094125
2023,REG,17,00-0037005,T.Tremble,TE,TE,CAR,JAX,0.6,1.6,1,3,6.0,0,0.0,0.0,24.0,6.0,0.0,-5.458832,0,0.25,0.09677419,0.097165994,0.21317749
2023,REG,17,00-0035771,M.Wilcox,TE,TE,CIN,KC,0.0,0.0,0,1,0.0,0,0.0,0.0,-4.0,0.0,0.0,-0.4668797,0,0.0,0.032258064,-0.016666668,0.03672043
2023,REG,17,00-0031610,D.Waller,TE,TE,NYG,LA,5.1,10.1,5,6,51.0,0,0.0,0.0,41.0,29.0,2.0,3.5666442,0,1.2439024,0.15384616,0.12732919,0.31989968
2023,REG,17,00-0033110,T.Higbee,TE,TE,LA,NYG,6.2,12.2,6,7,62.0,0,0.0,0.0,12.0,55.0,5.0,3.7838356,0,5.1666665,0.20588236,0.060606062,0.35124776
2023,REG,17,00-0034270,T.Conklin,TE,TE,NYJ,CLE,4.5,9.5,5,5,45.0,0,0.0,0.0,35.0,10.0,3.0,2.1865442,0,1.2857143,0.11363637,0.19337016,0.30581367
2023,REG,17,00-0033576,E.Saubert,TE,TE,HOU,TEN,0.2,1.2,1,1,2.0,0,0.0,0.0,-3.0,5.0,0.0,0.024403555,0,0.0,0.032258064,-0.019607844,0.034661606
2023,REG,17,00-0033439,P.Brown,TE,TE,NE,BUF,-1.5,-0.5,1,1,5.0,0,1.0,1.0,1.0,4.0,0.0,-4.4344177,0,5.0,0.041666668,0.005076142,0.0660533
2023,REG,17,00-0034364,J.Akins,TE,TE,CLE,NYJ,2.8,3.8,1,1,28.0,0,0.0,0.0,22.0,6.0,1.0,1.8039758,0,1.2727273,0.03448276,0.12290503,0.13775766
2023,REG,17,00-0034383,D.Schultz,TE,TE,HOU,TEN,1.9,3.9,2,4,19.0,0,0.0,0.0,23.0,19.0,2.0,-0.00086226617,0,0.82608694,0.12903225,0.1503268,0.29877713
2023,REG,17,00-0034613,T.Hudson,TE,TE,CIN,KC,3.8,6.8,3,7,38.0,0,0.0,0.0,51.0,22.0,3.0,0.7526795,0,0.74509805,0.22580644,0.2125,0.4874597
2023,REG,17,00-0034351,D.Goedert,TE,TE,PHI,ARI,10.7,15.7,5,6,47.0,1,0.0,0.0,44.0,24.0,3.0,5.5014267,0,1.0681819,0.26086956,0.19555555,0.52819324
2023,REG,17,00-0033288,G.Kittle,TE,TE,SF,WAS,2.9,5.9,3,4,29.0,0,0.0,0.0,38.0,5.0,1.0,0.8753605,0,0.7631579,0.14814815,0.20652173,0.36678743
2023,REG,17,00-0034798,D.Smythe,TE,TE,MIA,BAL,5.4,8.4,3,3,54.0,0,0.0,0.0,38.0,16.0,3.0,5.505309,0,1.4210526,0.083333336,0.14393939,0.22575757
2023,REG,17,00-0034829,M.Gesicki,TE,TE,NE,BUF,3.5,7.5,4,6,35.0,0,0.0,0.0,36.0,14.0,1.0,-3.3169794,0,0.9722222,0.25,0.18274112,0.5029188
2023,REG,17,00-0034981,F.Moreau,TE,TE,NO,TB,1.3,2.3,1,1,13.0,0,0.0,0.0,10.0,3.0,1.0,1.7117336,0,1.3,0.029411765,0.061349694,0.08706243
2023,REG,17,00-0033246,J.Mundt,TE,TE,MIN,GB,9.9,13.9,4,7,39.0,1,0.0,0.0,22.0,23.0,2.0,-4.471703,0,1.7727273,0.22580644,0.09053498,0.40208417
2023,REG,17,00-0035249,J.Oliver,TE,TE,MIN,GB,1.7,2.7,1,2,17.0,0,0.0,0.0,13.0,13.0,1.0,0.26765987,0,1.3076923,0.06451613,0.053497944,0.13422275
2023,REG,17,00-0033217,M.Alie-Cox,TE,TE,IND,LV,1.8,3.8,2,3,18.0,0,0.0,0.0,11.0,11.0,1.0,-0.6433352,0,1.6363636,0.15,0.06875,0.273125
2023,REG,17,00-0035631,D.Sample,TE,TE,CIN,KC,2.1,5.1,3,4,21.0,0,0.0,0.0,18.0,21.0,1.0,0.7280938,0,1.1666666,0.12903225,0.075,0.24604839
2023,REG,17,00-0035644,N.Fant,TE,TE,SEA,PIT,5.9,10.9,5,6,59.0,0,0.0,0.0,49.0,21.0,3.0,2.43465,0,1.2040817,0.18181819,0.21777777,0.4251717
2023,REG,17,00-0033757,R.Tonyan,TE,TE,CHI,ATL,4.0,7.0,3,4,40.0,0,0.0,0.0,39.0,21.0,2.0,1.4050697,0,1.0256411,0.13333334,0.14942528,0.3045977
2023,REG,17,00-0037282,J.Mitchell,TE,TE,DET,DAL,0.4,1.4,1,1,4.0,0,0.0,0.0,1.0,3.0,0.0,-0.15008782,0,4.0,0.03125,0.0040650405,0.04972053
2023,REG,17,00-0034365,I.Thomas,TE,TE,CAR,JAX,0.0,0.0,0,1,0.0,0,0.0,0.0,23.0,0.0,0.0,-1.6497337,0,0.0,0.032258064,0.09311741,0.11356928
2023,REG,17,00-0038115,D.Bellinger,TE,TE,NYG,LA,3.9,7.9,4,4,39.0,0,0.0,0.0,19.0,20.0,0.0,0.5682761,0,2.0526316,0.102564104,0.05900621,0.1951505
2023,REG,17,00-0031585,M.Pruitt,TE,TE,ATL,CHI,1.4,2.4,1,1,14.0,0,0.0,0.0,14.0,0.0,1.0,2.6044092,0,1.0,0.03125,0.042168673,0.076393075
2023,REG,17,00-0038041,J.Ferguson,TE,TE,DAL,DET,3.3,7.3,4,6,33.0,0,0.0,0.0,57.0,22.0,0.0,-1.0462248,0,0.57894737,0.16216215,0.14652957,0.34581393
2023,REG,17,00-0037569,P.Hendershot,TE,TE,DAL,DET,0.6,1.6,1,1,6.0,0,0.0,0.0,6.0,0.0,0.0,0.2950542,0,1.0,0.027027028,0.015424165,0.051337454
2023,REG,17,00-0038046,C.Kolar,TE,TE,BAL,MIA,7.9,8.9,1,1,19.0,1,0.0,0.0,19.0,0.0,1.0,4.225943,0,1.0,0.045454547,0.07630522,0.12159547
2023,REG,17,00-0033895,G.Everett,TE,TE,LAC,DEN,3.7,7.7,4,9,31.0,0,0.0,0.0,49.0,30.0,1.0,-3.1783934,0,0.63265306,0.24324325,0.175,0.48736486
2023,REG,17,00-0033885,D.Njoku,TE,TE,CLE,NYJ,11.4,17.4,6,8,134.0,0,1.0,1.0,47.0,98.0,3.0,-3.5893886,0,2.8510637,0.27586207,0.26256984,0.597592
2023,REG,17,00-0037838,I.Likely,TE,TE,BAL,MIA,16.2,18.2,2,3,42.0,2,0.0,0.0,28.0,27.0,2.0,6.675272,0,1.5,0.13636364,0.1124498,0.28326032
2023,REG,17,00-0037744,T.McBride,TE,TE,ARI,PHI,4.8,10.8,6,7,48.0,0,0.0,0.0,8.0,36.0,2.0,1.2644289,0,6.0,0.22580644,0.055944055,0.37787053
2023,REG,17,00-0037809,C.Okonkwo,TE,TE,TEN,HOU,3.4,6.4,3,4,34.0,0,0.0,0.0,17.0,20.0,1.0,-1.2028657,0,2.0,0.16,0.09659091,0.30761364
2023,REG,17,00-0031260,L.Thomas,TE,TE,WAS,SF,2.0,5.0,3,4,20.0,0,0.0,0.0,23.0,6.0,0.0,0.006567092,0,0.8695652,0.15384616,0.15753424,0.3410432
2023,REG,17,00-0033881,E.Engram,TE,TE,JAX,CAR,6.0,12.0,6,6,60.0,0,0.0,0.0,31.0,29.0,4.0,7.0805593,0,1.9354838,0.26086956,0.21088435,0.5389234
2023,REG,17,00-0037539,L.Krull,TE,TE,DEN,LAC,1.4,3.4,2,2,14.0,0,0.0,0.0,-3.0,17.0,1.0,1.3302397,0,0.0,0.06666667,-0.01369863,0.090410955
2023,REG,17,00-0037475,S.Smartt,TE,TE,LAC,DEN,2.3,4.3,2,2,23.0,0,0.0,0.0,16.0,7.0,1.0,1.3159337,0,1.4375,0.054054055,0.057142857,0.121081084
