year,week,player_id,player,firstName,lastName,position,team,points,points_ppr,points_half,passing_attempts,passing_completions,passing_yards,passing_tds,This Week,Last Week,Difference
2024,6,15864,Geno Smith,Geno,Smith,QB,SEA,17.74,17.74,17.74,37.66,25.0,269.3,1.43,"$7,900","$7,400",+500
2024,6,4361741,Brock Purdy,Brock,Purdy,QB,SF,18.36,18.36,18.36,33.34,22.47,273.36,1.66,"$7,800","$7,700",+100
2024,6,2577417,Dak Prescott,Dak,Prescott,QB,DAL,18.41,18.41,18.41,36.38,24.26,271.11,1.78,"$8,000","$8,000",0
2024,6,4432577,C.J. Stroud,C.J.,Stroud,QB,HOU,17.58,17.58,17.58,33.45,21.87,258.16,1.61,,,
2024,6,14880,Kirk Cousins,Kirk,Cousins,QB,ATL,17.12,17.12,17.12,34.58,22.74,259.82,1.85,"$7,400","$7,000",+400
2024,6,3915511,Joe Burrow,Joe,Burrow,QB,CIN,18.8,18.8,18.8,35.37,24.25,265.89,1.85,"$8,100","$7,800",+300
2024,6,12483,Matthew Stafford,Matthew,Stafford,QB,LAR,0.0,0.0,0.0,0.0,0.0,0.0,0.0,,,
2024,6,3139477,Patrick Mahomes,Patrick,Mahomes,QB,KC,,,,,,,,,,
2024,6,3916387,Lamar Jackson,Lamar,Jackson,QB,BAL,22.93,22.93,22.93,30.41,19.95,232.45,1.67,"$9,500","$8,800",+700
2024,6,3052587,Baker Mayfield,Baker,Mayfield,QB,TB,17.16,17.16,17.16,33.24,22.53,245.85,1.59,"$7,900","$7,900",0
2024,6,3917792,Daniel Jones,Daniel,Jones,QB,NYG,17.19,17.19,17.19,33.63,21.71,229.79,1.33,"$6,800","$6,700",+100
2024,6,4426348,Jayden Daniels,Jayden,Daniels,QB,WSH,21.4,21.4,21.4,31.57,22.07,233.53,1.18,"$8,700","$8,700",0
2024,6,3912547,Sam Darnold,Sam,Darnold,QB,MIN,0.0,0.0,0.0,0.0,0.0,0.0,0.0,,,
2024,6,4360310,Trevor Lawrence,Trevor,Lawrence,QB,JAX,15.55,15.55,15.55,34.92,21.72,234.54,1.33,"$7,300","$7,000",+300
2024,6,8439,Aaron Rodgers,Aaron,Rodgers,QB,NYJ,14.88,14.88,14.88,33.8,22.24,227.06,1.4,"$7,200","$6,900",+300
2024,6,4431611,Caleb Williams,Caleb,Williams,QB,CHI,16.12,16.12,16.12,33.02,21.24,232.22,1.3,"$7,400","$7,200",+200
2024,6,3046779,Jared Goff,Jared,Goff,QB,DET,16.06,16.06,16.06,34.1,22.73,250.99,1.6,"$7,700",-,-
2024,6,4038524,Gardner Minshew,Gardner,Minshew,QB,LV,,,,,,,,,,
2024,6,16757,Derek Carr,Derek,Carr,QB,NO,,,,,,,,"$7,500","$7,600",-100
2024,6,3917315,Kyler Murray,Kyler,Murray,QB,ARI,18.64,18.64,18.64,31.43,20.86,219.99,1.3,"$7,800","$7,500",+300
2024,6,4362887,Justin Fields,Justin,Fields,QB,PIT,17.55,17.55,17.55,27.11,17.69,184.82,1.18,"$7,600","$7,600",0
2024,6,3918298,Josh Allen,Josh,Allen,QB,BUF,19.46,19.46,19.46,30.94,19.43,215.99,1.39,"$9,300","$9,300",0
2024,6,4040715,Jalen Hurts,Jalen,Hurts,QB,PHI,20.52,20.52,20.52,30.36,19.44,221.98,1.39,"$8,300",-,-
2024,6,4036378,Jordan Love,Jordan,Love,QB,GB,18.24,18.24,18.24,33.47,22.33,255.69,1.81,"$8,500","$8,200",+300
2024,6,4426338,Bo Nix,Bo,Nix,QB,DEN,14.44,14.44,14.44,30.98,19.71,203.95,0.93,"$6,700","$6,600",+100
2024,6,3122840,Deshaun Watson,Deshaun,Watson,QB,CLE,14.23,14.23,14.23,32.04,19.01,195.58,1.07,"$6,600","$6,900",-300
2024,6,2578570,Jacoby Brissett,Jacoby,Brissett,QB,NE,0.0,0.0,0.0,0.0,0.0,0.0,0.0,"$6,400","$6,500",-100
2024,6,14012,Andy Dalton,Andy,Dalton,QB,CAR,13.93,13.93,13.93,33.66,21.75,222.97,1.26,"$7,100","$7,100",0
2024,6,4429084,Anthony Richardson,Anthony,Richardson,QB,IND,,,,,,,,"$7,300","$7,300",0
2024,6,4361418,Will Levis,Will,Levis,QB,TEN,14.58,14.58,14.58,31.69,20.97,227.76,1.22,"$6,600",-,-
2024,6,4038941,Justin Herbert,Justin,Herbert,QB,LAC,12.97,12.97,12.97,29.42,19.23,200.7,1.07,"$7,200",-,-
2024,6,11252,Joe Flacco,Joe,Flacco,QB,IND,14.09,14.09,14.09,33.47,20.69,230.83,1.28,"$7,200","$6,800",+400
2024,6,4241479,Tua Tagovailoa,Tua,Tagovailoa,QB,MIA,,,,,,,,,,
2024,6,4242512,Malik Willis,Malik,Willis,QB,GB,0.0,0.0,0.0,0.0,0.0,0.0,0.0,"$6,000","$6,000",0
2024,6,4685720,Bryce Young,Bryce,Young,QB,CAR,0.0,0.0,0.0,0.0,0.0,0.0,0.0,"$6,000","$6,000",0
2024,6,4035671,Tyler Huntley,Tyler,Huntley,QB,MIA,0.0,0.0,0.0,0.0,0.0,0.0,0.0,,,
2024,6,4036419,Skylar Thompson,Skylar,Thompson,QB,MIA,0.0,0.0,0.0,0.0,0.0,0.0,0.0,,,
2024,6,4260394,Aidan O'Connell,Aidan,O'Connell,QB,LV,12.57,12.57,12.57,31.6,19.9,214.81,1.01,,,
2024,6,3116407,Mason Rudolph,Mason,Rudolph,QB,TEN,0.0,0.0,0.0,0.0,0.0,0.0,0.0,"$6,600",-,-
2024,6,3045169,Tim Boyle,Tim,Boyle,QB,MIA,0.0,0.0,0.0,0.0,0.0,0.0,0.0,,,
2024,6,4242546,Davis Mills,Davis,Mills,QB,HOU,0.0,0.0,0.0,0.0,0.0,0.0,0.0,"$6,000","$6,000",0
2024,6,14163,Tyrod Taylor,Tyrod,Taylor,QB,NYJ,0.0,0.0,0.0,0.0,0.0,0.0,0.0,"$6,000","$6,300",-300
2024,6,2565969,Taylor Heinicke,Taylor,Heinicke,QB,LAC,0.0,0.0,0.0,0.0,0.0,0.0,0.0,"$6,000",-,-
2024,6,3059989,Nick Mullens,Nick,Mullens,QB,MIN,0.0,0.0,0.0,0.0,0.0,0.0,0.0,,,
2024,6,4597500,Adonai Mitchell,Adonai,Mitchell,QB,IND,3.74,5.74,4.74,,,,,,,
2024,6,4241464,Mac Jones,Mac,Jones,QB,JAX,0.0,0.0,0.0,0.0,0.0,0.0,0.0,"$6,000","$6,000",0
2024,6,4431452,Drake Maye,Drake,Maye,QB,NE,12.42,12.42,12.42,33.0,18.59,182.22,0.82,"$6,000","$6,000",0
2024,6,3115293,Kyle Allen,Kyle,Allen,QB,PIT,,,,,,,,"$6,000","$6,000",0
2024,6,3916370,Jack Fox,Jack,Fox,QB,DET,,,,,,,,,,
2024,6,4243322,Jake Haener,Jake,Haener,QB,NO,0.0,0.0,0.0,0.0,0.0,0.0,0.0,"$6,000","$6,000",0
2024,6,2969939,Jameis Winston,Jameis,Winston,QB,CLE,0.21,0.21,0.21,0.0,0.0,0.0,0.0,"$6,300","$6,000",+300
2024,6,2976212,Stefon Diggs,Stefon,Diggs,QB,HOU,10.0,15.84,12.92,,,,,,,
2024,6,4374302,Amon-Ra St. Brown,Amon-Ra,St. Brown,QB,DET,10.91,17.77,14.34,,,,,,,
2024,6,2972515,Cooper Rush,Cooper,Rush,QB,DAL,0.0,0.0,0.0,0.0,0.0,0.0,0.0,"$6,000","$6,000",0
2024,6,3039707,Mitchell Trubisky,Mitchell,Trubisky,QB,BUF,0.0,0.0,0.0,0.0,0.0,0.0,0.0,"$6,000","$6,000",0
2024,6,11394,Josh Johnson,Josh,Johnson,QB,BAL,0.0,0.0,0.0,0.0,0.0,0.0,0.0,"$6,000","$6,000",0
2024,6,11394,Josh Johnson,Josh,Johnson,QB,BAL,0.0,0.0,0.0,,,,,"$6,000","$6,000",0
2024,6,15153,Johnny Hekker,Johnny,Hekker,QB,CAR,,,,,,,,,,
2024,6,3126486,Deebo Samuel Sr.,Deebo,Samuel Sr.,QB,SF,10.61,15.15,12.88,,,,,,,
2024,6,4040655,Darnell Mooney,Darnell,Mooney,QB,ATL,8.23,12.46,10.34,,,,,,,
2024,6,4242431,Ty Chandler,Ty,Chandler,QB,MIN,0.0,0.0,0.0,,,,,,,
2024,6,4360797,Tutu Atwell,Tutu,Atwell,QB,LAR,0.0,0.0,0.0,,,,,,,
2024,6,4595348,Malik Nabers,Malik,Nabers,QB,NYG,,,,,,,,,,
2024,6,2576980,Marcus Mariota,Marcus,Mariota,QB,WSH,0.0,0.0,0.0,0.0,0.0,0.0,0.0,"$6,000","$6,000",0
