FirstName,LastName,Team,Position,This Week,Last Week,Difference
Jayden,Daniels,WAS,QB,"$8,700","$8,700",0
Kedon,Slovis,HOU,QB,"$6,000","$6,000",0
Bo,Nix,DEN,QB,"$6,700","$6,600",+100
Max,Duggan,LAC,QB,"$6,000",-,-
Easton,Stick,LAC,QB,"$6,000",-,-
Sam,Howell,SEA,QB,"$6,000","$6,000",0
Spencer,Rattler,NO,QB,"$6,000","$6,000",0
Rhys,Plumlee,JAC,QB,"$6,000","$6,000",0
Bryce,Young,CAR,QB,"$6,000","$6,000",0
Anthony,Richardson,IND,QB,"$7,300","$7,300",0
Michael,Pratt,TB,QB,"$6,000","$6,000",0
Andy,Dalton,CAR,QB,"$7,100","$7,100",0
Tyrod,Taylor,NYJ,QB,"$6,000","$6,300",-300
Trey,Lance,DAL,QB,"$6,000","$6,000",0
Caleb,Williams,CHI,QB,"$7,400","$7,200",+200
Drake,Maye,NE,QB,"$6,000","$6,000",0
Austin,Reed,CHI,QB,"$6,000","$6,000",0
Tyson,Bagent,CHI,QB,"$6,000","$6,000",0
Casey,Bauman,LAC,QB,"$6,000",-,-
Peewee,Jarrett,NYJ,QB,"$6,000","$6,000",0
Russell,Wilson,PIT,QB,"$6,000","$6,000",0
Kirk,Cousins,ATL,QB,"$7,400","$7,000",+400
Case,Keenum,HOU,QB,"$6,000","$6,000",0
Jameis,Winston,CLE,QB,"$6,300","$6,000",+300
Geno,Smith,SEA,QB,"$7,900","$7,400",+500
Nate,Sudfeld,DET,QB,"$6,000",-,-
Marcus,Mariota,WAS,QB,"$6,000","$6,000",0
Jacoby,Brissett,NE,QB,"$6,400","$6,500",-100
Jeff,Driskel,WAS,QB,"$6,000","$6,000",0
Nathan,Peterman,ATL,QB,"$6,000","$6,000",0
Brandon,Allen,SF,QB,"$6,000","$6,000",0
Dak,Prescott,DAL,QB,"$8,000","$8,000",0
Jared,Goff,DET,QB,"$7,700",-,-
Mitchell,Trubisky,BUF,QB,"$6,000","$6,000",0
Joshua,Dobbs,SF,QB,"$6,000","$6,000",0
Mike,White,BUF,QB,"$6,000","$6,000",0
Baker,Mayfield,TB,QB,"$7,900","$7,900",0
Cooper,Rush,DAL,QB,"$6,000","$6,000",0
Logan,Woodside,CIN,QB,"$6,000","$6,000",0
Derek,Carr,NO,QB,"$7,500","$7,600",-100
Will,Grier,PHI,QB,"$6,000",-,-
Jake,Luton,CAR,QB,"$6,000","$6,000",0
Kyle,Allen,PIT,QB,"$6,000","$6,000",0
Taylor,Heinicke,LAC,QB,"$6,000",-,-
Mason,Rudolph,TEN,QB,"$6,600",-,-
Alex,McGough,GB,QB,"$6,000","$6,000",0
Deshaun,Watson,CLE,QB,"$6,600","$6,900",-300
John,Wolford,TB,QB,"$6,000","$6,000",0
Trace,McSorley,WAS,QB,"$6,000","$6,000",0
Jake,Browning,CIN,QB,"$6,000","$6,000",0
Jarrett,Stidham,DEN,QB,"$6,000","$6,000",0
Minshew,II,LV,QB,"$6,500","$6,600",-100
Josh,Allen,BUF,QB,"$9,300","$9,300",0
Lamar,Jackson,BAL,QB,"$9,500","$8,800",+700
Joe,Burrow,CIN,QB,"$8,100","$7,800",+300
Ben,DiNucci,BUF,QB,"$6,000","$6,000",0
Kyler,Murray,ARI,QB,"$7,800","$7,500",+300
Daniel,Jones,NYG,QB,"$6,800","$6,700",+100
Drew,Lock,NYG,QB,"$6,000","$6,000",0
Joe,Flacco,IND,QB,"$7,200","$6,800",+400
Aaron,Rodgers,NYJ,QB,"$7,200","$6,900",+300
Jordan,Love,GB,QB,"$8,500","$8,200",+300
Justin,Herbert,LAC,QB,"$7,200",-,-
Kyle,Trask,TB,QB,"$6,000","$6,000",0
Jacob,Eason,GB,QB,"$6,000","$6,000",0
Jalen,Hurts,PHI,QB,"$8,300",-,-
Shane,Buechele,BUF,QB,"$6,000","$6,000",0
Josh,Johnson,BAL,QB,"$6,000","$6,000",0
Luis,Perez,LAC,QB,"$6,000",-,-
Brock,Purdy,SF,QB,"$7,800","$7,700",+100
Zack,Annexstad,TB,QB,"$6,000","$6,000",0
Hendon,Hooker,DET,QB,"$6,000",-,-
Emory,Jones,BAL,QB,"$6,000","$6,000",0
Sean,Clifford,GB,QB,"$6,000","$6,000",0
Will,Levis,TEN,QB,"$6,600",-,-
Ben,Bryant,NYJ,QB,"$6,000","$6,000",0
Desmond,Ridder,ARI,QB,"$6,000","$6,000",0
Tanner,Mordecai,SF,QB,"$6,000","$6,000",0
Jacob,Sirmon,CLE,QB,"$6,000","$6,000",0
Jake,Haener,NO,QB,"$6,000","$6,000",0
Sam,Hartman,WAS,QB,"$6,000","$6,000",0
Malik,Willis,GB,QB,"$6,000","$6,000",0
Chevan,Cordeiro,SEA,QB,"$6,000","$6,000",0
Carter,Bradley,LV,QB,"$6,000","$6,000",0
John,Paddock,ATL,QB,"$6,000","$6,000",0
Tanner,McKee,PHI,QB,"$6,000",-,-
Davis,Mills,HOU,QB,"$6,000","$6,000",0
Trevor,Lawrence,JAC,QB,"$7,300","$7,000",+300
Jaren,Hall,SEA,QB,"$6,000","$6,000",0
Zach,Wilson,DEN,QB,"$6,000","$6,000",0
Mac,Jones,JAC,QB,"$6,000","$6,000",0
Clayton,Tune,ARI,QB,"$6,000","$6,000",0
Adrian,Martinez,NYJ,QB,"$6,000","$6,000",0
Milton,III,NE,QB,"$6,000","$6,000",0
Justin,Fields,PIT,QB,"$7,600","$7,600",0
Jake,Fromm,DET,QB,"$6,000",-,-
Kenny,Pickett,PHI,QB,"$6,000",-,-
Jason,Bean,IND,QB,"$6,000","$6,000",0
Sam,Ehlinger,IND,QB,"$6,000","$6,000",0
Rocky,Lombardi,CIN,QB,"$6,000","$6,000",0
Jordan,Travis,NYJ,QB,"$6,000","$6,000",0
Malik,Cunningham,BAL,QB,"$6,000","$6,000",0
Jack,Plummer,CAR,QB,"$6,000","$6,000",0
Devin,Leary,BAL,QB,"$6,000","$6,000",0
Andrew,Peasley,NYJ,QB,"$6,000","$6,000",0
Nathan,Rourke,ATL,QB,"$6,000","$6,000",0
Tommy,DeVito,NYG,QB,"$6,000","$6,000",0
