FirstName,LastName,Team,Position,This Week,Last Week,Difference
Snoop,Conner,DAL,RB,"$4,000","$4,000",0
Kevin,Harris,NE,RB,"$4,000","$4,000",0
Eric,Gray,NYG,RB,"$4,700","$4,200",+500
Austin,Jones,WAS,RB,"$4,000","$4,000",0
Nathaniel,Peat,DAL,RB,"$4,000","$4,000",0
Breece,Hall,NYJ,RB,"$8,000","$7,900",+100
Roschon,Johnson,CHI,RB,"$6,000","$5,800",+200
Aidan,Robbins,CLE,RB,"$4,000","$4,000",0
Zonovan,Knight,DET,RB,"$4,000",-,-
Jawhar,Jordan,HOU,RB,"$4,000","$4,000",0
Walker,III,SEA,RB,"$7,300","$7,400",-100
Zach,Charbonnet,SEA,RB,"$5,600","$6,100",-500
Noah,Cain,CIN,RB,"$4,000","$4,000",0
Mahn,Davis,BUF,RB,"$5,700","$5,700",0
Kairee,Robinson,SEA,RB,"$4,000","$4,000",0
Sincere,McCormick,LV,RB,"$4,000","$4,000",0
Nichols,III,PHI,RB,"$4,000",-,-
Craig,Reynolds,DET,RB,"$4,300",-,-
Tyler,Goodson,IND,RB,"$4,700","$4,700",0
Tyjae,Spears,TEN,RB,"$5,700",-,-
Kenny,McIntosh,SEA,RB,"$4,300","$4,200",+100
Keilan,Robinson,JAC,RB,"$4,000","$4,000",0
Evan,Hull,IND,RB,"$4,200","$4,000",+200
Rhamondre,Stevenson,NE,RB,"$6,800","$6,700",+100
Jaylen,Warren,PIT,RB,"$5,300","$5,200",+100
Michael,Wiley,WAS,RB,"$4,000","$4,000",0
Isaiah,Spiller,LAC,RB,"$4,000",-,-
George,Holani,SEA,RB,"$4,000","$4,000",0
Terrell,Jennings,NE,RB,"$4,000","$4,000",0
Jase,McClellan,ATL,RB,"$4,000","$4,600",-600
Kendall,Milton,CIN,RB,"$4,000","$4,000",0
MarShawn,Lloyd,GB,RB,"$4,000","$4,000",0
Kendre,Miller,NO,RB,"$4,000","$4,000",0
Ellis,Merriweather,GB,RB,"$4,000","$4,000",0
Kimani,Vidal,LAC,RB,"$4,000",-,-
Tank,Bigsby,JAC,RB,"$6,000","$5,800",+200
Israel,Abanikanda,NYJ,RB,"$4,000","$4,000",0
Jahmyr,Gibbs,DET,RB,"$7,800",-,-
James,Robinson,NO,RB,"$4,400","$4,000",+400
Daijun,Edwards,PIT,RB,"$4,000","$4,000",0
Keaton,Mitchell,BAL,RB,"$4,000","$4,000",0
Bijan,Robinson,ATL,RB,"$8,500","$8,300",+200
Sean,Tucker,TB,RB,"$4,200","$4,300",-100
Deuce,Vaughn,DAL,RB,"$4,200","$4,100",+100
Rasheen,Ali,BAL,RB,"$4,000","$4,000",0
Rachaad,White,TB,RB,"$6,300","$6,400",-100
Dillon,Johnson,CAR,RB,"$4,000","$4,000",0
Jabari,Small,TEN,RB,"$4,000",-,-
Trey,Benson,ARI,RB,"$4,500","$4,900",-400
Jaleel,McLaughlin,DEN,RB,"$5,200","$5,100",+100
Nick,Bellore,WAS,RB,"$4,000","$4,000",0
Nate,McCrary,GB,RB,"$4,000","$4,000",0
Will,Shipley,PHI,RB,"$4,400",-,-
Bucky,Irving,TB,RB,"$5,700","$6,300",-600
Audric,Estime,DEN,RB,"$4,000","$4,000",0
Braelon,Allen,NYJ,RB,"$6,200","$6,000",+200
Jonathon,Brooks,CAR,RB,"$5,000","$5,100",-100
Isaiah,Davis,NYJ,RB,"$4,200","$4,200",0
Sione,Vaki,DET,RB,"$4,000",-,-
Julius,Chestnut,TEN,RB,"$4,000",-,-
Aaron,Shampklin,PIT,RB,"$4,000","$4,200",-200
Ramon,Jefferson,TB,RB,"$4,000","$4,000",0
Dante,Miller,NYG,RB,"$4,000","$4,000",0
Jacob,Saylors,CLE,RB,"$4,000","$4,000",0
Emanuel,Wilson,GB,RB,"$5,200","$5,200",0
Hunter,Luepke,DAL,RB,"$4,300","$4,200",+100
Elijah,Dotson,LAC,RB,"$4,000",-,-
Dylan,Laube,LV,RB,"$4,000","$4,000",0
Jalen,Jackson,JAC,RB,"$4,000","$4,000",0
Chris,Collier,BAL,RB,"$4,000","$4,000",0
Ian,Wheeler,CHI,RB,"$4,000","$4,000",0
Jaden,Shirden,CAR,RB,"$4,000","$4,000",0
Michael,Burton,DEN,RB,"$4,200","$4,200",0
Ameer,Abdullah,LV,RB,"$4,800","$4,100",+700
Dare,Ogunbowale,HOU,RB,"$5,400","$5,000",+400
Cordarrelle,Patterson,PIT,RB,"$4,800","$5,000",-200
Ezekiel,Elliott,DAL,RB,"$5,900","$5,600",+300
Derrick,Henry,BAL,RB,"$9,100","$9,200",-100
Kyle,Juszczyk,SF,RB,"$4,100","$4,200",-100
Gus,Edwards,LAC,RB,"$5,100",-,-
James,Conner,ARI,RB,"$8,000","$7,900",+100
Alvin,Kamara,NO,RB,"$8,800","$8,600",+200
Boston,Scott,PIT,RB,"$4,000","$4,000",0
Jamaal,Williams,NO,RB,"$5,300","$5,000",+300
Jakob,Johnson,NYG,RB,"$4,000","$4,000",0
Joe,Mixon,HOU,RB,"$8,300","$8,000",+300
Matt,Breida,SF,RB,"$4,000","$4,000",0
Nick,Chubb,CLE,RB,"$6,200","$6,000",+200
Nick,Bawden,HOU,RB,"$4,000","$4,000",0
Dalvin,Cook,DAL,RB,"$4,000","$4,000",0
Christian,McCaffrey,SF,RB,"$4,000","$4,000",0
Onta,Foreman,CLE,RB,"$5,100","$5,100",0
Royce,Freeman,CLE,RB,"$4,000","$4,000",0
Khari,Blasingame,CHI,RB,"$4,000","$4,000",0
Jeremy,McNichols,WAS,RB,"$5,000","$5,500",-500
Ernest,Johnson,JAC,RB,"$4,300","$4,400",-100
Mike,Boone,CAR,RB,"$4,000","$4,000",0
Ty,Johnson,BUF,RB,"$5,200","$5,200",0
Shawn,Vaughn,SF,RB,"$4,000","$4,000",0
Nyheim,Hines,CLE,RB,"$4,000","$4,000",0
Tony,Pollard,TEN,RB,"$7,000",-,-
Saquon,Barkley,PHI,RB,"$9,200",-,-
Adam,Prentice,NO,RB,"$4,000","$4,000",0
JaMycal,Hasty,NE,RB,"$4,200","$4,300",-100
Jonathan,Ward,PIT,RB,"$4,700","$4,000",+700
Trayveon,Williams,CIN,RB,"$4,200","$4,300",-100
Zack,Moss,CIN,RB,"$6,500","$6,600",-100
Jake,Funk,JAC,RB,"$4,000",-,-
Darrynton,Evans,BUF,RB,"$4,000","$4,000",0
Reggie,Gilliam,BUF,RB,"$4,200","$4,200",0
Devin,Singletary,NYG,RB,"$6,100","$6,200",-100
Mical,Perine,PIT,RB,"$4,000","$4,000",0
Travis,Homer,CHI,RB,"$4,000","$4,000",0
Brittain,Brown,SEA,RB,"$4,000","$4,000",0
Justice,Hill,BAL,RB,"$5,500","$5,900",-400
Miles,Sanders,CAR,RB,"$5,200","$5,300",-100
Rico,Dowdle,DAL,RB,"$6,100","$6,000",+100
Khalil,Herbert,CHI,RB,"$4,600","$4,800",-200
Josh,Jacobs,GB,RB,"$7,600","$7,000",+600
Avery,Williams,ATL,RB,"$4,200","$4,000",+200
Alexander,Mattison,LV,RB,"$5,600","$5,800",-200
Chris,Evans,CIN,RB,"$4,000","$4,000",0
Kene,Nwangwu,NYJ,RB,"$4,000","$4,000",0
David,Montgomery,DET,RB,"$7,900",-,-
Austin,Ekeler,WAS,RB,"$5,700","$6,000",-300
Patrick,Ricard,BAL,RB,"$4,200","$4,200",0
Chase,Edmonds,TB,RB,"$4,000","$4,000",0
Malik,Davis,DAL,RB,"$4,000","$4,000",0
Dameon,Pierce,HOU,RB,"$4,900","$5,300",-400
Xazavian,Valladay,NYJ,RB,"$4,000","$4,000",0
Trey,Sermon,IND,RB,"$6,000","$5,900",+100
Salvon,Ahmed,DEN,RB,"$4,000","$4,000",0
Jordan,Mason,SF,RB,"$8,900","$8,700",+200
Markese,Stepp,NYJ,RB,"$4,000","$4,000",0
Chuba,Hubbard,CAR,RB,"$7,400","$6,800",+600
Gary,Brightwell,CLE,RB,"$4,000","$4,000",0
Jaret,Patterson,LAC,RB,"$4,000",-,-
TaMerik,Williams,SEA,RB,"$4,000","$4,000",0
Cam,Akers,HOU,RB,"$5,800","$6,200",-400
Chase,Brown,CIN,RB,"$5,400","$6,100",-700
Isaac,Guerendo,SF,RB,"$4,800","$4,600",+200
Jonathan,Taylor,IND,RB,"$8,400","$8,500",-100
Spencer,Brown,ATL,RB,"$4,000","$4,000",0
Blake,Watson,DEN,RB,"$4,000","$4,000",0
Tyler,Allgeier,ATL,RB,"$5,400","$6,000",-600
Hairston,II,HOU,RB,"$4,000","$4,000",0
Kobe,Lewis,SEA,RB,"$4,000","$4,000",0
Jerome,Ford,CLE,RB,"$6,200","$6,300",-100
Najee,Harris,PIT,RB,"$7,200","$6,500",+700
Kenneth,Gainwell,PHI,RB,"$4,900",-,-
Antonio,Gibson,NE,RB,"$5,500","$5,400",+100
Hassan,Haskins,LAC,RB,"$4,100",-,-
Ben,Mason,LAC,RB,"$4,000",-,-
Zamir,White,LV,RB,"$5,500","$5,500",0
Andre,Swift,CHI,RB,"$6,900","$6,400",+500
James,Cook,BUF,RB,"$8,200","$8,200",0
Deshaun,Fenwick,NE,RB,"$4,000","$4,000",0
Joshua,Kelley,NYG,RB,"$4,000","$4,000",0
Jordan,Mims,NO,RB,"$4,000","$4,000",0
Elijah,Mitchell,SF,RB,"$4,000","$4,000",0
Raheem,Blackshear,CAR,RB,"$4,000","$4,000",0
Elijah,Collins,CIN,RB,"$4,000","$4,000",0
Hassan,Hall,ARI,RB,"$4,000","$4,000",0
Jack,Colletto,PIT,RB,"$4,000","$4,000",0
Jermar,Jefferson,DET,RB,"$4,000",-,-
AJ,Dillon,GB,RB,"$4,000","$4,000",0
Deon,Jackson,NYJ,RB,"$4,000","$4,000",0
Michael,Carter,ARI,RB,"$4,000","$4,000",0
British,Brooks,HOU,RB,"$4,100","$4,100",0
Javonte,Williams,DEN,RB,"$5,900","$5,900",0
Trent,Pennix,IND,RB,"$4,000","$4,000",0
DeeJay,Dallas,ARI,RB,"$4,000","$4,100",-100
Robert,Burns,ATL,RB,"$4,000","$4,000",0
Lorenzo,Lingard,NYG,RB,"$4,000","$4,000",0
Henry,Pearson,GB,RB,"$4,000","$4,000",0
Emari,Demercado,ARI,RB,"$4,600","$4,900",-300
Jarveon,Howard,GB,RB,"$4,000","$4,000",0
Jacob,Kibodi,NO,RB,"$4,000","$4,000",0
Jashaun,Corbin,NYG,RB,"$4,000","$4,000",0
Tyler,Badie,DEN,RB,"$4,100","$4,400",-300
Owen,Wright,BAL,RB,"$4,000","$4,000",0
