Player,wk6,wk5,wk4,wk3,wk2,wk1
Derrick Henry(BAL),100.0,100.0,100.0,100.0,100.0,100.0
Bijan Robinson(ATL),100.0,100.0,100.0,100.0,100.0,100.0
Saquon Barkley(PHI),100.0,100.0,100.0,100.0,100.0,100.0
Breece Hall(NYJ),99.9,99.9,99.9,99.9,99.9,99.9
Jonathan Taylor(IND),99.9,99.9,99.9,99.9,99.9,99.9
Jahmyr Gibbs(DET),99.9,99.9,99.9,99.9,99.9,99.9
Kyren Williams(LAR),99.8,99.8,99.8,99.8,99.8,99.8
Christian McCaffrey(SF),99.4,99.4,99.4,99.4,99.4,99.4
Alvin Kamara(NO),99.4,99.4,99.4,99.4,99.4,99.4
Josh Jacobs(GB),98.9,98.9,98.9,98.9,98.9,98.9
James Cook(BUF),98.6,98.6,98.6,98.6,98.6,98.6
De'Von Achane(MIA),98.0,98.0,98.0,98.0,98.0,98.0
Joe Mixon(HOU),97.9,97.9,97.9,97.9,97.9,97.9
Kenneth Walker III(SEA),97.7,97.7,97.7,97.7,97.7,97.7
Travis Etienne Jr.(JAC),97.6,97.6,97.6,97.6,97.6,97.6
Aaron Jones(MIN),96.1,96.1,96.1,96.1,96.1,96.1
James Conner(ARI),95.6,95.6,95.6,95.6,95.6,95.6
David Montgomery(DET),95.4,95.4,95.4,95.4,95.4,95.4
Jordan Mason(SF),94.8,94.8,94.8,94.8,94.8,94.8
D'Andre Swift(CHI),94.5,94.5,94.5,94.5,94.5,94.5
Brian Robinson Jr.(WAS),92.8,92.8,92.8,92.8,92.8,92.8
Tony Pollard(TEN),92.6,92.6,92.6,92.6,92.6,92.6
Rhamondre Stevenson(NE),91.5,91.5,91.5,91.5,91.5,91.5
Najee Harris(PIT),91.1,91.1,91.1,91.1,91.1,91.1
Rachaad White(TB),90.7,90.7,90.7,90.7,90.7,90.7
Isiah Pacheco(KC),90.5,90.5,90.5,90.5,90.5,90.5
Chuba Hubbard(CAR),89.5,89.5,89.5,89.5,89.5,89.5
J.K. Dobbins(LAC),87.7,87.7,87.7,87.7,87.7,87.7
Zack Moss(CIN),85.1,85.1,85.1,85.1,85.1,85.1
Javonte Williams(DEN),84.8,84.8,84.8,84.8,84.8,84.8
Devin Singletary(NYG),81.6,81.6,81.6,81.6,81.6,81.6
Nick Chubb(CLE),80.0,80.0,80.0,80.0,80.0,80.0
Austin Ekeler(WAS),80.0,80.0,80.0,80.0,80.0,80.0
Chase Brown(CIN),78.0,78.0,78.0,78.0,78.0,78.0
Jerome Ford(CLE),77.3,77.3,77.3,77.3,77.3,77.3
Kareem Hunt(KC),75.0,75.0,75.0,75.0,75.0,75.0
Rico Dowdle(DAL),72.0,72.0,72.0,72.0,72.0,72.0
Raheem Mostert(MIA),68.6,68.6,68.6,68.6,68.6,68.6
Bucky Irving(TB),66.1,66.1,66.1,66.1,66.1,66.1
Zach Charbonnet(SEA),64.4,64.4,64.4,64.4,64.4,64.4
Tyjae Spears(TEN),64.0,64.0,64.0,64.0,64.0,64.0
Jonathon Brooks(CAR),61.6,61.6,61.6,61.6,61.6,61.6
Tank Bigsby(JAC),54.1,54.1,54.1,54.1,54.1,54.1
Zamir White(LV),48.1,48.1,48.1,48.1,48.1,48.1
Trey Sermon(IND),46.9,46.9,46.9,46.9,46.9,46.9
Jaylen Warren(PIT),43.5,43.5,43.5,43.5,43.5,43.5
Antonio Gibson(NE),42.5,42.5,42.5,42.5,42.5,42.5
Alexander Mattison(LV),42.1,42.1,42.1,42.1,42.1,42.1
Braelon Allen(NYJ),41.0,41.0,41.0,41.0,41.0,41.0
Tyrone Tracy Jr.(NYG),37.2,37.2,37.2,37.2,37.2,37.2
Ezekiel Elliott(DAL),37.2,37.2,37.2,37.2,37.2,37.2
Tyler Allgeier(ATL),35.9,35.9,35.9,35.9,35.9,35.9
Ty Chandler(MIN),30.5,30.5,30.5,30.5,30.5,30.5
Gus Edwards(LAC),28.3,28.3,28.3,28.3,28.3,28.3
Justice Hill(BAL),27.1,27.1,27.1,27.1,27.1,27.1
Cam Akers(HOU),25.0,25.0,25.0,25.0,25.0,25.0
Jaleel McLaughlin(DEN),23.7,23.7,23.7,23.7,23.7,23.7
Roschon Johnson(CHI),21.6,21.6,21.6,21.6,21.6,21.6
Trey Benson(ARI),20.3,20.3,20.3,20.3,20.3,20.3
Blake Corum(LAR),16.9,16.9,16.9,16.9,16.9,16.9
Carson Steele(KC),11.7,11.7,11.7,11.7,11.7,11.7
Emanuel Wilson(GB),9.1,9.1,9.1,9.1,9.1,9.1
Jaylen Wright(MIA),9.1,9.1,9.1,9.1,9.1,9.1
Ray Davis(BUF),8.8,8.8,8.8,8.8,8.8,8.8
Samaje Perine(KC),8.2,8.2,8.2,8.2,8.2,8.2
Clyde Edwards-Helaire(KC),7.6,7.6,7.6,7.6,7.6,7.6
Kendre Miller(NO),7.3,7.3,7.3,7.3,7.3,7.3
MarShawn Lloyd(GB),6.9,6.9,6.9,6.9,6.9,6.9
Miles Sanders(CAR),6.9,6.9,6.9,6.9,6.9,6.9
Khalil Herbert(CHI),6.6,6.6,6.6,6.6,6.6,6.6
Jeremy McNichols(WAS),5.9,5.9,5.9,5.9,5.9,5.9
Keaton Mitchell(BAL),5.7,5.7,5.7,5.7,5.7,5.7
Kimani Vidal(LAC),4.9,4.9,4.9,4.9,4.9,4.9
Dameon Pierce(HOU),4.7,4.7,4.7,4.7,4.7,4.7
Dare Ogunbowale(HOU),4.5,4.5,4.5,4.5,4.5,4.5
Jamaal Williams(NO),4.2,4.2,4.2,4.2,4.2,4.2
Nick Bellore(WAS),3.0,3.0,3.0,3.0,3.0,3.0
Tyler Goodson(IND),2.9,2.9,2.9,2.9,2.9,2.9
Ty Johnson(BUF),2.6,2.6,2.6,2.6,2.6,2.6
Isaac Guerendo(SF),2.5,2.5,2.5,2.5,2.5,2.5
D'Onta Foreman(CLE),2.2,2.2,2.2,2.2,2.2,2.2
Cordarrelle Patterson(PIT),2.1,2.1,2.1,2.1,2.1,2.1
Dalvin Cook(DAL),1.8,1.8,1.8,1.8,1.8,1.8
Audric Estime(DEN),1.5,1.5,1.5,1.5,1.5,1.5
Eric Gray(NYG),1.3,1.3,1.3,1.3,1.3,1.3
Kenneth Gainwell(PHI),1.3,1.3,1.3,1.3,1.3,1.3
Elijah Mitchell(SF),1.2,1.2,1.2,1.2,1.2,1.2
Kyle Juszczyk(SF),1.0,1.0,1.0,1.0,1.0,1.0
Jeff Wilson Jr.(MIA),0.8,0.8,0.8,0.8,0.8,0.8
Sean Tucker(TB),0.7,0.7,0.7,0.7,0.7,0.7
AJ Dillon(GB),0.7,0.7,0.7,0.7,0.7,0.7
Tyler Badie(DEN),0.6,0.6,0.6,0.6,0.6,0.6
JaMycal Hasty(NE),0.5,0.5,0.5,0.5,0.5,0.5
Deuce Vaughn(DAL),0.5,0.5,0.5,0.5,0.5,0.5
Ameer Abdullah(LV),0.4,0.4,0.4,0.4,0.4,0.4
Kenny McIntosh(SEA),0.3,0.3,0.3,0.3,0.3,0.3
Aaron Shampklin(PIT),0.3,0.3,0.3,0.3,0.3,0.3
Pierre Strong Jr.(CLE),0.3,0.3,0.3,0.3,0.3,0.3
Isaiah Davis(NYJ),0.3,0.3,0.3,0.3,0.3,0.3
Will Shipley(PHI),0.3,0.3,0.3,0.3,0.3,0.3
Emari Demercado(ARI),0.2,0.2,0.2,0.2,0.2,0.2
Trayveon Williams(CIN),0.2,0.2,0.2,0.2,0.2,0.2
D'Ernest Johnson(JAC),0.2,0.2,0.2,0.2,0.2,0.2
Raheem Blackshear(CAR),0.2,0.2,0.2,0.2,0.2,0.2
Hunter Luepke(DAL),0.2,0.2,0.2,0.2,0.2,0.2
Craig Reynolds(DET),0.2,0.2,0.2,0.2,0.2,0.2
Ronnie Rivers(LAR),0.2,0.2,0.2,0.2,0.2,0.2
Travis Homer(CHI),0.1,0.1,0.1,0.1,0.1,0.1
C.J. Ham(MIN),0.1,0.1,0.1,0.1,0.1,0.1
Chase Edmonds(TB),0.1,0.1,0.1,0.1,0.1,0.1
Louis Rees-Zammit(JAC),0.1,0.1,0.1,0.1,0.1,0.1
DeeJay Dallas(ARI),0.1,0.1,0.1,0.1,0.1,0.1
Sione Vaki(DET),0.1,0.1,0.1,0.1,0.1,0.1
Dylan Laube(LV),0.1,0.1,0.1,0.1,0.1,0.1
Scott Matlock(LAC),0.1,0.1,0.1,0.1,0.1,0.1
Chris Rodriguez Jr.(WAS),0.1,0.1,0.1,0.1,0.1,0.1
Nyheim Hines(CLE),0.1,0.1,0.1,0.1,0.1,0.1
Keaontay Ingram(KC),0.1,0.1,0.1,0.1,0.1,0.1
Patrick Ricard(BAL),0.1,0.1,0.1,0.1,0.1,0.1
Julius Chestnut(TEN),0.1,0.1,0.1,0.1,0.1,0.1
Jase McClellan(ATL),0.1,0.1,0.1,0.1,0.1,0.1
Alec Ingold(MIA),0.1,0.1,0.1,0.1,0.1,0.1
Rasheen Ali(BAL),0.1,0.1,0.1,0.1,0.1,0.1
J.J. Taylor(HOU),0.1,0.1,0.1,0.1,0.1,0.1
Israel Abanikanda(NYJ),0.1,0.1,0.1,0.1,0.1,0.1
Velus Jones Jr.(CHI),0.1,0.1,0.1,0.1,0.1,0.1
Hassan Haskins(LAC),0.1,0.1,0.1,0.1,0.1,0.1
Evan Hull(IND),0.1,0.1,0.1,0.1,0.1,0.1
Avery Williams(ATL),0.1,0.1,0.1,0.1,0.1,0.1
Michael Carter(ARI),0.1,0.1,0.1,0.1,0.1,0.1
Chris Collier(BAL),0.0,0.0,0.0,0.0,0.0,0.0
Chris Evans(CIN),0.0,0.0,0.0,0.0,0.0,0.0
Chad Simpson(WAS),0.0,0.0,0.0,0.0,0.0,0.0
Chris Brooks(GB),0.0,0.0,0.0,0.0,0.0,0.0
Shane Bannon(KC),0.0,0.0,0.0,0.0,0.0,0.0
Sincere McCormick(LV),0.0,0.0,0.0,0.0,0.0,0.0
Samkon Gado(TEN),0.0,0.0,0.0,0.0,0.0,0.0
Jakob Johnson(NYG),0.0,0.0,0.0,0.0,0.0,0.0
Taquan Mizzell(NYG),0.0,0.0,0.0,0.0,0.0,0.0
Terrell Jennings(NE),0.0,0.0,0.0,0.0,0.0,0.0
Adam Prentice(NO),0.0,0.0,0.0,0.0,0.0,0.0
Xavier Omon(SF),0.0,0.0,0.0,0.0,0.0,0.0
Willie Carter(CHI),0.0,0.0,0.0,0.0,0.0,0.0
Tyrion Davis-Price(PHI),0.0,0.0,0.0,0.0,0.0,0.0
Tyreik McAllister(LV),0.0,0.0,0.0,0.0,0.0,0.0
Andrew Beck(GB),0.0,0.0,0.0,0.0,0.0,0.0
Anthony Alridge(WAS),0.0,0.0,0.0,0.0,0.0,0.0
Blake Watson(DEN),0.0,0.0,0.0,0.0,0.0,0.0
Brennan Clay(DEN),0.0,0.0,0.0,0.0,0.0,0.0
Troy Hairston II(HOU),0.0,0.0,0.0,0.0,0.0,0.0
British Brooks(HOU),0.0,0.0,0.0,0.0,0.0,0.0
Brittain Brown(SEA),0.0,0.0,0.0,0.0,0.0,0.0
Trent Pennix(IND),0.0,0.0,0.0,0.0,0.0,0.0
Carlos Washington Jr.(ATL),0.0,0.0,0.0,0.0,0.0,0.0
Tim Flanders(NO),0.0,0.0,0.0,0.0,0.0,0.0
Robert Burns(ATL),0.0,0.0,0.0,0.0,0.0,0.0
D.J. Williams(TB),0.0,0.0,0.0,0.0,0.0,0.0
Cody Schrader(LAR),0.0,0.0,0.0,0.0,0.0,0.0
Kenny Irons(CIN),0.0,0.0,0.0,0.0,0.0,0.0
Emani Bailey(KC),0.0,0.0,0.0,0.0,0.0,0.0
Kene Nwangwu(NYJ),0.0,0.0,0.0,0.0,0.0,0.0
Kendall Milton(CIN),0.0,0.0,0.0,0.0,0.0,0.0
Keilan Robinson(JAC),0.0,0.0,0.0,0.0,0.0,0.0
Ke'Shawn Vaughn(SF),0.0,0.0,0.0,0.0,0.0,0.0
Frank Gore Jr.(BUF),0.0,0.0,0.0,0.0,0.0,0.0
Garrett Mills(NE),0.0,0.0,0.0,0.0,0.0,0.0
Gary Brightwell(CLE),0.0,0.0,0.0,0.0,0.0,0.0
Jordan Mims(NO),0.0,0.0,0.0,0.0,0.0,0.0
George Holani(SEA),0.0,0.0,0.0,0.0,0.0,0.0
Jonathan Ward(PIT),0.0,0.0,0.0,0.0,0.0,0.0
Ian Wheeler(CHI),0.0,0.0,0.0,0.0,0.0,0.0
Jermar Jefferson(DET),0.0,0.0,0.0,0.0,0.0,0.0
Jabari Small(TEN),0.0,0.0,0.0,0.0,0.0,0.0
Jay Finley(CIN),0.0,0.0,0.0,0.0,0.0,0.0
Jake Funk(JAC),0.0,0.0,0.0,0.0,0.0,0.0
Javian Hawkins(TEN),0.0,0.0,0.0,0.0,0.0,0.0
Ellis Merriweather(GB),0.0,0.0,0.0,0.0,0.0,0.0
Kevin Harris(NE),0.0,0.0,0.0,0.0,0.0,0.0
Reggie Gilliam(BUF),0.0,0.0,0.0,0.0,0.0,0.0
Khari Blasingame(CHI),0.0,0.0,0.0,0.0,0.0,0.0
Colson Yankoff(WAS),0.0,0.0,0.0,0.0,0.0,0.0
Patrick Taylor Jr.(SF),0.0,0.0,0.0,0.0,0.0,0.0
Owen Wright(BAL),0.0,0.0,0.0,0.0,0.0,0.0
Jaret Patterson(LAC),0.0,0.0,0.0,0.0,0.0,0.0
Dante Miller(NYG),0.0,0.0,0.0,0.0,0.0,0.0
Dantrell Savage(CAR),0.0,0.0,0.0,0.0,0.0,0.0
Myles Gaskin(MIN),0.0,0.0,0.0,0.0,0.0,0.0
Darrynton Evans(BUF),0.0,0.0,0.0,0.0,0.0,0.0
Mike Weber(NYG),0.0,0.0,0.0,0.0,0.0,0.0
Mike Boone(CAR),0.0,0.0,0.0,0.0,0.0,0.0
Michael Wiley(WAS),0.0,0.0,0.0,0.0,0.0,0.0
Michael Burton(DEN),0.0,0.0,0.0,0.0,0.0,0.0
Malik Davis(DAL),0.0,0.0,0.0,0.0,0.0,0.0
Madison Hedgecock(NYG),0.0,0.0,0.0,0.0,0.0,0.0
La'Mical Perine(PIT),0.0,0.0,0.0,0.0,0.0,0.0
Deneric Prince(MIA),0.0,0.0,0.0,0.0,0.0,0.0
Dillon Johnson(CAR),0.0,0.0,0.0,0.0,0.0,0.0
Zavier Scott(MIN),0.0,0.0,0.0,0.0,0.0,0.0
John Kelly Jr.(FA),,,,,0.0,
