Player,wk6,wk5,wk4,wk3,wk2,wk1
San Francisco 49ers(SF),94.8,94.8,94.8,94.8,94.8,94.8
Pittsburgh Steelers(PIT),93.2,93.2,93.2,93.2,93.2,93.2
New York Jets(NYJ),83.1,83.1,83.1,83.1,83.1,83.1
Philadelphia Eagles(PHI),81.5,81.5,81.5,81.5,81.5,81.5
Denver Broncos(DEN),79.4,79.4,79.4,79.4,79.4,79.4
Houston Texans(HOU),76.4,76.4,76.4,76.4,76.4,76.4
Baltimore Ravens(BAL),71.5,71.5,71.5,71.5,71.5,71.5
Minnesota Vikings(MIN),70.2,70.2,70.2,70.2,70.2,70.2
Chicago Bears(CHI),65.3,65.3,65.3,65.3,65.3,65.3
Cleveland Browns(CLE),62.9,62.9,62.9,62.9,62.9,62.9
Dallas Cowboys(DAL),56.1,56.1,56.1,56.1,56.1,56.1
Buffalo Bills(BUF),55.7,55.7,55.7,55.7,55.7,55.7
Kansas City Chiefs(KC),48.1,48.1,48.1,48.1,48.1,48.1
Los Angeles Chargers(LAC),45.5,45.5,45.5,45.5,45.5,45.5
New Orleans Saints(NO),41.5,41.5,41.5,41.5,41.5,41.5
Green Bay Packers(GB),39.6,39.6,39.6,39.6,39.6,39.6
Tampa Bay Buccaneers(TB),34.6,34.6,34.6,34.6,34.6,34.6
Miami Dolphins(MIA),34.5,34.5,34.5,34.5,34.5,34.5
Seattle Seahawks(SEA),30.4,30.4,30.4,30.4,30.4,30.4
Indianapolis Colts(IND),25.5,25.5,25.5,25.5,25.5,25.5
Detroit Lions(DET),19.9,19.9,19.9,19.9,19.9,19.9
Atlanta Falcons(ATL),19.1,19.1,19.1,19.1,19.1,19.1
Cincinnati Bengals(CIN),17.6,17.6,17.6,17.6,17.6,17.6
Las Vegas Raiders(LV),15.0,15.0,15.0,15.0,15.0,15.0
Jacksonville Jaguars(JAC),10.6,10.6,10.6,10.6,10.6,10.6
Washington Commanders(WAS),10.4,10.4,10.4,10.4,10.4,10.4
New England Patriots(NE),8.6,8.6,8.6,8.6,8.6,8.6
Tennessee Titans(TEN),3.4,3.4,3.4,3.4,3.4,3.4
New York Giants(NYG),3.3,3.3,3.3,3.3,3.3,3.3
Carolina Panthers(CAR),1.0,1.0,1.0,1.0,1.0,1.0
Los Angeles Rams(LAR),0.8,0.8,0.8,0.8,0.8,0.8
Arizona Cardinals(ARI),0.8,0.8,0.8,0.8,0.8,0.8
