Player,wk6,wk5,wk4,wk3,wk2,wk1
Justin Jefferson(MIN),100.0,100.0,100.0,100.0,100.0,100.0
Amon-Ra St. Brown(DET),100.0,100.0,100.0,100.0,100.0,100.0
CeeDee Lamb(DAL),100.0,100.0,100.0,100.0,100.0,100.0
Ja'Marr Chase(CIN),100.0,100.0,100.0,100.0,100.0,100.0
A.J. Brown(PHI),99.9,99.9,99.9,99.9,99.9,99.9
Tyreek Hill(MIA),99.8,99.8,99.8,99.8,99.8,99.8
Marvin Harrison Jr.(ARI),99.7,99.7,99.7,99.7,99.7,99.7
Garrett Wilson(NYJ),99.5,99.5,99.5,99.5,99.5,99.5
Nico Collins(HOU),99.2,99.2,99.2,99.2,99.2,99.2
Mike Evans(TB),99.0,99.0,99.0,99.0,99.0,99.0
Drake London(ATL),98.9,98.9,98.9,98.9,98.9,98.9
Deebo Samuel Sr.(SF),98.9,98.9,98.9,98.9,98.9,98.9
DK Metcalf(SEA),98.6,98.6,98.6,98.6,98.6,98.6
Stefon Diggs(HOU),98.6,98.6,98.6,98.6,98.6,98.6
Malik Nabers(NYG),98.4,98.4,98.4,98.4,98.4,98.4
Brandon Aiyuk(SF),98.1,98.1,98.1,98.1,98.1,98.1
Davante Adams(LV),98.0,98.0,98.0,98.0,98.0,98.0
Chris Olave(NO),97.6,97.6,97.6,97.6,97.6,97.6
DJ Moore(CHI),97.3,97.3,97.3,97.3,97.3,97.3
DeVonta Smith(PHI),97.0,97.0,97.0,97.0,97.0,97.0
Cooper Kupp(LAR),96.1,96.1,96.1,96.1,96.1,96.1
Chris Godwin(TB),95.7,95.7,95.7,95.7,95.7,95.7
Zay Flowers(BAL),95.2,95.2,95.2,95.2,95.2,95.2
Terry McLaurin(WAS),94.4,94.4,94.4,94.4,94.4,94.4
Jayden Reed(GB),94.3,94.3,94.3,94.3,94.3,94.3
Puka Nacua(LAR),94.3,94.3,94.3,94.3,94.3,94.3
Tee Higgins(CIN),93.7,93.7,93.7,93.7,93.7,93.7
George Pickens(PIT),92.4,92.4,92.4,92.4,92.4,92.4
Amari Cooper(CLE),91.3,91.3,91.3,91.3,91.3,91.3
Michael Pittman Jr.(IND),91.3,91.3,91.3,91.3,91.3,91.3
Diontae Johnson(CAR),90.1,90.1,90.1,90.1,90.1,90.1
Tank Dell(HOU),88.6,88.6,88.6,88.6,88.6,88.6
Jaylen Waddle(MIA),88.1,88.1,88.1,88.1,88.1,88.1
Xavier Worthy(KC),87.9,87.9,87.9,87.9,87.9,87.9
Brian Thomas Jr.(JAC),87.2,87.2,87.2,87.2,87.2,87.2
Jaxon Smith-Njigba(SEA),85.8,85.8,85.8,85.8,85.8,85.8
Rashid Shaheed(NO),84.5,84.5,84.5,84.5,84.5,84.5
Jameson Williams(DET),83.6,83.6,83.6,83.6,83.6,83.6
Christian Kirk(JAC),82.1,82.1,82.1,82.1,82.1,82.1
Calvin Ridley(TEN),79.5,79.5,79.5,79.5,79.5,79.5
Darnell Mooney(ATL),78.2,78.2,78.2,78.2,78.2,78.2
Jordan Addison(MIN),76.8,76.8,76.8,76.8,76.8,76.8
Keenan Allen(CHI),72.8,72.8,72.8,72.8,72.8,72.8
Courtland Sutton(DEN),70.3,70.3,70.3,70.3,70.3,70.3
Wan'Dale Robinson(NYG),69.0,69.0,69.0,69.0,69.0,69.0
Rome Odunze(CHI),68.2,68.2,68.2,68.2,68.2,68.2
Ladd McConkey(LAC),63.6,63.6,63.6,63.6,63.6,63.6
Khalil Shakir(BUF),63.1,63.1,63.1,63.1,63.1,63.1
Jakobi Meyers(LV),61.5,61.5,61.5,61.5,61.5,61.5
Tyler Lockett(SEA),57.4,57.4,57.4,57.4,57.4,57.4
Rashee Rice(KC),56.9,56.9,56.9,56.9,56.9,56.9
DeAndre Hopkins(TEN),56.3,56.3,56.3,56.3,56.3,56.3
Jauan Jennings(SF),52.3,52.3,52.3,52.3,52.3,52.3
Josh Downs(IND),48.3,48.3,48.3,48.3,48.3,48.3
Keon Coleman(BUF),47.7,47.7,47.7,47.7,47.7,47.7
Jerry Jeudy(CLE),46.5,46.5,46.5,46.5,46.5,46.5
Dontayvion Wicks(GB),44.8,44.8,44.8,44.8,44.8,44.8
Christian Watson(GB),43.5,43.5,43.5,43.5,43.5,43.5
Allen Lazard(NYJ),39.3,39.3,39.3,39.3,39.3,39.3
Jalen Tolbert(DAL),35.7,35.7,35.7,35.7,35.7,35.7
Romeo Doubs(GB),32.4,32.4,32.4,32.4,32.4,32.4
Alec Pierce(IND),27.8,27.8,27.8,27.8,27.8,27.8
Marquise Brown(KC),25.3,25.3,25.3,25.3,25.3,25.3
Quentin Johnston(LAC),25.0,25.0,25.0,25.0,25.0,25.0
Xavier Legette(CAR),24.5,24.5,24.5,24.5,24.5,24.5
Mike Williams(NYJ),24.3,24.3,24.3,24.3,24.3,24.3
JuJu Smith-Schuster(KC),24.3,24.3,24.3,24.3,24.3,24.3
Gabe Davis(JAC),21.6,21.6,21.6,21.6,21.6,21.6
Darius Slayton(NYG),21.2,21.2,21.2,21.2,21.2,21.2
Adam Thielen(CAR),18.4,18.4,18.4,18.4,18.4,18.4
Ray-Ray McCloud III(ATL),17.8,17.8,17.8,17.8,17.8,17.8
Demarcus Robinson(LAR),15.8,15.8,15.8,15.8,15.8,15.8
Tutu Atwell(LAR),15.7,15.7,15.7,15.7,15.7,15.7
Tre Tucker(LV),15.4,15.4,15.4,15.4,15.4,15.4
Michael Wilson(ARI),15.1,15.1,15.1,15.1,15.1,15.1
DeMario Douglas(NE),14.2,14.2,14.2,14.2,14.2,14.2
Curtis Samuel(BUF),14.1,14.1,14.1,14.1,14.1,14.1
Brandin Cooks(DAL),13.9,13.9,13.9,13.9,13.9,13.9
Joshua Palmer(LAC),13.2,13.2,13.2,13.2,13.2,13.2
Ja'Lynn Polk(NE),10.4,10.4,10.4,10.4,10.4,10.4
Adonai Mitchell(IND),9.8,9.8,9.8,9.8,9.8,9.8
Jordan Whittington(LAR),8.8,8.8,8.8,8.8,8.8,8.8
Rashod Bateman(BAL),8.4,8.4,8.4,8.4,8.4,8.4
Andrei Iosivas(CIN),6.3,6.3,6.3,6.3,6.3,6.3
Ricky Pearsall(SF),4.9,4.9,4.9,4.9,4.9,4.9
Jahan Dotson(PHI),4.1,4.1,4.1,4.1,4.1,4.1
Greg Dortch(ARI),4.0,4.0,4.0,4.0,4.0,4.0
Jalin Hyatt(NYG),2.3,2.3,2.3,2.3,2.3,2.3
Tyler Johnson(LAR),2.3,2.3,2.3,2.3,2.3,2.3
Jalen Nailor(MIN),2.3,2.3,2.3,2.3,2.3,2.3
Marvin Mims Jr.(DEN),2.3,2.3,2.3,2.3,2.3,2.3
Odell Beckham Jr.(MIA),2.3,2.3,2.3,2.3,2.3,2.3
Tyler Boyd(TEN),2.2,2.2,2.2,2.2,2.2,2.2
Xavier Hutchinson(HOU),2.1,2.1,2.1,2.1,2.1,2.1
Luke McCaffrey(WAS),2.1,2.1,2.1,2.1,2.1,2.1
Jalen McMillan(TB),1.9,1.9,1.9,1.9,1.9,1.9
DJ Chark Jr.(LAC),1.8,1.8,1.8,1.8,1.8,1.8
Kendrick Bourne(NE),1.7,1.7,1.7,1.7,1.7,1.7
Josh Reynolds(DEN),1.5,1.5,1.5,1.5,1.5,1.5
Jonathan Mingo(CAR),1.5,1.5,1.5,1.5,1.5,1.5
KaVontae Turpin(DAL),0.9,0.9,0.9,0.9,0.9,0.9
Zay Jones(ARI),0.9,0.9,0.9,0.9,0.9,0.9
Elijah Moore(CLE),0.9,0.9,0.9,0.9,0.9,0.9
Troy Franklin(DEN),0.8,0.8,0.8,0.8,0.8,0.8
Justin Watson(KC),0.8,0.8,0.8,0.8,0.8,0.8
Noah Brown(WAS),0.8,0.8,0.8,0.8,0.8,0.8
Calvin Austin III(PIT),0.8,0.8,0.8,0.8,0.8,0.8
Roman Wilson(PIT),0.8,0.8,0.8,0.8,0.8,0.8
Jermaine Burton(CIN),0.8,0.8,0.8,0.8,0.8,0.8
Dee Williams(SEA),0.7,0.7,0.7,0.7,0.7,0.7
Bo Melton(GB),0.7,0.7,0.7,0.7,0.7,0.7
Lil'Jordan Humphrey(DEN),0.6,0.6,0.6,0.6,0.6,0.6
Trey Palmer(TB),0.5,0.5,0.5,0.5,0.5,0.5
Malachi Corley(NYJ),0.5,0.5,0.5,0.5,0.5,0.5
Nelson Agholor(BAL),0.4,0.4,0.4,0.4,0.4,0.4
Kalif Raymond(DET),0.4,0.4,0.4,0.4,0.4,0.4
Van Jefferson(PIT),0.4,0.4,0.4,0.4,0.4,0.4
Dyami Brown(WAS),0.3,0.3,0.3,0.3,0.3,0.3
Braxton Berrios(MIA),0.3,0.3,0.3,0.3,0.3,0.3
Xavier Gipson(NYJ),0.3,0.3,0.3,0.3,0.3,0.3
John Metchie III(HOU),0.2,0.2,0.2,0.2,0.2,0.2
Treylon Burks(TEN),0.2,0.2,0.2,0.2,0.2,0.2
K.J. Osborn(NE),0.2,0.2,0.2,0.2,0.2,0.2
Javon Baker(NE),0.2,0.2,0.2,0.2,0.2,0.2
Devaughn Vele(DEN),0.2,0.2,0.2,0.2,0.2,0.2
KhaDarel Hodge(ATL),0.2,0.2,0.2,0.2,0.2,0.2
Tim Patrick(DET),0.2,0.2,0.2,0.2,0.2,0.2
Skyy Moore(KC),0.2,0.2,0.2,0.2,0.2,0.2
Cedric Tillman(CLE),0.2,0.2,0.2,0.2,0.2,0.2
Mecole Hardman Jr.(KC),0.2,0.2,0.2,0.2,0.2,0.2
Jake Bobo(SEA),0.2,0.2,0.2,0.2,0.2,0.2
Mack Hollins(BUF),0.2,0.2,0.2,0.2,0.2,0.2
Johnny Wilson(PHI),0.1,0.1,0.1,0.1,0.1,0.1
Derius Davis(LAC),0.1,0.1,0.1,0.1,0.1,0.1
A.T. Perry(DEN),0.1,0.1,0.1,0.1,0.1,0.1
Chris Conley(SF),0.1,0.1,0.1,0.1,0.1,0.1
Devin Duvernay(JAC),0.1,0.1,0.1,0.1,0.1,0.1
Olamide Zaccheaus(WAS),0.1,0.1,0.1,0.1,0.1,0.1
Parris Campbell(PHI),0.1,0.1,0.1,0.1,0.1,0.1
Brandon Powell(MIN),0.1,0.1,0.1,0.1,0.1,0.1
DeAndre Carter(CHI),0.1,0.1,0.1,0.1,0.1,0.1
Sterling Shepard(TB),0.1,0.1,0.1,0.1,0.1,0.1
Marquez Valdes-Scantling(BUF),0.1,0.1,0.1,0.1,0.1,0.1
Kadarius Toney(CLE),0.1,0.1,0.1,0.1,0.1,0.1
Malik Washington(MIA),0.1,0.1,0.1,0.1,0.1,0.1
Rondale Moore(ATL),0.1,0.1,0.1,0.1,0.1,0.1
Malik Heath(GB),0.1,0.1,0.1,0.1,0.1,0.1
Robert Woods(HOU),0.1,0.1,0.1,0.1,0.1,0.1
Laviska Shenault Jr.(SEA),0.1,0.1,0.1,0.1,0.1,0.1
Kayshon Boutte(NE),0.1,0.1,0.1,0.1,0.1,0.1
David Moore(CAR),0.1,0.1,0.1,0.1,0.1,0.1
Scotty Miller(PIT),0.1,0.1,0.1,0.1,0.1,0.1
Deonte Harty(BAL),0.1,0.1,0.1,0.1,0.1,0.1
Ryan Flournoy(DAL),0.1,0.1,0.1,0.1,0.1,0.1
Ronnie Bell(SF),0.1,0.1,0.1,0.1,0.1,0.1
Devontez Walker(BAL),0.1,0.1,0.1,0.1,0.1,0.1
Charlie Jones(CIN),0.1,0.1,0.1,0.1,0.1,0.1
Ainias Smith(PHI),0.1,0.1,0.1,0.1,0.1,0.1
Trenton Irwin(CIN),0.1,0.1,0.1,0.1,0.1,0.1
Velus Jones Jr.(CHI),0.1,0.1,0.1,0.1,0.1,0.1
Tyquan Thornton(NE),0.1,0.1,0.1,0.1,0.1,0.1
Tyler Scott(CHI),0.1,0.1,0.1,0.1,0.1,0.1
Jacob Cowing(SF),0.1,0.1,0.1,0.1,0.1,0.1
DJ Turner(LV),0.1,0.1,0.1,0.1,0.1,0.1
Britain Covey(PHI),0.1,0.1,0.1,0.1,0.1,0.1
Brenden Rice(LAC),0.1,0.1,0.1,0.1,0.1,0.1
Jalen Brooks(DAL),0.1,0.1,0.1,0.1,0.1,0.1
Isaiah Williams(DET),0.1,0.1,0.1,0.1,0.1,0.1
Jha'Quan Jackson(TEN),0.1,0.1,0.1,0.1,0.1,0.1
Patrick Edwards(DET),0.0,0.0,0.0,0.0,0.0,0.0
Anthony Miller(BAL),0.0,0.0,0.0,0.0,0.0,0.0
Antoine Green(DET),0.0,0.0,0.0,0.0,0.0,0.0
Ahmarean Brown(BUF),0.0,0.0,0.0,0.0,0.0,0.0
Nikko Remigio(KC),0.0,0.0,0.0,0.0,0.0,0.0
David Sills V(DEN),0.0,0.0,0.0,0.0,0.0,0.0
Cole Burgess(CIN),0.0,0.0,0.0,0.0,0.0,0.0
Nsimba Webster(CHI),0.0,0.0,0.0,0.0,0.0,0.0
Zavier Scott(MIN),0.0,0.0,0.0,0.0,0.0,0.0
D.J. Montgomery(IND),0.0,0.0,0.0,0.0,0.0,0.0
David White Jr.(JAC),0.0,0.0,0.0,0.0,0.0,0.0
Xavier Johnson(HOU),0.0,0.0,0.0,0.0,0.0,0.0
Dayton Wade(BAL),0.0,0.0,0.0,0.0,0.0,0.0
Anthony Gould(IND),0.0,0.0,0.0,0.0,0.0,0.0
Ramel Keyton(LV),0.0,0.0,0.0,0.0,0.0,0.0
Praise Olatoke(CAR),0.0,0.0,0.0,0.0,0.0,0.0
Cody White(SEA),0.0,0.0,0.0,0.0,0.0,0.0
Rakim Jarrett(TB),0.0,0.0,0.0,0.0,0.0,0.0
Quinton Bell(MIA),0.0,0.0,0.0,0.0,0.0,0.0
Zach Pascal(ARI),0.0,0.0,0.0,0.0,0.0,0.0
Parker Washington(JAC),0.0,0.0,0.0,0.0,0.0,0.0
Cornelius Johnson(GB),0.0,0.0,0.0,0.0,0.0,0.0
Quintez Cephus(LAR),0.0,0.0,0.0,0.0,0.0,0.0
Quez Watkins(PIT),0.0,0.0,0.0,0.0,0.0,0.0
Xavier Smith(LAR),0.0,0.0,0.0,0.0,0.0,0.0
Xavier Weaver(ARI),0.0,0.0,0.0,0.0,0.0,0.0
Qadir Ismail(BAL),0.0,0.0,0.0,0.0,0.0,0.0
Anthony Schwartz(MIA),0.0,0.0,0.0,0.0,0.0,0.0
River Cracraft(MIA),0.0,0.0,0.0,0.0,0.0,0.0
Terrace Marshall Jr.(SF),0.0,0.0,0.0,0.0,0.0,0.0
Tyrell Shavers(BUF),0.0,0.0,0.0,0.0,0.0,0.0
Nick Westbrook-Ikhine(TEN),0.0,0.0,0.0,0.0,0.0,0.0
Tre'Quan Smith(DET),0.0,0.0,0.0,0.0,0.0,0.0
Steven Sims Jr.(HOU),0.0,0.0,0.0,0.0,0.0,0.0
TJ Luther(GB),0.0,0.0,0.0,0.0,0.0,0.0
Chris Moore(ARI),0.0,0.0,0.0,0.0,0.0,0.0
Tahj Washington(MIA),0.0,0.0,0.0,0.0,0.0,0.0
Tom Kennedy(DET),0.0,0.0,0.0,0.0,0.0,0.0
Tanner Knue(TB),0.0,0.0,0.0,0.0,0.0,0.0
Tyreik McAllister(LV),0.0,0.0,0.0,0.0,0.0,0.0
Tay Martin(TEN),0.0,0.0,0.0,0.0,0.0,0.0
Tim Jones(JAC),0.0,0.0,0.0,0.0,0.0,0.0
Thayer Thomas(MIN),0.0,0.0,0.0,0.0,0.0,0.0
Alex Bachman(LV),0.0,0.0,0.0,0.0,0.0,0.0
Chris Henry(CIN),0.0,0.0,0.0,0.0,0.0,0.0
Tejhaun Palmer(ARI),0.0,0.0,0.0,0.0,0.0,0.0
Trent Sherfield Sr.(MIN),0.0,0.0,0.0,0.0,0.0,0.0
Trent Taylor(SF),0.0,0.0,0.0,0.0,0.0,0.0
Andre Baccellia(ARI),0.0,0.0,0.0,0.0,0.0,0.0
Trishton Jackson(MIN),0.0,0.0,0.0,0.0,0.0,0.0
Simi Fehoko(LAC),0.0,0.0,0.0,0.0,0.0,0.0
Seth Williams(DAL),0.0,0.0,0.0,0.0,0.0,0.0
Dareke Young(SEA),0.0,0.0,0.0,0.0,0.0,0.0
Samori Toure(CHI),0.0,0.0,0.0,0.0,0.0,0.0
Sam Wiglusz(LAR),0.0,0.0,0.0,0.0,0.0,0.0
Sam Giguere(NYG),0.0,0.0,0.0,0.0,0.0,0.0
Tylan Wallace(BAL),0.0,0.0,0.0,0.0,0.0,0.0
Ryan Miller(TB),0.0,0.0,0.0,0.0,0.0,0.0
Danny Gray(PHI),0.0,0.0,0.0,0.0,0.0,0.0
Cody Thompson(TB),0.0,0.0,0.0,0.0,0.0,0.0
David Bell(CLE),0.0,0.0,0.0,0.0,0.0,0.0
Terique Owens(SF),0.0,0.0,0.0,0.0,0.0,0.0
Rod Harper(PHI),0.0,0.0,0.0,0.0,0.0,0.0
Allen Robinson II(DET),0.0,0.0,0.0,0.0,0.0,0.0
Erik Ezukanma(MIA),0.0,0.0,0.0,0.0,0.0,0.0
Nate Hughes(JAC),0.0,0.0,0.0,0.0,0.0,0.0
Bryce Oliver(TEN),0.0,0.0,0.0,0.0,0.0,0.0
Jaray Jenkins(PIT),0.0,0.0,0.0,0.0,0.0,0.0
Jared Wayne(HOU),0.0,0.0,0.0,0.0,0.0,0.0
Jason Brownlee(NYJ),0.0,0.0,0.0,0.0,0.0,0.0
Bryce Ford-Wheaton(NYG),0.0,0.0,0.0,0.0,0.0,0.0
Jaylen Johnson(LAC),0.0,0.0,0.0,0.0,0.0,0.0
Jeff Foreman(LV),0.0,0.0,0.0,0.0,0.0,0.0
Jermaine Jackson(NO),0.0,0.0,0.0,0.0,0.0,0.0
Cedrick Wilson Jr.(NO),0.0,0.0,0.0,0.0,0.0,0.0
Jeshaun Jones(MIN),0.0,0.0,0.0,0.0,0.0,0.0
Jesse Matthews(ATL),0.0,0.0,0.0,0.0,0.0,0.0
John Jackson III(CHI),0.0,0.0,0.0,0.0,0.0,0.0
John Jiles(NE),0.0,0.0,0.0,0.0,0.0,0.0
John Ross(PHI),0.0,0.0,0.0,0.0,0.0,0.0
John Stephens Jr.(DAL),0.0,0.0,0.0,0.0,0.0,0.0
Johnny Johnson III(HOU),0.0,0.0,0.0,0.0,0.0,0.0
Dez Fitzpatrick(LAC),0.0,0.0,0.0,0.0,0.0,0.0
Brandon Smith(NYJ),0.0,0.0,0.0,0.0,0.0,0.0
Jordan Matthews(CAR),0.0,0.0,0.0,0.0,0.0,0.0
Joshua Cephus(JAC),0.0,0.0,0.0,0.0,0.0,0.0
Jamison Crowder(WAS),0.0,0.0,0.0,0.0,0.0,0.0
Jamari Thrash(CLE),0.0,0.0,0.0,0.0,0.0,0.0
N'Keal Harry(MIN),0.0,0.0,0.0,0.0,0.0,0.0
Donovan Peoples-Jones(DET),0.0,0.0,0.0,0.0,0.0,0.0
Casey Washington(ATL),0.0,0.0,0.0,0.0,0.0,0.0
Grant DuBose(MIA),0.0,0.0,0.0,0.0,0.0,0.0
Gunner Olszewski(NYG),0.0,0.0,0.0,0.0,0.0,0.0
Ihmir Smith-Marsette(NYG),0.0,0.0,0.0,0.0,0.0,0.0
Irvin Charles(NYJ),0.0,0.0,0.0,0.0,0.0,0.0
Isaiah Hodgins(NYG),0.0,0.0,0.0,0.0,0.0,0.0
Elijah Cooks(JAC),0.0,0.0,0.0,0.0,0.0,0.0
Bub Means(NO),0.0,0.0,0.0,0.0,0.0,0.0
JaQuae Jackson(NE),0.0,0.0,0.0,0.0,0.0,0.0
Jacob Harris(PHI),0.0,0.0,0.0,0.0,0.0,0.0
Jaelon Darden(CLE),0.0,0.0,0.0,0.0,0.0,0.0
Dylan Drummond(ATL),0.0,0.0,0.0,0.0,0.0,0.0
Brycen Tremayne(WAS),0.0,0.0,0.0,0.0,0.0,0.0
Jalen Coker(CAR),0.0,0.0,0.0,0.0,0.0,0.0
Jalen Cropper(DAL),0.0,0.0,0.0,0.0,0.0,0.0
Jalen Guyton(LV),0.0,0.0,0.0,0.0,0.0,0.0
Drake Stoops(LAR),0.0,0.0,0.0,0.0,0.0,0.0
Jalen Reagor(LAC),0.0,0.0,0.0,0.0,0.0,0.0
Jalen Virgil(BUF),0.0,0.0,0.0,0.0,0.0,0.0
Deven Thompkins(CAR),0.0,0.0,0.0,0.0,0.0,0.0
Julian Hicks(GB),0.0,0.0,0.0,0.0,0.0,0.0
Justin Shorter(LV),0.0,0.0,0.0,0.0,0.0,0.0
Justyn Ross(KC),0.0,0.0,0.0,0.0,0.0,0.0
Marcus Riley(NYJ),0.0,0.0,0.0,0.0,0.0,0.0
Marcus Rosemy-Jacksaint(PHI),0.0,0.0,0.0,0.0,0.0,0.0
Marcus Simms(SEA),0.0,0.0,0.0,0.0,0.0,0.0
Marko Mitchell(MIN),0.0,0.0,0.0,0.0,0.0,0.0
Equanimeous St. Brown(NO),0.0,0.0,0.0,0.0,0.0,0.0
Ben Skowronek(PIT),0.0,0.0,0.0,0.0,0.0,0.0
Mason Kinsey(TEN),0.0,0.0,0.0,0.0,0.0,0.0
Mason Tipton(NO),0.0,0.0,0.0,0.0,0.0,0.0
Maurice Purify(CIN),0.0,0.0,0.0,0.0,0.0,0.0
Michael Bandy(DEN),0.0,0.0,0.0,0.0,0.0,0.0
Austin Trammell(JAC),0.0,0.0,0.0,0.0,0.0,0.0
Dee Eskridge(MIA),0.0,0.0,0.0,0.0,0.0,0.0
Michael Woods II(CLE),0.0,0.0,0.0,0.0,0.0,0.0
Ashton Dulin(IND),0.0,0.0,0.0,0.0,0.0,0.0
Mike Furrey(WAS),0.0,0.0,0.0,0.0,0.0,0.0
Chris Blair(ATL),0.0,0.0,0.0,0.0,0.0,0.0
Miles Boykin(SEA),0.0,0.0,0.0,0.0,0.0,0.0
Mitchell Tinsley(WAS),0.0,0.0,0.0,0.0,0.0,0.0
Montrell Washington(KC),0.0,0.0,0.0,0.0,0.0,0.0
Malik Taylor(NYJ),0.0,0.0,0.0,0.0,0.0,0.0
Malik Cunningham(BAL),0.0,0.0,0.0,0.0,0.0,0.0
Demario Ballard(DET),0.0,0.0,0.0,0.0,0.0,0.0
Kelvin Harmon(DAL),0.0,0.0,0.0,0.0,0.0,0.0
Juwann Winfree(IND),0.0,0.0,0.0,0.0,0.0,0.0
KJ Hamler(BUF),0.0,0.0,0.0,0.0,0.0,0.0
Kaden Davis(DEN),0.0,0.0,0.0,0.0,0.0,0.0
Kameron Johnson(TB),0.0,0.0,0.0,0.0,0.0,0.0
Kazmeir Allen(WAS),0.0,0.0,0.0,0.0,0.0,0.0
Kearis Jackson(NYG),0.0,0.0,0.0,0.0,0.0,0.0
Brandon Johnson(PIT),0.0,0.0,0.0,0.0,0.0,0.0
Keith Kirkwood(BAL),0.0,0.0,0.0,0.0,0.0,0.0
Kendric Pryor(CIN),0.0,0.0,0.0,0.0,0.0,0.0
Lucky Jackson(MIN),0.0,0.0,0.0,0.0,0.0,0.0
Kenny McKinley(DEN),0.0,0.0,0.0,0.0,0.0,0.0
Colton Dowell(TEN),0.0,0.0,0.0,0.0,0.0,0.0
Kevin Austin Jr.(NO),0.0,0.0,0.0,0.0,0.0,0.0
Deon Cain(CAR),0.0,0.0,0.0,0.0,0.0,0.0
Kristian Wilkerson(LV),0.0,0.0,0.0,0.0,0.0,0.0
Kyle Philips(PHI),0.0,0.0,0.0,0.0,0.0,0.0
Bobby Wade(WAS),0.0,0.0,0.0,0.0,0.0,0.0
Laquon Treadwell(IND),0.0,0.0,0.0,0.0,0.0,0.0
Collin Johnson(CHI),0.0,0.0,0.0,0.0,0.0,0.0
James Proche II(FA),,0.0,0.0,0.0,0.0,
Robbie Chosen(FA),,,,,0.0,0.0
