Player,wk6,wk5,wk4,wk3,wk2,wk1
Josh Allen(BUF),100.0,100.0,100.0,100.0,100.0,100.0
Lamar Jackson(BAL),100.0,100.0,100.0,100.0,100.0,100.0
Jalen Hurts(PHI),99.9,99.9,99.9,99.9,99.9,99.9
Patrick Mahomes II(KC),98.2,98.2,98.2,98.2,98.2,98.2
C.J. Stroud(HOU),97.9,97.9,97.9,97.9,97.9,97.9
Jayden Daniels(WAS),97.3,97.3,97.3,97.3,97.3,97.3
Joe Burrow(CIN),96.6,96.6,96.6,96.6,96.6,96.6
Dak Prescott(DAL),94.5,94.5,94.5,94.5,94.5,94.5
Kyler Murray(ARI),93.9,93.9,93.9,93.9,93.9,93.9
Jordan Love(GB),92.9,92.9,92.9,92.9,92.9,92.9
Brock Purdy(SF),91.3,91.3,91.3,91.3,91.3,91.3
Baker Mayfield(TB),80.1,80.1,80.1,80.1,80.1,80.1
Anthony Richardson(IND),80.1,80.1,80.1,80.1,80.1,80.1
Kirk Cousins(ATL),74.6,74.6,74.6,74.6,74.6,74.6
Jared Goff(DET),64.0,64.0,64.0,64.0,64.0,64.0
Justin Fields(PIT),63.9,63.9,63.9,63.9,63.9,63.9
Caleb Williams(CHI),59.5,59.5,59.5,59.5,59.5,59.5
Geno Smith(SEA),56.8,56.8,56.8,56.8,56.8,56.8
Sam Darnold(MIN),51.1,51.1,51.1,51.1,51.1,51.1
Aaron Rodgers(NYJ),47.7,47.7,47.7,47.7,47.7,47.7
Trevor Lawrence(JAC),42.3,42.3,42.3,42.3,42.3,42.3
Justin Herbert(LAC),38.4,38.4,38.4,38.4,38.4,38.4
Tua Tagovailoa(MIA),35.7,35.7,35.7,35.7,35.7,35.7
Matthew Stafford(LAR),29.9,29.9,29.9,29.9,29.9,29.9
Taysom Hill(NO),29.4,29.4,29.4,29.4,29.4,29.4
Daniel Jones(NYG),23.3,23.3,23.3,23.3,23.3,23.3
Deshaun Watson(CLE),19.5,19.5,19.5,19.5,19.5,19.5
Derek Carr(NO),19.3,19.3,19.3,19.3,19.3,19.3
Bo Nix(DEN),10.5,10.5,10.5,10.5,10.5,10.5
Andy Dalton(CAR),8.1,8.1,8.1,8.1,8.1,8.1
Will Levis(TEN),7.1,7.1,7.1,7.1,7.1,7.1
Joe Flacco(IND),5.3,5.3,5.3,5.3,5.3,5.3
Drake Maye(NE),4.9,4.9,4.9,4.9,4.9,4.9
Spencer Rattler(NO),3.2,3.2,3.2,3.2,3.2,3.2
Russell Wilson(PIT),2.6,2.6,2.6,2.6,2.6,2.6
Gardner Minshew II(LV),2.4,2.4,2.4,2.4,2.4,2.4
Bryce Young(CAR),2.2,2.2,2.2,2.2,2.2,2.2
Aidan O'Connell(LV),1.6,1.6,1.6,1.6,1.6,1.6
Tyler Huntley(MIA),1.2,1.2,1.2,1.2,1.2,1.2
Malik Willis(GB),0.9,0.9,0.9,0.9,0.9,0.9
Jacoby Brissett(NE),0.9,0.9,0.9,0.9,0.9,0.9
J.J. McCarthy(MIN),0.9,0.9,0.9,0.9,0.9,0.9
Michael Penix Jr.(ATL),0.9,0.9,0.9,0.9,0.9,0.9
Jameis Winston(CLE),0.7,0.7,0.7,0.7,0.7,0.7
Skylar Thompson(MIA),0.6,0.6,0.6,0.6,0.6,0.6
Hendon Hooker(DET),0.2,0.2,0.2,0.2,0.2,0.2
Sam Howell(SEA),0.2,0.2,0.2,0.2,0.2,0.2
Kenny Pickett(PHI),0.2,0.2,0.2,0.2,0.2,0.2
Mitchell Trubisky(BUF),0.1,0.1,0.1,0.1,0.1,0.1
Mac Jones(JAC),0.1,0.1,0.1,0.1,0.1,0.1
Carson Wentz(KC),0.1,0.1,0.1,0.1,0.1,0.1
Marcus Mariota(WAS),0.1,0.1,0.1,0.1,0.1,0.1
Mason Rudolph(TEN),0.1,0.1,0.1,0.1,0.1,0.1
Drew Lock(NYG),0.1,0.1,0.1,0.1,0.1,0.1
Nick Mullens(MIN),0.1,0.1,0.1,0.1,0.1,0.1
Josh Johnson(BAL),0.1,0.1,0.1,0.1,0.1,0.1
Taylor Heinicke(LAC),0.1,0.1,0.1,0.1,0.1,0.1
Tim Boyle(MIA),0.1,0.1,0.1,0.1,0.1,0.1
Tommy DeVito(NYG),0.1,0.1,0.1,0.1,0.1,0.1
Trey Lance(DAL),0.1,0.1,0.1,0.1,0.1,0.1
Tyrod Taylor(NYJ),0.1,0.1,0.1,0.1,0.1,0.1
Tyson Bagent(CHI),0.1,0.1,0.1,0.1,0.1,0.1
Joshua Dobbs(SF),0.1,0.1,0.1,0.1,0.1,0.1
Zach Wilson(DEN),0.1,0.1,0.1,0.1,0.1,0.1
Davis Mills(HOU),0.1,0.1,0.1,0.1,0.1,0.1
Jake Haener(NO),0.1,0.1,0.1,0.1,0.1,0.1
Jordan Travis(NYJ),0.1,0.1,0.1,0.1,0.1,0.1
Cooper Rush(DAL),0.1,0.1,0.1,0.1,0.1,0.1
Jarrett Stidham(DEN),0.1,0.1,0.1,0.1,0.1,0.1
Jake Browning(CIN),0.1,0.1,0.1,0.1,0.1,0.1
Joe Milton III(NE),0.1,0.1,0.1,0.1,0.1,0.1
Jimmy Garoppolo(LAR),0.1,0.1,0.1,0.1,0.1,0.1
Shane Buechele(BUF),0.0,0.0,0.0,0.0,0.0,0.0
Devin Leary(BAL),0.0,0.0,0.0,0.0,0.0,0.0
Dorian Thompson-Robinson(CLE),0.0,0.0,0.0,0.0,0.0,0.0
Stetson Bennett(LAR),0.0,0.0,0.0,0.0,0.0,0.0
Tanner McKee(PHI),0.0,0.0,0.0,0.0,0.0,0.0
Tanner Mordecai(SF),0.0,0.0,0.0,0.0,0.0,0.0
Jake Luton(FA),0.0,0.0,0.0,0.0,0.0,0.0
Bailey Zappe(KC),0.0,0.0,0.0,0.0,0.0,0.0
Clayton Tune(ARI),0.0,0.0,0.0,0.0,0.0,0.0
Jake Fromm(DET),0.0,0.0,0.0,0.0,0.0,0.0
Jaren Hall(SEA),0.0,0.0,0.0,0.0,0.0,0.0
Austin Reed(CHI),0.0,0.0,0.0,0.0,0.0,0.0
Trevor Siemian(TEN),0.0,0.0,0.0,0.0,0.0,0.0
Jack Plummer(CAR),0.0,0.0,0.0,0.0,0.0,0.0
Hunter Cantwell(BAL),0.0,0.0,0.0,0.0,0.0,0.0
Feleipe Franks(CAR),0.0,0.0,0.0,0.0,0.0,0.0
Erik Ainge(NYJ),0.0,0.0,0.0,0.0,0.0,0.0
Will Grier(PHI),0.0,0.0,0.0,0.0,0.0,0.0
Adrian Martinez(NYJ),0.0,0.0,0.0,0.0,0.0,0.0
Sean Clifford(GB),0.0,0.0,0.0,0.0,0.0,0.0
Ben Chappell(WAS),0.0,0.0,0.0,0.0,0.0,0.0
Sam Hartman(WAS),0.0,0.0,0.0,0.0,0.0,0.0
Adam Froman(ATL),0.0,0.0,0.0,0.0,0.0,0.0
Carter Bradley(LV),0.0,0.0,0.0,0.0,0.0,0.0
Kedon Slovis(HOU),0.0,0.0,0.0,0.0,0.0,0.0
Kyle Allen(PIT),0.0,0.0,0.0,0.0,0.0,0.0
Kyle Trask(TB),0.0,0.0,0.0,0.0,0.0,0.0
John Rhys Plumlee(JAC),0.0,0.0,0.0,0.0,0.0,0.0
Easton Stick(LAC),0.0,0.0,0.0,0.0,0.0,0.0
Logan Woodside(CIN),0.0,0.0,0.0,0.0,0.0,0.0
Malik Cunningham(BAL),0.0,0.0,0.0,0.0,0.0,0.0
Brett Rypien(MIN),0.0,0.0,0.0,0.0,0.0,0.0
Sam Ehlinger(IND),0.0,0.0,0.0,0.0,0.0,0.0
Jeff Driskel(WAS),0.0,0.0,0.0,0.0,0.0,0.0
Michael Pratt(TB),0.0,0.0,0.0,0.0,0.0,0.0
Mike White(BUF),0.0,0.0,0.0,0.0,0.0,0.0
Desmond Ridder(ARI),0.0,0.0,0.0,0.0,0.0,0.0
Nathan Peterman(ATL),0.0,0.0,0.0,0.0,0.0,0.0
Jason Bean(IND),0.0,0.0,0.0,0.0,0.0,0.0
Brandon Allen(SF),0.0,0.0,0.0,0.0,0.0,0.0
Case Keenum(HOU),0.0,0.0,0.0,0.0,0.0,0.0
Brett Smith(TB),0.0,0.0,0.0,0.0,0.0,0.0
