Player,wk6,wk5,wk4,wk3,wk2,wk1
Travis Kelce(KC),99.6,99.6,99.6,99.6,99.6,99.6
George Kittle(SF),99.1,99.1,99.1,99.1,99.1,99.1
Trey McBride(ARI),97.8,97.8,97.8,97.8,97.8,97.8
Sam LaPorta(DET),97.4,97.4,97.4,97.4,97.4,97.4
Brock Bowers(LV),96.0,96.0,96.0,96.0,96.0,96.0
Dalton Kincaid(BUF),94.9,94.9,94.9,94.9,94.9,94.9
Jake Ferguson(DAL),94.8,94.8,94.8,94.8,94.8,94.8
Kyle Pitts(ATL),94.2,94.2,94.2,94.2,94.2,94.2
Dallas Goedert(PHI),92.8,92.8,92.8,92.8,92.8,92.8
Mark Andrews(BAL),81.7,81.7,81.7,81.7,81.7,81.7
Tucker Kraft(GB),78.4,78.4,78.4,78.4,78.4,78.4
Evan Engram(JAC),76.1,76.1,76.1,76.1,76.1,76.1
Pat Freiermuth(PIT),73.5,73.5,73.5,73.5,73.5,73.5
David Njoku(CLE),70.0,70.0,70.0,70.0,70.0,70.0
T.J. Hockenson(MIN),67.7,67.7,67.7,67.7,67.7,67.7
Dalton Schultz(HOU),61.7,61.7,61.7,61.7,61.7,61.7
Cole Kmet(CHI),60.8,60.8,60.8,60.8,60.8,60.8
Isaiah Likely(BAL),59.7,59.7,59.7,59.7,59.7,59.7
Zach Ertz(WAS),39.1,39.1,39.1,39.1,39.1,39.1
Tyler Conklin(NYJ),37.0,37.0,37.0,37.0,37.0,37.0
Taysom Hill(NO),29.4,29.4,29.4,29.4,29.4,29.4
Cade Otton(TB),29.3,29.3,29.3,29.3,29.3,29.3
Colby Parkinson(LAR),26.5,26.5,26.5,26.5,26.5,26.5
Hunter Henry(NE),22.3,22.3,22.3,22.3,22.3,22.3
Mike Gesicki(CIN),18.5,18.5,18.5,18.5,18.5,18.5
Noah Fant(SEA),17.1,17.1,17.1,17.1,17.1,17.1
Luke Musgrave(GB),12.7,12.7,12.7,12.7,12.7,12.7
Chig Okonkwo(TEN),6.9,6.9,6.9,6.9,6.9,6.9
Brenton Strange(JAC),6.4,6.4,6.4,6.4,6.4,6.4
Juwan Johnson(NO),4.9,4.9,4.9,4.9,4.9,4.9
Hayden Hurst(LAC),3.1,3.1,3.1,3.1,3.1,3.1
Jonnu Smith(MIA),2.8,2.8,2.8,2.8,2.8,2.8
Erick All Jr.(CIN),2.4,2.4,2.4,2.4,2.4,2.4
Theo Johnson(NYG),2.1,2.1,2.1,2.1,2.1,2.1
Johnny Mundt(MIN),1.6,1.6,1.6,1.6,1.6,1.6
Ben Sinnott(WAS),1.6,1.6,1.6,1.6,1.6,1.6
Dawson Knox(BUF),1.3,1.3,1.3,1.3,1.3,1.3
Noah Gray(KC),0.9,0.9,0.9,0.9,0.9,0.9
Michael Mayer(LV),0.7,0.7,0.7,0.7,0.7,0.7
Ja'Tavion Sanders(CAR),0.7,0.7,0.7,0.7,0.7,0.7
Greg Dulcich(DEN),0.7,0.7,0.7,0.7,0.7,0.7
Jordan Akins(CLE),0.7,0.7,0.7,0.7,0.7,0.7
Tyler Higbee(LAR),0.7,0.7,0.7,0.7,0.7,0.7
Foster Moreau(NO),0.7,0.7,0.7,0.7,0.7,0.7
Luke Schoonmaker(DAL),0.7,0.7,0.7,0.7,0.7,0.7
Brock Wright(DET),0.6,0.6,0.6,0.6,0.6,0.6
Elijah Higgins(ARI),0.6,0.6,0.6,0.6,0.6,0.6
Gerald Everett(CHI),0.3,0.3,0.3,0.3,0.3,0.3
Eric Saubert(SF),0.3,0.3,0.3,0.3,0.3,0.3
Austin Hooper(NE),0.3,0.3,0.3,0.3,0.3,0.3
Tommy Tremble(CAR),0.2,0.2,0.2,0.2,0.2,0.2
Darnell Washington(PIT),0.2,0.2,0.2,0.2,0.2,0.2
Kylen Granson(IND),0.2,0.2,0.2,0.2,0.2,0.2
Will Dissly(LAC),0.2,0.2,0.2,0.2,0.2,0.2
Grant Calcaterra(PHI),0.1,0.1,0.1,0.1,0.1,0.1
Harrison Bryant(LV),0.1,0.1,0.1,0.1,0.1,0.1
Jeremy Ruckert(NYJ),0.1,0.1,0.1,0.1,0.1,0.1
Jelani Woods(IND),0.1,0.1,0.1,0.1,0.1,0.1
Adam Trautman(DEN),0.1,0.1,0.1,0.1,0.1,0.1
Pharaoh Brown(SEA),0.1,0.1,0.1,0.1,0.1,0.1
Jared Wiley(KC),0.1,0.1,0.1,0.1,0.1,0.1
AJ Barner(SEA),0.1,0.1,0.1,0.1,0.1,0.1
Daniel Bellinger(NYG),0.1,0.1,0.1,0.1,0.1,0.1
Charlie Kolar(BAL),0.1,0.1,0.1,0.1,0.1,0.1
Durham Smythe(MIA),0.1,0.1,0.1,0.1,0.1,0.1
Drew Sample(CIN),0.1,0.1,0.1,0.1,0.1,0.1
Josh Oliver(MIN),0.1,0.1,0.1,0.1,0.1,0.1
Josh Whyle(TEN),0.1,0.1,0.1,0.1,0.1,0.1
Mo Alie-Cox(IND),0.1,0.1,0.1,0.1,0.1,0.1
Connor Heyward(PIT),0.1,0.1,0.1,0.1,0.1,0.1
Ben Sims(GB),0.1,0.1,0.1,0.1,0.1,0.1
Brevin Jordan(HOU),0.1,0.1,0.1,0.1,0.1,0.1
Cade Stover(HOU),0.1,0.1,0.1,0.1,0.1,0.1
Nate Adkins(DEN),0.0,0.0,0.0,0.0,0.0,0.0
Mason Pline(SF),0.0,0.0,0.0,0.0,0.0,0.0
Matt Orzech(GB),0.0,0.0,0.0,0.0,0.0,0.0
Messiah Swinson(GB),0.0,0.0,0.0,0.0,0.0,0.0
Michael Jacobson(NO),0.0,0.0,0.0,0.0,0.0,0.0
Nick Vannett(TEN),0.0,0.0,0.0,0.0,0.0,0.0
Miller Forristall(LAR),0.0,0.0,0.0,0.0,0.0,0.0
Nikola Kalinic(LAR),0.0,0.0,0.0,0.0,0.0,0.0
Nick Muse(MIN),0.0,0.0,0.0,0.0,0.0,0.0
Mitchell Fraboni(DEN),0.0,0.0,0.0,0.0,0.0,0.0
Mitchell Wilcox(NE),0.0,0.0,0.0,0.0,0.0,0.0
MyCole Pruitt(PIT),0.0,0.0,0.0,0.0,0.0,0.0
N'Keal Harry(MIN),0.0,0.0,0.0,0.0,0.0,0.0
Parker Hesse(DET),0.0,0.0,0.0,0.0,0.0,0.0
Shane Zylstra(DET),0.0,0.0,0.0,0.0,0.0,0.0
Patrick Scales(CHI),0.0,0.0,0.0,0.0,0.0,0.0
Tucker Fisk(LAC),0.0,0.0,0.0,0.0,0.0,0.0
Thomas Yassmin(DEN),0.0,0.0,0.0,0.0,0.0,0.0
Tip Reiman(ARI),0.0,0.0,0.0,0.0,0.0,0.0
Tommy Sweeney(CHI),0.0,0.0,0.0,0.0,0.0,0.0
Travis Vokolek(ARI),0.0,0.0,0.0,0.0,0.0,0.0
Trent Pennix(IND),0.0,0.0,0.0,0.0,0.0,0.0
Treyton Welch(NO),0.0,0.0,0.0,0.0,0.0,0.0
Tyler Davis(GB),0.0,0.0,0.0,0.0,0.0,0.0
Payne Durham(TB),0.0,0.0,0.0,0.0,0.0,0.0
Tyler Mabry(SEA),0.0,0.0,0.0,0.0,0.0,0.0
Tyler Ott(WAS),0.0,0.0,0.0,0.0,0.0,0.0
Will Mallory(IND),0.0,0.0,0.0,0.0,0.0,0.0
Zach Davidson(BUF),0.0,0.0,0.0,0.0,0.0,0.0
Zach Wood(NO),0.0,0.0,0.0,0.0,0.0,0.0
Zack Kuntz(NYJ),0.0,0.0,0.0,0.0,0.0,0.0
Thomas Odukoya(TEN),0.0,0.0,0.0,0.0,0.0,0.0
Teagan Quitoriano(HOU),0.0,0.0,0.0,0.0,0.0,0.0
Tanner Taula(TB),0.0,0.0,0.0,0.0,0.0,0.0
Tanner McLachlan(CIN),0.0,0.0,0.0,0.0,0.0,0.0
Tanner Hudson(CIN),0.0,0.0,0.0,0.0,0.0,0.0
Tanner Conner(MIA),0.0,0.0,0.0,0.0,0.0,0.0
Stone Smartt(LAC),0.0,0.0,0.0,0.0,0.0,0.0
Stephen Carlson(CHI),0.0,0.0,0.0,0.0,0.0,0.0
Shawn Bowman(JAC),0.0,0.0,0.0,0.0,0.0,0.0
Sean McKeon(IND),0.0,0.0,0.0,0.0,0.0,0.0
Sammis Reyes(MIN),0.0,0.0,0.0,0.0,0.0,0.0
Ross Dwelley(ATL),0.0,0.0,0.0,0.0,0.0,0.0
Rodney Williams(PIT),0.0,0.0,0.0,0.0,0.0,0.0
Quintin Morris(BUF),0.0,0.0,0.0,0.0,0.0,0.0
Qadir Ismail(BAL),0.0,0.0,0.0,0.0,0.0,0.0
Princeton Fant(DAL),0.0,0.0,0.0,0.0,0.0,0.0
Peyton Hendershot(KC),0.0,0.0,0.0,0.0,0.0,0.0
Marquez Branson(ATL),0.0,0.0,0.0,0.0,0.0,0.0
John FitzPatrick(GB),0.0,0.0,0.0,0.0,0.0,0.0
Marcedes Lewis(CHI),0.0,0.0,0.0,0.0,0.0,0.0
Dalton Keene(HOU),0.0,0.0,0.0,0.0,0.0,0.0
Chris Manhertz(NYG),0.0,0.0,0.0,0.0,0.0,0.0
Chris Myarick(HOU),0.0,0.0,0.0,0.0,0.0,0.0
Cole Fotheringham(LV),0.0,0.0,0.0,0.0,0.0,0.0
Cole Turner(WAS),0.0,0.0,0.0,0.0,0.0,0.0
Colson Yankoff(WAS),0.0,0.0,0.0,0.0,0.0,0.0
Dallin Holker(NO),0.0,0.0,0.0,0.0,0.0,0.0
Darnell Dinkins(NO),0.0,0.0,0.0,0.0,0.0,0.0
Drew Ogletree(IND),0.0,0.0,0.0,0.0,0.0,0.0
David Martin-Robinson(TEN),0.0,0.0,0.0,0.0,0.0,0.0
Davis Allen(LAR),0.0,0.0,0.0,0.0,0.0,0.0
Derek Fine(HOU),0.0,0.0,0.0,0.0,0.0,0.0
Devin Culp(TB),0.0,0.0,0.0,0.0,0.0,0.0
Dominique Curry(DET),0.0,0.0,0.0,0.0,0.0,0.0
Donald Parham Jr.(DEN),0.0,0.0,0.0,0.0,0.0,0.0
Charlie Woerner(ATL),0.0,0.0,0.0,0.0,0.0,0.0
Cameron Latu(CLE),0.0,0.0,0.0,0.0,0.0,0.0
Cam Grandy(CIN),0.0,0.0,0.0,0.0,0.0,0.0
C.J. Uzomah(PHI),0.0,0.0,0.0,0.0,0.0,0.0
Brevyn Spann-Ford(DAL),0.0,0.0,0.0,0.0,0.0,0.0
Brenden Bates(NYJ),0.0,0.0,0.0,0.0,0.0,0.0
Brayden Willis(SF),0.0,0.0,0.0,0.0,0.0,0.0
Brady Russell(SEA),0.0,0.0,0.0,0.0,0.0,0.0
Brad Cottam(KC),0.0,0.0,0.0,0.0,0.0,0.0
Blake Whiteheart(CLE),0.0,0.0,0.0,0.0,0.0,0.0
Bernhard Seikovits(ARI),0.0,0.0,0.0,0.0,0.0,0.0
Baylor Cupp(KC),0.0,0.0,0.0,0.0,0.0,0.0
Armani Rogers(ATL),0.0,0.0,0.0,0.0,0.0,0.0
Anthony Firkser(NYJ),0.0,0.0,0.0,0.0,0.0,0.0
Andrew DePaola(MIN),0.0,0.0,0.0,0.0,0.0,0.0
Andrew Beck(GB),0.0,0.0,0.0,0.0,0.0,0.0
Albert Okwuegbunam Jr.(PHI),0.0,0.0,0.0,0.0,0.0,0.0
Drake Dunsmore(TB),0.0,0.0,0.0,0.0,0.0,0.0
E.J. Jenkins(PHI),0.0,0.0,0.0,0.0,0.0,0.0
Luke Farrell(JAC),0.0,0.0,0.0,0.0,0.0,0.0
Julian Hill(MIA),0.0,0.0,0.0,0.0,0.0,0.0
John Bates(WAS),0.0,0.0,0.0,0.0,0.0,0.0
John Samuel Shenker(LV),0.0,0.0,0.0,0.0,0.0,0.0
John Stephens Jr.(DAL),0.0,0.0,0.0,0.0,0.0,0.0
Jordan Matthews(CAR),0.0,0.0,0.0,0.0,0.0,0.0
Jordan Murray(ARI),0.0,0.0,0.0,0.0,0.0,0.0
Josiah Deguara(JAC),0.0,0.0,0.0,0.0,0.0,0.0
Justin Snow(IND),0.0,0.0,0.0,0.0,0.0,0.0
Eric Tomlinson(LAC),0.0,0.0,0.0,0.0,0.0,0.0
Kehinde Oginni(ATL),0.0,0.0,0.0,0.0,0.0,0.0
Keith Zinger(ATL),0.0,0.0,0.0,0.0,0.0,0.0
Kenny Yeboah(NYJ),0.0,0.0,0.0,0.0,0.0,0.0
Ko Kieft(TB),0.0,0.0,0.0,0.0,0.0,0.0
Leroy Watson IV(TEN),0.0,0.0,0.0,0.0,0.0,0.0
Lucas Krull(DEN),0.0,0.0,0.0,0.0,0.0,0.0
Joey Haynos(MIA),0.0,0.0,0.0,0.0,0.0,0.0
Jody Fortson Jr.(KC),0.0,0.0,0.0,0.0,0.0,0.0
James Winchester(KC),0.0,0.0,0.0,0.0,0.0,0.0
James Mitchell(DET),0.0,0.0,0.0,0.0,0.0,0.0
James Dearth(NYJ),0.0,0.0,0.0,0.0,0.0,0.0
Jake Tonges(SF),0.0,0.0,0.0,0.0,0.0,0.0
Jaheim Bell(NE),0.0,0.0,0.0,0.0,0.0,0.0
Jacob Harris(PHI),0.0,0.0,0.0,0.0,0.0,0.0
Jack Westover(NE),0.0,0.0,0.0,0.0,0.0,0.0
Jack Stoll(PHI),0.0,0.0,0.0,0.0,0.0,0.0
J.P. Foschi(CIN),0.0,0.0,0.0,0.0,0.0,0.0
Irv Smith Jr.(HOU),0.0,0.0,0.0,0.0,0.0,0.0
Ian Thomas(CAR),0.0,0.0,0.0,0.0,0.0,0.0
Hunter Long(LAR),0.0,0.0,0.0,0.0,0.0,0.0
Hayden Rucci(MIA),0.0,0.0,0.0,0.0,0.0,0.0
Geoff Swaim(CLE),0.0,0.0,0.0,0.0,0.0,0.0
Feleipe Franks(CAR),0.0,0.0,0.0,0.0,0.0,0.0
Zaire Mitchell-Paden(BAL),0.0,0.0,0.0,0.0,0.0,0.0
Robert Tonyan(FA),,0.0,0.0,0.0,,
