ECR,Player,Kickoff,Opp,This Week,Last Week,Difference
-,Riley Sharp (BAL - TE),Sun 1:00PM,WAS,"$4,000","$4,000",0
225,John Metchie III (HOU - WR),Sun 1:00PM,@NE,"$4,300","$4,200",+100
-,Snoop Conner (DAL - RB),Sun 4:25PM,DET,"$4,000","$4,000",0
347,Kevin Harris (NE - RB),Sun 1:00PM,HOU,"$4,000","$4,000",0
3,Jayden Daniels (WAS - QB),Sun 1:00PM,@BAL,"$8,700","$8,700",0
-,Ricky Pearsall (SF - WR),Thu 8:15PM,@SEA,"$4,000","$4,000",0
-,Joseph Ngata (PHI - WR),Sun 1:00PM,CLE,"$4,000",-,-
-,Anthony Gould (IND - WR),Sun 1:00PM,@TEN,"$4,000","$4,000",0
-,Tyrion Davis-Price (PHI - RB),Sun 1:00PM,CLE,"$4,000",-,-
-,Trey Palmer (TB - WR),Sun 1:00PM,@NO,"$4,200","$4,400",-200
-,Ramel Keyton (LV - WR),Sun 4:05PM,PIT,"$4,000","$4,000",0
167,Eric Gray (NYG - RB),Sun 8:20PM,CIN,"$4,700","$4,200",+500
-,Kedon Slovis (HOU - QB),Sun 1:00PM,@NE,"$6,000","$6,000",0
-,John Jackson III (CHI - WR),Sun 9:30AM,JAC,"$4,000","$4,000",0
294,D.J. Williams (TB - RB),Sun 1:00PM,@NO,"$4,000","$4,000",0
42,Bo Nix (DEN - QB),Sun 4:05PM,LAC,"$6,700","$6,600",+100
-,Austin Jones (WAS - RB),Sun 1:00PM,@BAL,"$4,000","$4,000",0
218,Elijah Higgins (ARI - TE),Sun 1:00PM,@GB,"$4,900","$4,900",0
-,Nathaniel Peat (DAL - RB),Sun 4:25PM,DET,"$4,000","$4,000",0
32,Breece Hall (NYJ - RB),Mon 8:15PM,BUF,"$8,000","$7,900",+100
-,Austin Stogner (ATL - TE),Sun 4:25PM,@CAR,"$4,000","$4,000",0
-,Max Duggan (LAC - QB),Sun 4:05PM,@DEN,"$6,000",-,-
134,Roschon Johnson (CHI - RB),Sun 9:30AM,JAC,"$6,000","$5,800",+200
-,Aidan Robbins (CLE - RB),Sun 1:00PM,@PHI,"$4,000","$4,000",0
-,Zonovan Knight (DET - RB),Sun 4:25PM,@DAL,"$4,000",-,-
-,Ahmarean Brown (BUF - WR),Mon 8:15PM,@NYJ,"$4,000","$4,000",0
-,Jawhar Jordan (HOU - RB),Sun 1:00PM,@NE,"$4,000","$4,000",0
34,Kenneth Walker III (SEA - RB),Thu 8:15PM,SF,"$7,300","$7,400",-100
149,Zach Charbonnet (SEA - RB),Thu 8:15PM,SF,"$5,600","$6,100",-500
181,Erick All Jr. (CIN - TE),Sun 8:20PM,@NYG,"$4,500","$4,400",+100
-,Tre Mosley (CIN - WR),Sun 8:20PM,@NYG,"$4,000","$4,000",0
247,Devaughn Vele (DEN - WR),Sun 4:05PM,LAC,"$4,000","$4,000",0
72,Wan'Dale Robinson (NYG - WR),Sun 8:20PM,CIN,"$6,300","$6,100",+200
170,Luke McCaffrey (WAS - WR),Sun 1:00PM,@BAL,"$4,500","$4,700",-200
57,Garrett Wilson (NYJ - WR),Mon 8:15PM,BUF,"$7,800","$7,700",+100
-,Noah Cain (CIN - RB),Sun 8:20PM,@NYG,"$4,000","$4,000",0
213,Brenton Strange (JAC - TE),Sun 9:30AM,@CHI,"$5,300","$5,100",+200
109,Tre Tucker (LV - WR),Sun 4:05PM,PIT,"$5,400","$5,800",-400
-,Re'Mahn Davis (BUF - RB),Mon 8:15PM,@NYJ,"$5,700","$5,700",0
-,Easton Stick (LAC - QB),Sun 4:05PM,@DEN,"$6,000",-,-
-,Kairee Robinson (SEA - RB),Thu 8:15PM,SF,"$4,000","$4,000",0
-,Nsimba Webster (CHI - WR),Sun 9:30AM,JAC,"$4,000","$4,000",0
-,Davion Davis (WAS - WR),Sun 1:00PM,@BAL,"$4,000","$4,000",0
368,Stone Smartt (LAC - TE),Sun 4:05PM,@DEN,"$4,000",-,-
-,Stephen Carlson (CHI - TE),Sun 9:30AM,JAC,"$4,000","$4,000",0
250,Ashton Dulin (IND - WR),Sun 1:00PM,@TEN,"$4,300","$4,200",+100
-,Matt Orzech (GB - TE),Sun 1:00PM,ARI,"$4,000","$4,000",0
-,Sincere McCormick (LV - RB),Sun 4:05PM,PIT,"$4,000","$4,000",0
-,Leroy Watson IV (TEN - TE),Sun 1:00PM,IND,"$4,000",-,-
-,Lew Nichols III (PHI - RB),Sun 1:00PM,CLE,"$4,000",-,-
345,Deonte Harty (BAL - WR),Sun 1:00PM,WAS,"$4,000","$4,000",0
-,Donald Parham Jr. (DEN - TE),Sun 4:05PM,LAC,"$4,000","$4,000",0
-,Malik Taylor (NYJ - WR),Mon 8:15PM,BUF,"$4,000","$4,000",0
-,Corey Crooms Jr. (DAL - WR),Sun 4:25PM,DET,"$4,000","$4,000",0
-,Jeff Foreman (LV - WR),Sun 4:05PM,PIT,"$4,000","$4,000",0
377,Tom Kennedy (DET - WR),Sun 4:25PM,@DAL,"$4,000",-,-
-,Jesper Horsted (CAR - TE),Sun 4:25PM,ATL,"$4,000","$4,000",0
314,Craig Reynolds (DET - RB),Sun 4:25PM,@DAL,"$4,300",-,-
-,Sam Howell (SEA - QB),Thu 8:15PM,SF,"$6,000","$6,000",0
-,Gunner Olszewski (NYG - WR),Sun 8:20PM,CIN,"$4,000","$4,000",0
103,Sam LaPorta (DET - TE),Sun 4:25PM,@DAL,"$6,300",-,-
145,Tyler Goodson (IND - RB),Sun 1:00PM,@TEN,"$4,700","$4,700",0
365,Jha'Quan Jackson (TEN - WR),Sun 1:00PM,IND,"$4,000",-,-
117,Tyjae Spears (TEN - RB),Sun 1:00PM,IND,"$5,700",-,-
-,Jalen Cropper (DAL - WR),Sun 4:25PM,DET,"$4,000","$4,000",0
303,Kenny McIntosh (SEA - RB),Thu 8:15PM,SF,"$4,300","$4,200",+100
85,George Pickens (PIT - WR),Sun 4:05PM,@LV,"$6,200","$6,000",+200
222,Treylon Burks (TEN - WR),Sun 1:00PM,IND,"$4,500",-,-
-,Keilan Robinson (JAC - RB),Sun 9:30AM,@CHI,"$4,000","$4,000",0
102,Dontayvion Wicks (GB - WR),Sun 1:00PM,ARI,"$6,000","$5,900",+100
-,Treyton Welch (NO - TE),Sun 1:00PM,TB,"$4,000","$4,000",0
-,Dayton Wade (BAL - WR),Sun 1:00PM,WAS,"$4,000","$4,000",0
-,Jalon Calhoun (DET - WR),Sun 4:25PM,@DAL,"$4,000",-,-
258,Evan Hull (IND - RB),Sun 1:00PM,@TEN,"$4,200","$4,000",+200
-,Terique Owens (SF - WR),Thu 8:15PM,@SEA,"$4,000","$4,000",0
-,Rhamondre Stevenson (NE - RB),Sun 1:00PM,HOU,"$6,800","$6,700",+100
37,Spencer Rattler (NO - QB),Sun 1:00PM,TB,"$6,000","$6,000",0
79,Jameson Williams (DET - WR),Sun 4:25PM,@DAL,"$6,300",-,-
239,Cade Stover (HOU - TE),Sun 1:00PM,@NE,"$4,200","$4,400",-200
138,DeMario Douglas (NE - WR),Sun 1:00PM,HOU,"$5,000","$4,700",+300
-,Luke Benson (LAC - TE),Sun 4:05PM,@DEN,"$4,000",-,-
-,Tayvion Robinson (CAR - WR),Sun 4:25PM,ATL,"$4,000","$4,000",0
354,Casey Washington (ATL - WR),Sun 4:25PM,@CAR,"$4,000","$4,000",0
-,Isaiah Williams (DET - WR),Sun 4:25PM,@DAL,"$4,000",-,-
148,Jaylen Warren (PIT - RB),Sun 4:05PM,@LV,"$5,300","$5,200",+100
-,Jared Wayne (HOU - WR),Sun 1:00PM,@NE,"$4,000","$4,000",0
-,John Rhys Plumlee (JAC - QB),Sun 9:30AM,@CHI,"$6,000","$6,000",0
175,Jonathan Mingo (CAR - WR),Sun 4:25PM,ATL,"$5,300","$5,300",0
62,Zay Flowers (BAL - WR),Sun 1:00PM,WAS,"$7,200","$6,900",+300
-,Mason Fairchild (NO - TE),Sun 1:00PM,TB,"$4,000","$4,000",0
-,Dylan Leonard (DEN - TE),Sun 4:05PM,LAC,"$4,000","$4,000",0
269,Xavier Gipson (NYJ - WR),Mon 8:15PM,BUF,"$4,200","$4,200",0
-,Lincoln Victor (DEN - WR),Sun 4:05PM,LAC,"$4,000","$4,000",0
-,Xavier White (IND - WR),Sun 1:00PM,@TEN,"$4,000","$4,000",0
-,Isaac Rex (LAC - TE),Sun 4:05PM,@DEN,"$4,000",-,-
-,Joshua Cephus (JAC - WR),Sun 9:30AM,@CHI,"$4,000","$4,000",0
-,Isaiah Washington (BAL - WR),Sun 1:00PM,WAS,"$4,000","$4,000",0
38,Drake London (ATL - WR),Sun 4:25PM,@CAR,"$7,400","$6,500",+900
-,Jamari Thrash (CLE - WR),Sun 1:00PM,@PHI,"$4,000","$4,000",0
-,Michael Wiley (WAS - RB),Sun 1:00PM,@BAL,"$4,000","$4,000",0
-,Luke Musgrave (GB - TE),Sun 1:00PM,ARI,"$4,900","$4,900",0
-,Peter LeBlanc (CHI - WR),Sun 9:30AM,JAC,"$4,000","$4,000",0
-,Isaiah Spiller (LAC - RB),Sun 4:05PM,@DEN,"$4,000",-,-
372,Ainias Smith (PHI - WR),Sun 1:00PM,CLE,"$4,000",-,-
-,David Bell (CLE - WR),Sun 1:00PM,@PHI,"$4,000","$4,000",0
111,Xavier Legette (CAR - WR),Sun 4:25PM,ATL,"$5,900","$6,000",-100
-,George Holani (SEA - RB),Thu 8:15PM,SF,"$4,000","$4,000",0
356,Xavier Weaver (ARI - WR),Sun 1:00PM,@GB,"$4,000","$4,000",0
340,Jacob Cowing (SF - WR),Thu 8:15PM,@SEA,"$4,000","$4,000",0
-,Cornelius Johnson (GB - WR),Sun 1:00PM,ARI,"$4,000","$4,000",0
288,Terrell Jennings (NE - RB),Sun 1:00PM,HOU,"$4,000","$4,000",0
-,Shaquan Davis (PIT - WR),Sun 4:05PM,@LV,"$4,000","$4,000",0
-,Isaiah Wooden (LAC - WR),Sun 4:05PM,@DEN,"$4,000",-,-
-,Isaiah Winstead (NYJ - WR),Mon 8:15PM,BUF,"$4,000","$4,000",0
375,Bryce Young (CAR - QB),Sun 4:25PM,ATL,"$6,000","$6,000",0
369,Jase McClellan (ATL - RB),Sun 4:25PM,@CAR,"$4,000","$4,600",-600
230,Kayshon Boutte (NE - WR),Sun 1:00PM,HOU,"$4,600","$4,500",+100
-,Kendall Milton (CIN - RB),Sun 8:20PM,@NYG,"$4,000","$4,000",0
-,MarShawn Lloyd (GB - RB),Sun 1:00PM,ARI,"$4,000","$4,000",0
268,Johnny Wilson (PHI - WR),Sun 1:00PM,CLE,"$4,800",-,-
156,Xavier Hutchinson (HOU - WR),Sun 1:00PM,@NE,"$4,900","$4,200",+700
101,Rome Odunze (CHI - WR),Sun 9:30AM,JAC,"$5,600","$5,600",0
189,Jalen McMillan (TB - WR),Sun 1:00PM,@NO,"$4,500","$4,900",-400
221,Marvin Mims Jr. (DEN - WR),Sun 4:05PM,LAC,"$4,200","$4,100",+100
125,Quentin Johnston (LAC - WR),Sun 4:05PM,@DEN,"$5,800",-,-
-,Kendre Miller (NO - RB),Sun 1:00PM,TB,"$4,000","$4,000",0
139,Ja'Lynn Polk (NE - WR),Sun 1:00PM,HOU,"$4,700","$5,000",-300
-,Atlanta Falcons (ATL - DST),Sun 4:25PM,@CAR,"$3,800","$3,600",+200
-,Buffalo Bills (BUF - DST),Mon 8:15PM,@NYJ,"$4,400","$4,400",0
-,Chicago Bears (CHI - DST),Sun 9:30AM,JAC,"$4,200","$4,600",-400
-,Cincinnati Bengals (CIN - DST),Sun 8:20PM,@NYG,"$4,600","$3,200","+1,400"
-,Cleveland Browns (CLE - DST),Sun 1:00PM,@PHI,"$3,600","$3,800",-200
-,Dallas Cowboys (DAL - DST),Sun 4:25PM,DET,"$3,300","$3,900",-600
-,Denver Broncos (DEN - DST),Sun 4:05PM,LAC,"$4,700","$4,000",+700
-,Detroit Lions (DET - DST),Sun 4:25PM,@DAL,"$3,900",-,-
-,Green Bay Packers (GB - DST),Sun 1:00PM,ARI,"$4,500","$4,700",-200
-,Tennessee Titans (TEN - DST),Sun 1:00PM,IND,"$4,300",-,-
-,Indianapolis Colts (IND - DST),Sun 1:00PM,@TEN,"$4,000","$3,700",+300
-,Las Vegas Raiders (LV - DST),Sun 4:05PM,PIT,"$4,000","$4,300",-300
-,New England Patriots (NE - DST),Sun 1:00PM,HOU,"$3,200","$4,100",-900
-,New Orleans Saints (NO - DST),Sun 1:00PM,TB,"$4,100","$4,400",-300
-,New York Giants (NYG - DST),Sun 8:20PM,CIN,"$3,100","$3,000",+100
-,New York Jets (NYJ - DST),Mon 8:15PM,BUF,"$4,800","$4,200",+600
-,Philadelphia Eagles (PHI - DST),Sun 1:00PM,CLE,"$4,800",-,-
-,Arizona Cardinals (ARI - DST),Sun 1:00PM,@GB,"$3,400","$3,300",+100
-,Pittsburgh Steelers (PIT - DST),Sun 4:05PM,@LV,"$4,900","$4,100",+800
-,Los Angeles Chargers (LAC - DST),Sun 4:05PM,@DEN,"$4,400",-,-
-,San Francisco 49ers (SF - DST),Thu 8:15PM,@SEA,"$4,300","$5,000",-700
-,Seattle Seahawks (SEA - DST),Thu 8:15PM,SF,"$3,900","$4,800",-900
-,Tampa Bay Buccaneers (TB - DST),Sun 1:00PM,@NO,"$3,700","$3,800",-100
-,Washington Commanders (WAS - DST),Sun 1:00PM,@BAL,"$3,500","$3,500",0
-,Carolina Panthers (CAR - DST),Sun 4:25PM,ATL,"$3,000","$3,100",-100
-,Jacksonville Jaguars (JAC - DST),Sun 9:30AM,@CHI,"$4,100","$3,900",+200
-,Baltimore Ravens (BAL - DST),Sun 1:00PM,WAS,"$4,200","$4,500",-300
-,Houston Texans (HOU - DST),Sun 1:00PM,@NE,"$5,000","$3,600","+1,400"
-,Ellis Merriweather (GB - RB),Sun 1:00PM,ARI,"$4,000","$4,000",0
187,Kimani Vidal (LAC - RB),Sun 4:05PM,@DEN,"$4,000",-,-
93,Tank Bigsby (JAC - RB),Sun 9:30AM,@CHI,"$6,000","$5,800",+200
159,Theo Johnson (NYG - TE),Sun 8:20PM,CIN,"$4,900","$4,700",+200
-,Mitchell Tinsley (WAS - WR),Sun 1:00PM,@BAL,"$4,000","$4,000",0
308,Malachi Corley (NYJ - WR),Mon 8:15PM,BUF,"$4,000","$4,100",-100
374,Israel Abanikanda (NYJ - RB),Mon 8:15PM,BUF,"$4,000","$4,000",0
326,Tyler Scott (CHI - WR),Sun 9:30AM,JAC,"$4,100","$4,200",-100
77,Tank Dell (HOU - WR),Sun 1:00PM,@NE,"$6,700","$6,000",+700
92,Josh Downs (IND - WR),Sun 1:00PM,@TEN,"$6,100","$6,000",+100
-,Anthony Richardson (IND - QB),Sun 1:00PM,@TEN,"$7,300","$7,300",0
31,Jahmyr Gibbs (DET - RB),Sun 4:25PM,@DAL,"$7,800",-,-
87,Jaxon Smith-Njigba (SEA - WR),Thu 8:15PM,SF,"$6,100","$6,300",-200
15,C.J. Stroud (HOU - QB),Sun 1:00PM,@NE,"$8,200","$8,400",-200
-,Michael Pratt (TB - QB),Sun 1:00PM,@NO,"$6,000","$6,000",0
245,Adam Trautman (DEN - TE),Sun 4:05PM,LAC,"$4,500","$4,600",-100
251,Kristian Wilkerson (LV - WR),Sun 4:05PM,PIT,"$4,000","$4,000",0
-,Mason Kinsey (TEN - WR),Sun 1:00PM,IND,"$4,000",-,-
-,James Robinson (NO - RB),Sun 1:00PM,TB,"$4,400","$4,000",+400
97,Ladd McConkey (LAC - WR),Sun 4:05PM,@DEN,"$5,800",-,-
-,Marcus Rosemy (PHI - WR),Sun 1:00PM,CLE,"$4,000",-,-
229,Darnell Washington (PIT - TE),Sun 4:05PM,@LV,"$4,800","$4,800",0
-,Jermaine Burton (CIN - WR),Sun 8:20PM,@NYG,"$4,400","$4,500",-100
-,Daijun Edwards (PIT - RB),Sun 4:05PM,@LV,"$4,000","$4,000",0
-,Keaton Mitchell (BAL - RB),Sun 1:00PM,WAS,"$4,000","$4,000",0
-,Brenden Rice (LAC - WR),Sun 4:05PM,@DEN,"$4,100",-,-
-,Rakim Jarrett (TB - WR),Sun 1:00PM,@NO,"$4,000","$4,000",0
22,Bijan Robinson (ATL - RB),Sun 4:25PM,@CAR,"$8,500","$8,300",+200
-,Danny Gray (PHI - WR),Sun 1:00PM,CLE,"$4,000",-,-
197,Sean Tucker (TB - RB),Sun 1:00PM,@NO,"$4,200","$4,300",-100
-,Deuce Vaughn (DAL - RB),Sun 4:25PM,DET,"$4,200","$4,100",+100
277,Ben Sinnott (WAS - TE),Sun 1:00PM,@BAL,"$4,200","$4,400",-200
-,Rasheen Ali (BAL - RB),Sun 1:00PM,WAS,"$4,000","$4,000",0
257,Parker Washington (JAC - WR),Sun 9:30AM,@CHI,"$4,500","$4,600",-100
-,Rachaad White (TB - RB),Sun 1:00PM,@NO,"$6,300","$6,400",-100
248,AJ Barner (SEA - TE),Thu 8:15PM,SF,"$4,400","$4,200",+200
306,Tip Reiman (ARI - TE),Sun 1:00PM,@GB,"$4,200","$4,400",-200
262,Roman Wilson (PIT - WR),Sun 4:05PM,@LV,"$4,200","$4,500",-300
373,Jaheim Bell (NE - TE),Sun 1:00PM,HOU,"$4,000","$4,000",0
205,Jalen Brooks (DAL - WR),Sun 4:25PM,DET,"$4,500","$4,100",+400
-,Jason Brownlee (NYJ - WR),Mon 8:15PM,BUF,"$4,000","$4,000",0
-,Javon Baker (NE - WR),Sun 1:00PM,HOU,"$4,000","$4,000",0
-,Dillon Johnson (CAR - RB),Sun 4:25PM,ATL,"$4,000","$4,000",0
237,Malik Heath (GB - WR),Sun 1:00PM,ARI,"$4,700","$4,000",+700
-,Tulu Griffin (CLE - WR),Sun 1:00PM,@PHI,"$4,000","$4,000",0
-,Michael Mayer (LV - TE),Sun 4:05PM,PIT,"$4,400","$4,500",-100
206,Jalin Hyatt (NYG - WR),Sun 8:20PM,CIN,"$4,200","$4,200",0
-,Jabari Small (TEN - RB),Sun 1:00PM,IND,"$4,000",-,-
381,Frank Gore Jr. (BUF - RB),Mon 8:15PM,@NYJ,"$4,000","$4,000",0
-,Jordan Murray (ARI - TE),Sun 1:00PM,@GB,"$4,000","$4,000",0
-,Raleigh Webb (TB - WR),Sun 1:00PM,@NO,"$4,000","$4,000",0
201,Trey Benson (ARI - RB),Sun 1:00PM,@GB,"$4,500","$4,900",-400
26,Andy Dalton (CAR - QB),Sun 4:25PM,ATL,"$7,100","$7,100",0
359,Tyrod Taylor (NYJ - QB),Mon 8:15PM,BUF,"$6,000","$6,300",-300
113,Dalton Kincaid (BUF - TE),Mon 8:15PM,@NYJ,"$6,100","$6,100",0
150,Jaleel McLaughlin (DEN - RB),Sun 4:05PM,LAC,"$5,200","$5,100",+100
-,Chris Blair (ATL - WR),Sun 4:25PM,@CAR,"$4,000","$4,000",0
-,Nick Bellore (WAS - RB),Sun 1:00PM,@BAL,"$4,000","$4,000",0
-,Patrick Scales (CHI - TE),Sun 9:30AM,JAC,"$4,000","$4,000",0
-,Trey Lance (DAL - QB),Sun 4:25PM,DET,"$6,000","$6,000",0
-,Zach Davidson (BUF - TE),Mon 8:15PM,@NYJ,"$4,000","$4,000",0
-,Mike Strachan (CAR - WR),Sun 4:25PM,ATL,"$4,000","$4,000",0
-,Bernhard Seikovits (ARI - TE),Sun 1:00PM,@GB,"$4,000","$4,000",0
-,Nate McCrary (GB - RB),Sun 1:00PM,ARI,"$4,000","$4,000",0
-,Shane Zylstra (DET - TE),Sun 4:25PM,@DAL,"$4,000",-,-
362,E.J. Jenkins (PHI - TE),Sun 1:00PM,CLE,"$4,000",-,-
75,Brian Thomas Jr. (JAC - WR),Sun 9:30AM,@CHI,"$6,500","$6,300",+200
-,Malik Nabers (NYG - WR),Sun 8:20PM,CIN,"$8,000","$8,100",-100
162,Adonai Mitchell (IND - WR),Sun 1:00PM,@TEN,"$5,000","$4,900",+100
86,Brock Bowers (LV - TE),Sun 4:05PM,PIT,"$6,700","$6,300",+400
209,Troy Franklin (DEN - WR),Sun 4:05PM,LAC,"$4,600","$4,800",-200
10,Caleb Williams (CHI - QB),Sun 9:30AM,JAC,"$7,400","$7,200",+200
44,Drake Maye (NE - QB),Sun 1:00PM,HOU,"$6,000","$6,000",0
275,Will Shipley (PHI - RB),Sun 1:00PM,CLE,"$4,400",-,-
-,Samori Toure (CHI - WR),Sun 9:30AM,JAC,"$4,000","$4,000",0
67,Marvin Harrison Jr. (ARI - WR),Sun 1:00PM,@GB,"$7,000","$7,400",-400
43,Bucky Irving (TB - RB),Sun 1:00PM,@NO,"$5,700","$6,300",-600
-,Michael Bandy (DEN - WR),Sun 4:05PM,LAC,"$4,000","$4,000",0
-,Lincoln Sefcik (NYJ - TE),Mon 8:15PM,BUF,"$4,000","$4,000",0
-,Tejhaun Palmer (ARI - WR),Sun 1:00PM,@GB,"$4,000","$4,000",0
-,Devontez Walker (BAL - WR),Sun 1:00PM,WAS,"$4,000","$4,000",0
246,Audric Estime (DEN - RB),Sun 4:05PM,LAC,"$4,000","$4,000",0
131,Keon Coleman (BUF - WR),Mon 8:15PM,@NYJ,"$5,400","$5,400",0
123,Braelon Allen (NYJ - RB),Mon 8:15PM,BUF,"$6,200","$6,000",+200
-,Daylen Baldwin (ARI - WR),Sun 1:00PM,@GB,"$4,000","$4,000",0
-,Jonathon Brooks (CAR - RB),Sun 4:25PM,ATL,"$5,000","$5,100",-100
178,Ja'Tavion Sanders (CAR - TE),Sun 4:25PM,ATL,"$4,800","$4,800",0
346,Isaiah Davis (NYJ - RB),Mon 8:15PM,BUF,"$4,200","$4,200",0
-,Zach Heins (LAC - TE),Sun 4:05PM,@DEN,"$4,000",-,-
-,Jaxon Janke (HOU - WR),Sun 1:00PM,@NE,"$4,000","$4,000",0
105,Tucker Kraft (GB - TE),Sun 1:00PM,ARI,"$6,000","$5,300",+700
216,Pierre Strong Jr. (CLE - RB),Sun 1:00PM,@PHI,"$4,200","$4,200",0
-,Tanner McLachlan (CIN - TE),Sun 8:20PM,@NYG,"$4,000","$4,000",0
104,DeAndre Hopkins (TEN - WR),Sun 1:00PM,IND,"$5,800",-,-
-,Joseph Scates (JAC - WR),Sun 9:30AM,@CHI,"$4,000","$4,000",0
-,Hamze El-Zayat (NYJ - WR),Mon 8:15PM,BUF,"$4,000","$4,000",0
296,Sione Vaki (DET - RB),Sun 4:25PM,@DAL,"$4,000",-,-
-,Latreal Jones (TB - WR),Sun 1:00PM,@NO,"$4,000","$4,000",0
-,Austin Reed (CHI - QB),Sun 9:30AM,JAC,"$6,000","$6,000",0
163,Christian Watson (GB - WR),Sun 1:00PM,ARI,"$5,700","$5,500",+200
-,Dareke Young (SEA - WR),Thu 8:15PM,SF,"$4,000","$4,000",0
-,Lance McCutcheon (NYJ - WR),Mon 8:15PM,BUF,"$4,000","$4,000",0
-,Dee Williams (SEA - WR),Thu 8:15PM,SF,"$4,000","$4,000",0
309,Julius Chestnut (TEN - RB),Sun 1:00PM,IND,"$4,000",-,-
-,Kaden Davis (DEN - WR),Sun 4:05PM,LAC,"$4,000","$4,000",0
299,Tyreik McAllister (LV - WR),Sun 4:05PM,PIT,"$4,000","$4,000",0
235,Aaron Shampklin (PIT - RB),Sun 4:05PM,@LV,"$4,000","$4,200",-200
-,Dennis Houston (NYG - WR),Sun 8:20PM,CIN,"$4,000","$4,000",0
91,Rashid Shaheed (NO - WR),Sun 1:00PM,TB,"$6,400","$6,100",+300
-,Steven Stilianos (TEN - TE),Sun 1:00PM,IND,"$4,000",-,-
-,Ramon Jefferson (TB - RB),Sun 1:00PM,@NO,"$4,000","$4,000",0
-,Qadir Ismail (BAL - WR),Sun 1:00PM,WAS,"$4,000","$4,000",0
261,Nate Adkins (DEN - TE),Sun 4:05PM,LAC,"$4,200","$4,200",0
304,Dante Miller (NYG - RB),Sun 8:20PM,CIN,"$4,000","$4,000",0
-,Carlos Washington Jr. (ATL - RB),Sun 4:25PM,@CAR,"$4,000","$4,000",0
327,Chris Manhertz (NYG - TE),Sun 8:20PM,CIN,"$4,000","$4,000",0
-,Ayir Asante (NYG - WR),Sun 8:20PM,CIN,"$4,000","$4,000",0
-,Leon Johnson III (LAC - WR),Sun 4:05PM,@DEN,"$4,000",-,-
146,Andrei Iosivas (CIN - WR),Sun 8:20PM,@NYG,"$5,300","$5,500",-200
-,Colton Dowell (TEN - WR),Sun 1:00PM,IND,"$4,000",-,-
-,Keilahn Harris (PIT - WR),Sun 4:05PM,@LV,"$4,000","$4,000",0
-,Patrick Murtagh (JAC - TE),Sun 9:30AM,@CHI,"$4,000","$4,000",0
-,TJ Luther (GB - WR),Sun 1:00PM,ARI,"$4,000","$4,000",0
-,Tyson Bagent (CHI - QB),Sun 9:30AM,JAC,"$6,000","$6,000",0
-,Jacob Saylors (CLE - RB),Sun 1:00PM,@PHI,"$4,000","$4,000",0
141,Emanuel Wilson (GB - RB),Sun 1:00PM,ARI,"$5,200","$5,200",0
-,David Durden (DAL - WR),Sun 4:25PM,DET,"$4,000","$4,000",0
198,Hunter Luepke (DAL - RB),Sun 4:25PM,DET,"$4,300","$4,200",+100
-,Elijah Dotson (LAC - RB),Sun 4:05PM,@DEN,"$4,000",-,-
-,Tanner Taula (TB - TE),Sun 1:00PM,@NO,"$4,000","$4,000",0
-,Rory Starkey Jr. (GB - WR),Sun 1:00PM,ARI,"$4,000","$4,000",0
-,Shawn Bowman (JAC - TE),Sun 9:30AM,@CHI,"$4,000","$4,000",0
-,JaQuae Jackson (NE - WR),Sun 1:00PM,HOU,"$4,000","$4,000",0
-,Mason Pline (SF - TE),Thu 8:15PM,@SEA,"$4,000","$4,000",0
-,Louis Rees-Zammit (JAC - RB),Sun 9:30AM,@CHI,"$4,000","$4,000",0
271,Dylan Laube (LV - RB),Sun 4:05PM,PIT,"$4,000","$4,000",0
293,Ryan Flournoy (DAL - WR),Sun 4:25PM,DET,"$4,000","$4,000",0
207,Mason Tipton (NO - WR),Sun 1:00PM,TB,"$4,600","$4,400",+200
-,Jermaine Jackson (NO - WR),Sun 1:00PM,TB,"$4,000","$4,000",0
-,Casey Bauman (LAC - QB),Sun 4:05PM,@DEN,"$6,000",-,-
-,Jalen Jackson (JAC - RB),Sun 9:30AM,@CHI,"$4,000","$4,000",0
-,Wayne Ruby (JAC - WR),Sun 9:30AM,@CHI,"$4,000","$4,000",0
-,David White Jr. (JAC - WR),Sun 9:30AM,@CHI,"$4,000","$4,000",0
-,Brevin Easton (JAC - WR),Sun 9:30AM,@CHI,"$4,000","$4,000",0
-,Peewee Jarrett (NYJ - QB),Mon 8:15PM,BUF,"$6,000","$6,000",0
-,Chris Collier (BAL - RB),Sun 1:00PM,WAS,"$4,000","$4,000",0
-,Mike Rigerman (BAL - TE),Sun 1:00PM,WAS,"$4,000","$4,000",0
-,Hayden Hatten (SEA - WR),Thu 8:15PM,SF,"$4,000","$4,000",0
-,Ian Wheeler (CHI - RB),Sun 9:30AM,JAC,"$4,000","$4,000",0
-,Kameron Johnson (TB - WR),Sun 1:00PM,@NO,"$4,300","$4,300",0
-,Kevin Foelsch (PHI - TE),Sun 1:00PM,CLE,"$4,000",-,-
212,Jalen Coker (CAR - WR),Sun 4:25PM,ATL,"$4,000","$4,000",0
-,Jaden Shirden (CAR - RB),Sun 4:25PM,ATL,"$4,000","$4,000",0
-,John Jiles (NE - WR),Sun 1:00PM,HOU,"$4,000","$4,000",0
-,Cole Burgess (CIN - WR),Sun 8:20PM,@NYG,"$4,000","$4,300",-300
-,Cam Grandy (CIN - TE),Sun 8:20PM,@NYG,"$4,000","$4,000",0
-,Sam Schnee (TEN - WR),Sun 1:00PM,IND,"$4,000",-,-
-,David Wallis (NE - WR),Sun 1:00PM,HOU,"$4,000","$4,000",0
-,Derek Slywka (IND - WR),Sun 1:00PM,@TEN,"$4,000","$4,000",0
-,Praise Olatoke (CAR - WR),Sun 4:25PM,ATL,"$4,000","$4,000",0
-,Devon Garrison (SEA - TE),Thu 8:15PM,SF,"$4,000","$4,000",0
348,Russell Wilson (PIT - QB),Sun 4:05PM,@LV,"$6,000","$6,000",0
11,Kirk Cousins (ATL - QB),Sun 4:25PM,@CAR,"$7,400","$7,000",+400
-,Case Keenum (HOU - QB),Sun 1:00PM,@NE,"$6,000","$6,000",0
220,Mo Alie-Cox (IND - TE),Sun 1:00PM,@TEN,"$4,600","$4,300",+300
-,Martavis Bryant (WAS - WR),Sun 1:00PM,@BAL,"$4,000","$4,000",0
-,Jamison Crowder (WAS - WR),Sun 1:00PM,@BAL,"$4,000","$4,000",0
289,Jameis Winston (CLE - QB),Sun 1:00PM,@PHI,"$6,300","$6,000",+300
50,Stefon Diggs (HOU - WR),Sun 1:00PM,@NE,"$8,000","$7,600",+400
179,Mack Hollins (BUF - WR),Mon 8:15PM,@NYJ,"$5,300","$5,300",0
-,Phillip Dorsett II (DEN - WR),Sun 4:05PM,LAC,"$4,000","$4,000",0
266,Michael Burton (DEN - RB),Sun 4:05PM,LAC,"$4,200","$4,200",0
-,Logan Thomas (SF - TE),Thu 8:15PM,@SEA,"$4,000","$4,000",0
14,Geno Smith (SEA - QB),Thu 8:15PM,SF,"$7,900","$7,400",+500
107,Tyler Lockett (SEA - WR),Thu 8:15PM,SF,"$6,000","$6,200",-200
168,Ameer Abdullah (LV - RB),Sun 4:05PM,PIT,"$4,800","$4,100",+700
203,Sterling Shepard (TB - WR),Sun 1:00PM,@NO,"$4,900","$4,700",+200
-,Justin Hardee Sr. (CAR - WR),Sun 4:25PM,ATL,"$4,000","$4,000",0
-,Nate Sudfeld (DET - QB),Sun 4:25PM,@DAL,"$6,000",-,-
-,C.J. Beathard (JAC - QB),Sun 9:30AM,@CHI,"$6,000","$6,000",0
286,Nick Vannett (TEN - TE),Sun 1:00PM,IND,"$4,100",-,-
344,Allen Robinson II (DET - WR),Sun 4:25PM,@DAL,"$4,000",-,-
174,Dare Ogunbowale (HOU - RB),Sun 1:00PM,@NE,"$5,400","$5,000",+400
98,Keenan Allen (CHI - WR),Sun 9:30AM,JAC,"$5,800","$5,800",0
-,Marcus Mariota (WAS - QB),Sun 1:00PM,@BAL,"$6,000","$6,000",0
280,Pharaoh Brown (SEA - TE),Thu 8:15PM,SF,"$4,000","$4,000",0
-,Brandin Cooks (DAL - WR),Sun 4:25PM,DET,"$5,000","$5,300",-300
193,Nelson Agholor (BAL - WR),Sun 1:00PM,WAS,"$4,900","$5,100",-200
-,Robert Woods (HOU - WR),Sun 1:00PM,@NE,"$5,000","$4,800",+200
133,Zach Ertz (WAS - TE),Sun 1:00PM,@BAL,"$5,000","$5,000",0
315,Jacoby Brissett (NE - QB),Sun 1:00PM,HOU,"$6,400","$6,500",-100
-,Jeff Driskel (WAS - QB),Sun 1:00PM,@BAL,"$6,000","$6,000",0
318,Chris Conley (SF - WR),Thu 8:15PM,@SEA,"$4,400","$4,400",0
-,Damiere Byrd (BUF - WR),Mon 8:15PM,@NYJ,"$4,000","$4,000",0
-,Cordarrelle Patterson (PIT - RB),Sun 4:05PM,@LV,"$4,800","$5,000",-200
-,Nathan Peterman (ATL - QB),Sun 4:25PM,@CAR,"$6,000","$6,000",0
343,Jordan Matthews (CAR - WR),Sun 4:25PM,ATL,"$4,000","$4,000",0
83,Amari Cooper (CLE - WR),Sun 1:00PM,@PHI,"$6,200","$6,200",0
-,Brandon Allen (SF - QB),Thu 8:15PM,@SEA,"$6,000","$6,000",0
-,C.J. Uzomah (PHI - TE),Sun 1:00PM,CLE,"$4,000",-,-
5,Dak Prescott (DAL - QB),Sun 4:25PM,DET,"$8,000","$8,000",0
65,Mike Evans (TB - WR),Sun 1:00PM,@NO,"$8,200","$8,300",-100
-,Jakeem Grant Sr. (ATL - WR),Sun 4:25PM,@CAR,"$4,000","$4,000",0
323,Eric Tomlinson (LAC - TE),Sun 4:05PM,@DEN,"$4,000",-,-
361,Chris Moore (ARI - WR),Sun 1:00PM,@GB,"$4,100","$4,100",0
18,Jared Goff (DET - QB),Sun 4:25PM,@DAL,"$7,700",-,-
350,Geoff Swaim (CLE - TE),Sun 1:00PM,@PHI,"$4,000","$4,000",0
-,Mitchell Trubisky (BUF - QB),Mon 8:15PM,@NYJ,"$6,000","$6,000",0
165,Ezekiel Elliott (DAL - RB),Sun 4:25PM,DET,"$5,900","$5,600",+300
19,Derrick Henry (BAL - RB),Sun 1:00PM,WAS,"$9,100","$9,200",-100
204,Kyle Juszczyk (SF - RB),Thu 8:15PM,@SEA,"$4,100","$4,200",-100
-,Adam Thielen (CAR - WR),Sun 4:25PM,ATL,"$5,000","$5,000",0
78,George Kittle (SF - TE),Thu 8:15PM,@SEA,"$7,200","$7,000",+200
147,Mike Williams (NYJ - WR),Mon 8:15PM,BUF,"$5,400","$5,700",-300
215,Austin Hooper (NE - TE),Sun 1:00PM,HOU,"$4,500","$4,600",-100
-,Gus Edwards (LAC - RB),Sun 4:05PM,@DEN,"$5,100",-,-
-,Joshua Dobbs (SF - QB),Thu 8:15PM,@SEA,"$6,000","$6,000",0
-,Greg Ward (IND - WR),Sun 1:00PM,@TEN,"$4,000","$4,000",0
-,Mike White (BUF - QB),Mon 8:15PM,@NYJ,"$6,000","$6,000",0
232,Marquez Valdes-Scantling (BUF - WR),Mon 8:15PM,@NYJ,"$4,600","$4,600",0
169,Tyler Boyd (TEN - WR),Sun 1:00PM,IND,"$5,000",-,-
39,James Conner (ARI - RB),Sun 1:00PM,@GB,"$8,000","$7,900",+100
154,Hunter Henry (NE - TE),Sun 1:00PM,HOU,"$5,000","$5,200",-200
-,Zay Jones (ARI - WR),Sun 1:00PM,@GB,"$4,000","$4,000",0
-,John Ross (PHI - WR),Sun 1:00PM,CLE,"$4,000",-,-
13,Baker Mayfield (TB - QB),Sun 1:00PM,@NO,"$7,900","$7,900",0
-,Laquon Treadwell (IND - WR),Sun 1:00PM,@TEN,"$4,000","$4,000",0
-,P.J. Walker (SEA - QB),Thu 8:15PM,SF,"$6,000","$6,000",0
124,Evan Engram (JAC - TE),Sun 9:30AM,@CHI,"$5,800","$5,800",0
-,Anthony Miller (BAL - WR),Sun 1:00PM,WAS,"$4,000","$4,000",0
24,Alvin Kamara (NO - RB),Sun 1:00PM,TB,"$8,800","$8,600",+200
-,Trent Taylor (SF - WR),Thu 8:15PM,@SEA,"$4,100","$4,000",+100
-,Boston Scott (PIT - RB),Sun 4:05PM,@LV,"$4,000","$4,000",0
-,Cooper Rush (DAL - QB),Sun 4:25PM,DET,"$6,000","$6,000",0
-,Logan Woodside (CIN - QB),Sun 8:20PM,@NYG,"$6,000","$6,000",0
-,Taysom Hill (NO - TE),Sun 1:00PM,TB,"$6,200","$5,000","+1,200"
182,Jamaal Williams (NO - RB),Sun 1:00PM,TB,"$5,300","$5,000",+300
-,Derek Carr (NO - QB),Sun 1:00PM,TB,"$7,500","$7,600",-100
-,Davante Adams (LV - WR),Sun 4:05PM,PIT,"$7,000","$7,000",0
-,Keith Kirkwood (BAL - WR),Sun 1:00PM,WAS,"$4,000","$4,000",0
-,David Wells (TB - TE),Sun 1:00PM,@NO,"$4,000","$4,000",0
-,Will Grier (PHI - QB),Sun 1:00PM,CLE,"$6,000",-,-
-,Jakob Johnson (NYG - RB),Sun 8:20PM,CIN,"$4,000","$4,000",0
144,Mark Andrews (BAL - TE),Sun 1:00PM,WAS,"$5,500","$5,900",-400
60,Joe Mixon (HOU - RB),Sun 1:00PM,@NE,"$8,300","$8,000",+300
158,Curtis Samuel (BUF - WR),Mon 8:15PM,@NYJ,"$5,400","$5,400",0
-,Russell Gage (BAL - WR),Sun 1:00PM,WAS,"$4,000","$4,000",0
-,DJ Chark Jr. (LAC - WR),Sun 4:05PM,@DEN,"$4,000",-,-
-,Jake Luton (CAR - QB),Sun 4:25PM,ATL,"$6,000","$6,000",0
-,Kyle Allen (PIT - QB),Sun 4:05PM,@LV,"$6,000","$6,000",0
-,Josh Reynolds (DEN - WR),Sun 4:05PM,LAC,"$4,900","$5,100",-200
-,Matt Breida (SF - RB),Thu 8:15PM,@SEA,"$4,000","$4,000",0
378,Taylor Heinicke (LAC - QB),Sun 4:05PM,@DEN,"$6,000",-,-
292,Zach Pascal (ARI - WR),Sun 1:00PM,@GB,"$4,000","$4,000",0
-,Nick Chubb (CLE - RB),Sun 1:00PM,@PHI,"$6,200","$6,000",+200
-,Isaiah McKenzie (NYG - WR),Sun 8:20PM,CIN,"$4,000","$4,000",0
352,Mason Rudolph (TEN - QB),Sun 1:00PM,IND,"$6,600",-,-
-,Nick Bawden (HOU - RB),Sun 1:00PM,@NE,"$4,000","$4,000",0
-,Jacob Hollister (CAR - TE),Sun 4:25PM,ATL,"$4,000","$4,000",0
-,Dalvin Cook (DAL - RB),Sun 4:25PM,DET,"$4,000","$4,000",0
-,Matt Sokol (PIT - TE),Sun 4:05PM,@LV,"$4,000","$4,000",0
341,Andrew Beck (GB - TE),Sun 1:00PM,ARI,"$4,000","$4,000",0
-,Cam Sims (CAR - WR),Sun 4:25PM,ATL,"$4,000","$4,000",0
-,Alex McGough (GB - QB),Sun 1:00PM,ARI,"$6,000","$6,000",0
-,Tyler Ott (WAS - TE),Sun 1:00PM,@BAL,"$4,000","$4,000",0
-,C.J. Goodwin (DAL - WR),Sun 4:25PM,DET,"$4,000","$4,000",0
30,Deshaun Watson (CLE - QB),Sun 1:00PM,@PHI,"$6,600","$6,900",-300
127,Dalton Schultz (HOU - TE),Sun 1:00PM,@NE,"$5,300","$5,400",-100
-,Christian McCaffrey (SF - RB),Thu 8:15PM,@SEA,"$4,000","$4,000",0
-,Malik Turner (SF - WR),Thu 8:15PM,@SEA,"$4,000","$4,000",0
143,David Njoku (CLE - TE),Sun 1:00PM,@PHI,"$5,400","$5,500",-100
-,Cody Thompson (TB - WR),Sun 1:00PM,@NO,"$4,000","$4,000",0
48,Chris Godwin (TB - WR),Sun 1:00PM,@NO,"$7,500","$7,100",+400
-,James Washington (ATL - WR),Sun 4:25PM,@CAR,"$4,000","$4,000",0
160,D'Onta Foreman (CLE - RB),Sun 1:00PM,@PHI,"$5,100","$5,100",0
-,Royce Freeman (CLE - RB),Sun 1:00PM,@PHI,"$4,000","$4,000",0
51,Deebo Samuel Sr. (SF - WR),Thu 8:15PM,@SEA,"$7,900","$8,000",-100
355,Khari Blasingame (CHI - RB),Sun 9:30AM,JAC,"$4,000","$4,000",0
-,Juwann Winfree (IND - WR),Sun 1:00PM,@TEN,"$4,000","$4,000",0
-,John Wolford (TB - QB),Sun 1:00PM,@NO,"$6,000","$6,000",0
-,Tommy Sweeney (CHI - TE),Sun 9:30AM,JAC,"$4,000","$4,000",0
161,Noah Brown (WAS - WR),Sun 1:00PM,@BAL,"$4,700","$4,900",-200
64,Terry McLaurin (WAS - WR),Sun 1:00PM,@BAL,"$6,800","$6,600",+200
287,Parris Campbell (PHI - WR),Sun 1:00PM,CLE,"$5,200",-,-
153,Mike Gesicki (CIN - TE),Sun 8:20PM,@NYG,"$5,100","$5,300",-200
-,Trace McSorley (WAS - QB),Sun 1:00PM,@BAL,"$6,000","$6,000",0
142,Jeremy McNichols (WAS - RB),Sun 1:00PM,@BAL,"$5,000","$5,500",-500
-,Dante Pettis (CHI - WR),Sun 9:30AM,JAC,"$4,000","$4,000",0
211,Will Dissly (LAC - TE),Sun 4:05PM,@DEN,"$4,800",-,-
284,Drew Sample (CIN - TE),Sun 8:20PM,@NYG,"$4,100","$4,300",-200
115,Allen Lazard (NYJ - WR),Mon 8:15PM,BUF,"$5,800","$5,900",-100
-,Chris Myarick (HOU - TE),Sun 1:00PM,@NE,"$4,000","$4,000",0
192,Tim Patrick (DET - WR),Sun 4:25PM,@DAL,"$4,600",-,-
238,Gerald Everett (CHI - TE),Sun 9:30AM,JAC,"$4,400","$4,500",-100
210,Jordan Akins (CLE - TE),Sun 1:00PM,@PHI,"$4,800","$5,000",-200
-,Tre'Quan Smith (DET - WR),Sun 4:25PM,@DAL,"$4,000",-,-
99,Courtland Sutton (DEN - WR),Sun 4:05PM,LAC,"$5,600","$5,700",-100
224,D'Ernest Johnson (JAC - RB),Sun 9:30AM,@CHI,"$4,300","$4,400",-100
-,Mike Boone (CAR - RB),Sun 4:25PM,ATL,"$4,000","$4,000",0
-,Mitchell Fraboni (DEN - TE),Sun 4:05PM,LAC,"$4,000","$4,000",0
319,Parker Hesse (DET - TE),Sun 4:25PM,@DAL,"$4,000",-,-
132,Tyler Conklin (NYJ - TE),Mon 8:15PM,BUF,"$5,100","$5,000",+100
-,Tyron Billy-Johnson (DAL - WR),Sun 4:25PM,DET,"$4,000","$4,000",0
194,Foster Moreau (NO - TE),Sun 1:00PM,TB,"$4,700","$4,800",-100
-,Tommy Hudson (NO - TE),Sun 1:00PM,TB,"$4,000","$4,000",0
-,Andre Baccellia (ARI - WR),Sun 1:00PM,@GB,"$4,000","$4,000",0
-,Jake Browning (CIN - QB),Sun 8:20PM,@NYG,"$6,000","$6,000",0
-,Blake Lynch (LAC - WR),Sun 4:05PM,@DEN,"$4,000",-,-
95,Christian Kirk (JAC - WR),Sun 9:30AM,@CHI,"$6,200","$6,100",+100
-,Jarrett Stidham (DEN - QB),Sun 4:05PM,LAC,"$6,000","$6,000",0
151,KaVontae Turpin (DAL - WR),Sun 4:25PM,DET,"$5,100","$4,400",+700
-,Stanley Morgan Jr. (NO - WR),Sun 1:00PM,TB,"$4,000","$4,000",0
-,Josiah Deguara (JAC - TE),Sun 9:30AM,@CHI,"$4,100","$4,000",+100
-,Tyler Davis (GB - TE),Sun 1:00PM,ARI,"$4,000","$4,000",0
265,Scotty Miller (PIT - WR),Sun 4:05PM,@LV,"$4,400","$4,200",+200
-,David Sills V (DEN - WR),Sun 4:05PM,LAC,"$4,000","$4,000",0
121,Jauan Jennings (SF - WR),Thu 8:15PM,@SEA,"$5,500","$5,900",-400
300,Gardner Minshew II (LV - QB),Sun 4:05PM,PIT,"$6,500","$6,600",-100
-,Deon Cain (CAR - WR),Sun 4:25PM,ATL,"$4,000","$4,000",0
120,Ray-Ray McCloud III (ATL - WR),Sun 4:25PM,@CAR,"$5,600","$5,500",+100
8,Josh Allen (BUF - QB),Mon 8:15PM,@NYJ,"$9,300","$9,300",0
-,MyCole Pruitt (PIT - TE),Sun 4:05PM,@LV,"$4,000","$4,000",0
295,DeAndre Carter (CHI - WR),Sun 9:30AM,JAC,"$4,200","$4,300",-100
317,Steven Sims Jr. (HOU - WR),Sun 1:00PM,@NE,"$4,000","$4,000",0
53,DJ Moore (CHI - WR),Sun 9:30AM,JAC,"$6,700","$6,400",+300
166,Ty Johnson (BUF - RB),Mon 8:15PM,@NYJ,"$5,200","$5,200",0
-,Ke'Shawn Vaughn (SF - RB),Thu 8:15PM,@SEA,"$4,000","$4,000",0
1,Lamar Jackson (BAL - QB),Sun 1:00PM,WAS,"$9,500","$8,800",+700
363,James Proche II (CLE - WR),Sun 1:00PM,@PHI,"$4,000","$4,000",0
4,Joe Burrow (CIN - QB),Sun 8:20PM,@NYG,"$8,100","$7,800",+300
-,Andy Isabella (BUF - WR),Mon 8:15PM,@NYJ,"$4,000","$4,000",0
-,Ben DiNucci (BUF - QB),Mon 8:15PM,@NYJ,"$6,000","$6,000",0
-,John Kelly Jr. (BAL - RB),Sun 1:00PM,WAS,"$4,000","$4,000",0
7,Kyler Murray (ARI - QB),Sun 1:00PM,@GB,"$7,800","$7,500",+300
16,Daniel Jones (NYG - QB),Sun 8:20PM,CIN,"$6,800","$6,700",+100
-,Nyheim Hines (CLE - RB),Sun 1:00PM,@PHI,"$4,000","$4,000",0
-,Jakobi Meyers (LV - WR),Sun 4:05PM,PIT,"$5,700","$5,800",-100
-,Lawrence Cager (NYG - TE),Sun 8:20PM,CIN,"$4,000","$4,000",0
35,Tony Pollard (TEN - RB),Sun 1:00PM,IND,"$7,000",-,-
94,Darius Slayton (NYG - WR),Sun 8:20PM,CIN,"$5,900","$5,000",+900
-,Tyler Mabry (SEA - TE),Thu 8:15PM,SF,"$4,000","$4,000",0
-,Tyree Jackson (NYG - TE),Sun 8:20PM,CIN,"$4,000","$4,000",0
231,K.J. Osborn (NE - WR),Sun 1:00PM,HOU,"$4,500","$4,800",-300
199,Hayden Hurst (LAC - TE),Sun 4:05PM,@DEN,"$4,600",-,-
380,Drew Lock (NYG - QB),Sun 8:20PM,CIN,"$6,000","$6,000",0
-,La'Michael Pettway (NE - TE),Sun 1:00PM,HOU,"$4,000","$4,000",0
-,Britain Covey (PHI - WR),Sun 1:00PM,CLE,"$5,000",-,-
-,Hakeem Butler (CIN - WR),Sun 8:20PM,@NYG,"$4,000","$4,000",0
-,Zach Gentry (LV - TE),Sun 4:05PM,PIT,"$4,000","$4,000",0
-,Jeff Smith (ARI - WR),Sun 1:00PM,@GB,"$4,000","$4,000",0
305,Nick Westbrook-Ikhine (TEN - WR),Sun 1:00PM,IND,"$4,000",-,-
17,Saquon Barkley (PHI - RB),Sun 1:00PM,CLE,"$9,200",-,-
371,Irvin Charles (NYJ - WR),Mon 8:15PM,BUF,"$4,000","$4,000",0
-,Dan Chisena (ARI - WR),Sun 1:00PM,@GB,"$4,000","$4,000",0
190,Olamide Zaccheaus (WAS - WR),Sun 1:00PM,@BAL,"$5,100","$5,200",-100
96,Calvin Ridley (TEN - WR),Sun 1:00PM,IND,"$6,000",-,-
183,Van Jefferson (PIT - WR),Sun 4:05PM,@LV,"$4,800","$4,400",+400
200,Dawson Knox (BUF - TE),Mon 8:15PM,@NYJ,"$5,100","$5,100",0
-,Scotty Washington (BAL - WR),Sun 1:00PM,WAS,"$4,000","$4,000",0
263,Alex Bachman (LV - WR),Sun 4:05PM,PIT,"$4,000","$4,000",0
164,Juwan Johnson (NO - TE),Sun 1:00PM,TB,"$5,100","$5,000",+100
-,Miles Boykin (SEA - WR),Thu 8:15PM,SF,"$4,000","$4,000",0
-,Equanimeous St. Brown (NO - WR),Sun 1:00PM,TB,"$4,000","$4,000",0
-,Jalen Guyton (LV - WR),Sun 4:05PM,PIT,"$4,000","$4,000",0
320,Trenton Irwin (CIN - WR),Sun 8:20PM,@NYG,"$4,000","$4,300",-300
-,Mitchell Wilcox (NE - TE),Sun 1:00PM,HOU,"$4,000","$4,000",0
302,Adam Prentice (NO - RB),Sun 1:00PM,TB,"$4,000","$4,000",0
-,Giovanni Ricci (CLE - TE),Sun 1:00PM,@PHI,"$4,000","$4,000",0
-,Jacob Harris (PHI - TE),Sun 1:00PM,CLE,"$4,000",-,-
-,Maurice Alexander (DET - WR),Sun 4:25PM,@DAL,"$4,000",-,-
-,Deontay Burnett (DAL - WR),Sun 4:25PM,DET,"$4,000","$4,000",0
185,JaMycal Hasty (NE - RB),Sun 1:00PM,HOU,"$4,200","$4,300",-100
61,Diontae Johnson (CAR - WR),Sun 4:25PM,ATL,"$6,900","$7,100",-200
-,Michael Jacobson (NO - TE),Sun 1:00PM,TB,"$4,000","$4,000",0
324,Marcedes Lewis (CHI - TE),Sun 9:30AM,JAC,"$4,000","$4,000",0
56,Joe Flacco (IND - QB),Sun 1:00PM,@TEN,"$7,200","$6,800",+400
-,Austin Mack (ATL - WR),Sun 4:25PM,@CAR,"$4,000","$4,000",0
332,Ko Kieft (TB - TE),Sun 1:00PM,@NO,"$4,000","$4,000",0
-,Sean McKeon (IND - TE),Sun 1:00PM,@TEN,"$4,000","$4,000",0
28,Aaron Rodgers (NYJ - QB),Mon 8:15PM,BUF,"$7,200","$6,900",+300
-,Josh Pederson (JAC - TE),Sun 9:30AM,@CHI,"$4,000","$4,000",0
6,Jordan Love (GB - QB),Sun 1:00PM,ARI,"$8,500","$8,200",+300
316,Jonathan Ward (PIT - RB),Sun 4:05PM,@LV,"$4,700","$4,000",+700
-,Hunter Kampmoyer (DEN - TE),Sun 4:05PM,LAC,"$4,000","$4,000",0
45,Justin Herbert (LAC - QB),Sun 4:05PM,@DEN,"$7,200",-,-
118,Michael Pittman Jr. (IND - WR),Sun 1:00PM,@TEN,"$6,600","$6,100",+500
-,Byron Pringle (WAS - WR),Sun 1:00PM,@BAL,"$4,000","$4,000",0
-,Feleipe Franks (CAR - TE),Sun 4:25PM,ATL,"$4,000","$4,000",0
-,Freddie Swain (CHI - WR),Sun 9:30AM,JAC,"$4,000","$4,000",0
-,Kyle Trask (TB - QB),Sun 1:00PM,@NO,"$6,000","$6,000",0
-,Jacob Eason (GB - QB),Sun 1:00PM,ARI,"$6,000","$6,000",0
342,Jack Stoll (PHI - TE),Sun 1:00PM,CLE,"$4,100",-,-
2,Jalen Hurts (PHI - QB),Sun 1:00PM,CLE,"$8,300",-,-
152,Greg Dortch (ARI - WR),Sun 1:00PM,@GB,"$4,900","$5,200",-300
283,Cedrick Wilson Jr. (NO - WR),Sun 1:00PM,TB,"$4,400","$4,300",+100
-,Anthony Brown Jr. (BUF - QB),Mon 8:15PM,@NYJ,"$6,000","$6,000",0
-,Stephen Sullivan (CAR - TE),Sun 4:25PM,ATL,"$4,000","$4,000",0
-,Jalen Virgil (BUF - WR),Mon 8:15PM,@NYJ,"$4,000","$4,000",0
76,Darnell Mooney (ATL - WR),Sun 4:25PM,@CAR,"$6,500","$5,700",+800
-,Shane Buechele (BUF - QB),Mon 8:15PM,@NYJ,"$6,000","$6,000",0
-,Collin Johnson (CHI - WR),Sun 9:30AM,JAC,"$4,000","$4,000",0
255,Trayveon Williams (CIN - RB),Sun 8:20PM,@NYG,"$4,200","$4,300",-100
84,Zack Moss (CIN - RB),Sun 8:20PM,@NYG,"$6,500","$6,600",-100
-,Cole Fotheringham (LV - TE),Sun 4:05PM,PIT,"$4,000","$4,000",0
-,Jake Funk (JAC - RB),Sun 9:30AM,@CHI,"$4,000",-,-
-,Demetric Felton Jr. (IND - WR),Sun 1:00PM,@TEN,"$4,000","$4,000",0
-,Darrynton Evans (BUF - RB),Mon 8:15PM,@NYJ,"$4,000","$4,000",0
223,Kalif Raymond (DET - WR),Sun 4:25PM,@DAL,"$4,500",-,-
297,Reggie Gilliam (BUF - RB),Mon 8:15PM,@NYJ,"$4,200","$4,200",0
233,Harrison Bryant (LV - TE),Sun 4:05PM,PIT,"$4,000","$4,300",-300
-,Devin Singletary (NYG - RB),Sun 8:20PM,CIN,"$6,100","$6,200",-100
-,Velus Jones Jr. (CHI - WR),Sun 9:30AM,JAC,"$4,000","$4,000",0
-,Frank Darby (SF - WR),Thu 8:15PM,@SEA,"$4,000","$4,000",0
-,Jalen Camp (CLE - WR),Sun 1:00PM,@PHI,"$4,000","$4,000",0
-,Albert Okwuegbunam Jr. (PHI - TE),Sun 1:00PM,CLE,"$4,000",-,-
173,Lil'Jordan Humphrey (DEN - WR),Sun 4:05PM,LAC,"$4,900","$4,900",0
-,Devin Duvernay (JAC - WR),Sun 9:30AM,@CHI,"$4,200","$4,300",-100
-,Kelvin Harmon (DAL - WR),Sun 4:25PM,DET,"$4,000","$4,000",0
-,Ben Skowronek (PIT - WR),Sun 4:05PM,@LV,"$4,000","$4,000",0
241,Kylen Granson (IND - TE),Sun 1:00PM,@TEN,"$4,700","$4,600",+100
337,Brandon Johnson (PIT - WR),Sun 4:05PM,@LV,"$4,000","$4,000",0
-,Marquez Callaway (NO - WR),Sun 1:00PM,TB,"$4,000","$4,000",0
291,Charlie Woerner (ATL - TE),Sun 4:25PM,@CAR,"$4,300","$4,500",-200
-,La'Mical Perine (PIT - RB),Sun 4:05PM,@LV,"$4,000","$4,000",0
-,Tyrie Cleveland (IND - WR),Sun 1:00PM,@TEN,"$4,000","$4,000",0
-,Jordan Thomas (ATL - TE),Sun 4:25PM,@CAR,"$4,000","$4,000",0
-,Travis Homer (CHI - RB),Sun 9:30AM,JAC,"$4,000","$4,000",0
-,Brittain Brown (SEA - RB),Thu 8:15PM,SF,"$4,000","$4,000",0
130,Justice Hill (BAL - RB),Sun 1:00PM,WAS,"$5,500","$5,900",-400
176,DJ Turner (LV - WR),Sun 4:05PM,PIT,"$4,500","$4,400",+100
157,Noah Fant (SEA - TE),Thu 8:15PM,SF,"$5,000","$5,000",0
-,Dez Fitzpatrick (LAC - WR),Sun 4:05PM,@DEN,"$4,000",-,-
155,Miles Sanders (CAR - RB),Sun 4:25PM,ATL,"$5,200","$5,300",-100
-,Kendric Pryor (CIN - WR),Sun 8:20PM,@NYG,"$4,000","$4,000",0
74,Rico Dowdle (DAL - RB),Sun 4:25PM,DET,"$6,100","$6,000",+100
-,J.J. Taylor (HOU - RB),Sun 1:00PM,@NE,"$4,200","$4,500",-300
227,Khalil Herbert (CHI - RB),Sun 9:30AM,JAC,"$4,600","$4,800",-200
-,Kwamie Lassiter II (CIN - WR),Sun 8:20PM,@NYG,"$4,000","$4,000",0
-,Denzel Mims (JAC - WR),Sun 9:30AM,@CHI,"$4,000","$4,000",0
290,Ian Thomas (CAR - TE),Sun 4:25PM,ATL,"$4,000","$4,000",0
329,Patrick Taylor Jr. (SF - RB),Thu 8:15PM,@SEA,"$4,000","$4,000",0
-,Kenny Yeboah (NYJ - TE),Mon 8:15PM,BUF,"$4,000","$4,000",0
270,John Bates (WAS - TE),Sun 1:00PM,@BAL,"$4,000","$4,100",-100
-,Irv Smith Jr. (HOU - TE),Sun 1:00PM,@NE,"$4,000","$4,000",0
33,Josh Jacobs (GB - RB),Sun 1:00PM,ARI,"$7,600","$7,000",+600
333,Avery Williams (ATL - RB),Sun 4:25PM,@CAR,"$4,200","$4,000",+200
106,Alexander Mattison (LV - RB),Sun 4:05PM,PIT,"$5,600","$5,800",-200
47,A.J. Brown (PHI - WR),Sun 1:00PM,CLE,"$8,100",-,-
-,Armani Rogers (ATL - TE),Sun 4:25PM,@CAR,"$4,000",-,-
54,DK Metcalf (SEA - WR),Thu 8:15PM,SF,"$8,300","$8,200",+100
-,Samson Nacua (NO - WR),Sun 1:00PM,TB,"$4,000","$4,000",0
-,Chase Claypool (BUF - WR),Mon 8:15PM,@NYJ,"$4,000","$4,000",0
-,Tony Jones Jr. (ARI - RB),Sun 1:00PM,@GB,"$4,000","$4,000",0
-,Chris Evans (CIN - RB),Sun 8:20PM,@NYG,"$4,000","$4,000",0
285,Luke Farrell (JAC - TE),Sun 9:30AM,@CHI,"$4,400","$4,300",+100
-,Kene Nwangwu (NYJ - RB),Mon 8:15PM,BUF,"$4,000","$4,000",0
41,David Montgomery (DET - RB),Sun 4:25PM,@DAL,"$7,900",-,-
-,Quez Watkins (PIT - WR),Sun 4:05PM,@LV,"$4,000","$4,000",0
310,Eric Saubert (SF - TE),Thu 8:15PM,@SEA,"$4,200","$4,200",0
240,David Moore (CAR - WR),Sun 4:25PM,ATL,"$4,100","$4,300",-200
69,Austin Ekeler (WAS - RB),Sun 1:00PM,@BAL,"$5,700","$6,000",-300
-,Josh Johnson (BAL - QB),Sun 1:00PM,WAS,"$6,000","$6,000",0
202,Kendrick Bourne (NE - WR),Sun 1:00PM,HOU,"$4,800","$4,000",+800
-,Anthony Firkser (NYJ - TE),Mon 8:15PM,BUF,"$4,000","$4,000",0
249,Patrick Ricard (BAL - RB),Sun 1:00PM,WAS,"$4,200","$4,200",0
116,Dallas Goedert (PHI - TE),Sun 1:00PM,CLE,"$7,000",-,-
-,Chase Edmonds (TB - RB),Sun 1:00PM,@NO,"$4,000","$4,000",0
-,Daurice Fountain (DET - WR),Sun 4:25PM,@DAL,"$4,000",-,-
360,Tanner Hudson (CIN - TE),Sun 8:20PM,@NYG,"$4,000","$4,000",0
334,Ross Dwelley (ATL - TE),Sun 4:25PM,@CAR,"$4,000","$4,000",0
-,Kevin Rader (NO - TE),Sun 1:00PM,TB,"$4,000","$4,000",0
-,Luis Perez (LAC - QB),Sun 4:05PM,@DEN,"$6,000",-,-
228,KhaDarel Hodge (ATL - WR),Sun 4:25PM,@CAR,"$4,600","$4,200",+400
9,Brock Purdy (SF - QB),Thu 8:15PM,@SEA,"$7,800","$7,700",+100
243,Charlie Kolar (BAL - TE),Sun 1:00PM,WAS,"$4,800","$4,500",+300
-,Terrace Marshall Jr. (SF - WR),Thu 8:15PM,@SEA,"$4,000","$4,000",0
-,Jontre Kirklin (SF - WR),Thu 8:15PM,@SEA,"$4,000","$4,000",0
25,Ja'Marr Chase (CIN - WR),Sun 8:20PM,@NYG,"$9,500","$9,300",+200
-,Jaray Jenkins (PIT - WR),Sun 4:05PM,@LV,"$4,000","$4,000",0
-,Racey McMath (DAL - WR),Sun 4:25PM,DET,"$4,000","$4,000",0
-,Curtis Hodges (CAR - TE),Sun 4:25PM,ATL,"$4,000","$4,000",0
59,Brandon Aiyuk (SF - WR),Thu 8:15PM,@SEA,"$7,000","$6,700",+300
281,Brevyn Spann-Ford (DAL - TE),Sun 4:25PM,DET,"$4,500","$4,100",+400
122,Rashod Bateman (BAL - WR),Sun 1:00PM,WAS,"$5,500","$5,600",-100
-,Zack Annexstad (TB - QB),Sun 1:00PM,@NO,"$6,000","$6,000",0
-,Hendon Hooker (DET - QB),Sun 4:25PM,@DAL,"$6,000",-,-
-,James Mitchell (DET - TE),Sun 4:25PM,@DAL,"$4,000",-,-
-,Dalton Keene (HOU - TE),Sun 1:00PM,@NE,"$4,000","$4,000",0
-,Malik Davis (DAL - RB),Sun 4:25PM,DET,"$4,000","$4,000",0
-,Kadarius Toney (CLE - WR),Sun 1:00PM,@PHI,"$4,000","$4,000",0
184,Dameon Pierce (HOU - RB),Sun 1:00PM,@NE,"$4,900","$5,300",-400
-,Jacob Copeland (PIT - WR),Sun 4:05PM,@LV,"$4,000","$4,000",0
242,Lucas Krull (DEN - TE),Sun 4:05PM,LAC,"$4,100","$4,000",+100
110,Kyle Pitts (ATL - TE),Sun 4:25PM,@CAR,"$5,900","$5,600",+300
-,Emory Jones (BAL - QB),Sun 1:00PM,WAS,"$6,000","$6,000",0
351,Ihmir Smith-Marsette (NYG - WR),Sun 8:20PM,CIN,"$4,000","$4,000",0
-,Brandon Smith (NYJ - WR),Mon 8:15PM,BUF,"$4,000","$4,000",0
52,Tyrone Tracy Jr. (NYG - RB),Sun 8:20PM,CIN,"$5,800","$4,800","+1,000"
-,KJ Hamler (BUF - WR),Mon 8:15PM,@NYJ,"$4,000","$4,000",0
-,Sean Clifford (GB - QB),Sun 1:00PM,ARI,"$6,000","$6,000",0
-,Justin Shorter (LV - WR),Sun 4:05PM,PIT,"$4,000","$4,000",0
214,Jahan Dotson (PHI - WR),Sun 1:00PM,CLE,"$5,600",-,-
-,Zack Kuntz (NYJ - TE),Mon 8:15PM,BUF,"$4,000","$4,000",0
27,Will Levis (TEN - QB),Sun 1:00PM,IND,"$6,600",-,-
128,Pat Freiermuth (PIT - TE),Sun 4:05PM,@LV,"$5,700","$5,200",+500
219,Josh Whyle (TEN - TE),Sun 1:00PM,IND,"$4,400",-,-
-,Ben Bryant (NYJ - QB),Mon 8:15PM,BUF,"$6,000","$6,000",0
-,Desmond Ridder (ARI - QB),Sun 1:00PM,@GB,"$6,000","$6,000",0
126,Alec Pierce (IND - WR),Sun 1:00PM,@TEN,"$5,800","$5,400",+400
-,Xazavian Valladay (NYJ - RB),Mon 8:15PM,BUF,"$4,000","$4,000",0
188,Khalil Shakir (BUF - WR),Mon 8:15PM,@NYJ,"$6,200","$6,200",0
-,Brayden Willis (SF - TE),Thu 8:15PM,@SEA,"$4,000","$4,000",0
21,CeeDee Lamb (DAL - WR),Sun 4:25PM,DET,"$9,300","$9,400",-100
-,Tanner Mordecai (SF - QB),Thu 8:15PM,@SEA,"$6,000","$6,000",0
81,Trey Sermon (IND - RB),Sun 1:00PM,@TEN,"$6,000","$5,900",+100
267,Grant Calcaterra (PHI - TE),Sun 1:00PM,CLE,"$4,600",-,-
-,Thomas Odukoya (TEN - TE),Sun 1:00PM,IND,"$4,000",-,-
-,Tanner Knue (TB - WR),Sun 1:00PM,@NO,"$4,000","$4,000",0
-,Dylan Drummond (ATL - WR),Sun 4:25PM,@CAR,"$4,000","$4,000",0
-,Jack Westover (NE - TE),Sun 1:00PM,HOU,"$4,000","$4,000",0
-,Jacob Sirmon (CLE - QB),Sun 1:00PM,@PHI,"$6,000","$6,000",0
-,Devin Culp (TB - TE),Sun 1:00PM,@NO,"$4,000","$4,000",0
-,Salvon Ahmed (DEN - RB),Sun 4:05PM,LAC,"$4,000","$4,000",0
-,Terrell Bynum (LV - WR),Sun 4:05PM,PIT,"$4,000","$4,000",0
312,Jake Haener (NO - QB),Sun 1:00PM,TB,"$6,000","$6,000",0
-,Colson Yankoff (WAS - TE),Sun 1:00PM,@BAL,"$4,000","$4,000",0
135,Cade Otton (TB - TE),Sun 1:00PM,@NO,"$5,200","$5,300",-100
20,Jordan Mason (SF - RB),Thu 8:15PM,@SEA,"$8,900","$8,700",+200
29,Amon-Ra St. Brown (DET - WR),Sun 4:25PM,@DAL,"$9,000",-,-
-,Markese Stepp (NYJ - RB),Mon 8:15PM,BUF,"$4,000","$4,000",0
-,Bryce Oliver (TEN - WR),Sun 1:00PM,IND,"$4,000",-,-
-,Josh Ali (ATL - WR),Sun 4:25PM,@CAR,"$4,000","$4,000",0
335,Brenden Bates (NYJ - TE),Mon 8:15PM,BUF,"$4,000","$4,000",0
-,Thomas Yassmin (DEN - TE),Sun 4:05PM,LAC,"$4,000","$4,000",0
-,Bryan Thompson (BUF - WR),Mon 8:15PM,@NYJ,"$4,000","$4,000",0
137,Isaiah Likely (BAL - TE),Sun 1:00PM,WAS,"$5,800","$5,700",+100
-,Jacob Warren (NE - TE),Sun 1:00PM,HOU,"$4,000","$4,000",0
140,Joshua Palmer (LAC - WR),Sun 4:05PM,@DEN,"$5,100",-,-
244,Cedric Tillman (CLE - WR),Sun 1:00PM,@PHI,"$4,100","$4,100",0
-,Princeton Fant (DAL - TE),Sun 4:25PM,DET,"$4,000","$4,000",0
36,Chuba Hubbard (CAR - RB),Sun 4:25PM,ATL,"$7,400","$6,800",+600
-,Jelani Woods (IND - TE),Sun 1:00PM,@TEN,"$4,000","$4,000",0
274,Tylan Wallace (BAL - WR),Sun 1:00PM,WAS,"$4,400","$4,100",+300
-,Sam Hartman (WAS - QB),Sun 1:00PM,@BAL,"$6,000","$6,000",0
-,Sage Surratt (ARI - WR),Sun 1:00PM,@GB,"$4,000","$4,000",0
-,A.T. Perry (DEN - WR),Sun 4:05PM,LAC,"$4,000","$4,000",0
339,Blake Whiteheart (CLE - TE),Sun 1:00PM,@PHI,"$4,200","$4,400",-200
-,Seth Williams (DAL - WR),Sun 4:25PM,DET,"$4,000","$4,000",0
-,Shedrick Jackson (CIN - WR),Sun 8:20PM,@NYG,"$4,000","$4,000",0
-,Sal Cannella (TB - TE),Sun 1:00PM,@NO,"$4,000","$4,000",0
358,Malik Willis (GB - QB),Sun 1:00PM,ARI,"$6,000","$6,000",0
353,John Samuel Shenker (LV - TE),Sun 4:05PM,PIT,"$4,000","$4,000",0
-,Dominique Robinson (CHI - WR),Sun 9:30AM,JAC,"$4,000","$4,000",0
80,Chris Olave (NO - WR),Sun 1:00PM,TB,"$7,100","$6,900",+200
49,J.K. Dobbins (LAC - RB),Sun 4:05PM,@DEN,"$6,700",-,-
-,Jaelen Gill (LAC - WR),Sun 4:05PM,@DEN,"$4,000",-,-
253,Jeremy Ruckert (NYJ - TE),Mon 8:15PM,BUF,"$4,300","$4,300",0
357,Brady Russell (SEA - TE),Thu 8:15PM,SF,"$4,000","$4,000",0
276,Laviska Shenault Jr. (SEA - WR),Thu 8:15PM,SF,"$4,100","$4,100",0
-,Daniel Arias (ARI - WR),Sun 1:00PM,@GB,"$4,000","$4,000",0
-,Dimitri Stanley (GB - WR),Sun 1:00PM,ARI,"$4,000","$4,000",0
-,Gary Brightwell (CLE - RB),Sun 1:00PM,@PHI,"$4,000","$4,000",0
-,Chevan Cordeiro (SEA - QB),Thu 8:15PM,SF,"$6,000","$6,000",0
172,Chig Okonkwo (TEN - TE),Sun 1:00PM,IND,"$4,900",-,-
-,Daewood Davis (CAR - WR),Sun 4:25PM,ATL,"$4,000","$4,000",0
-,Johnny Johnson III (HOU - WR),Sun 1:00PM,@NE,"$4,000","$4,000",0
-,Kawaan Baker (NE - WR),Sun 1:00PM,HOU,"$4,000","$4,000",0
-,Cephus Johnson III (TB - WR),Sun 1:00PM,@NO,"$4,000","$4,000",0
-,Jalen Wayne (GB - WR),Sun 1:00PM,ARI,"$4,000","$4,000",0
100,Jalen Tolbert (DAL - WR),Sun 4:25PM,DET,"$6,100","$5,100","+1,000"
171,Elijah Moore (CLE - WR),Sun 1:00PM,@PHI,"$4,700","$4,900",-200
-,Austin Trammell (JAC - WR),Sun 9:30AM,@CHI,"$4,000","$4,000",0
-,Jaret Patterson (LAC - RB),Sun 4:05PM,@DEN,"$4,000",-,-
313,Charlie Jones (CIN - WR),Sun 8:20PM,@NYG,"$4,200","$4,400",-200
379,Michael Penix Jr. (ATL - QB),Sun 4:25PM,@CAR,"$6,000","$6,000",0
-,Carter Bradley (LV - QB),Sun 4:05PM,PIT,"$6,000","$6,000",0
-,TaMerik Williams (SEA - RB),Thu 8:15PM,SF,"$4,000","$4,000",0
-,Cam Johnson (DAL - WR),Sun 4:25PM,DET,"$4,000","$4,000",0
-,John Paddock (ATL - QB),Sun 4:25PM,@CAR,"$6,000","$6,000",0
260,Ben Sims (GB - TE),Sun 1:00PM,ARI,"$4,000","$4,000",0
-,Tyquan Thornton (NE - WR),Sun 1:00PM,HOU,"$4,300","$4,600",-300
217,Cam Akers (HOU - RB),Sun 1:00PM,@NE,"$5,800","$6,200",-400
-,Tre'Shaun Harrison (TEN - WR),Sun 1:00PM,IND,"$4,000",-,-
-,Tre' McKitty (BUF - TE),Mon 8:15PM,@NYJ,"$4,000","$4,000",0
307,Tim Jones (JAC - WR),Sun 9:30AM,@CHI,"$4,100","$4,100",0
40,Jayden Reed (GB - WR),Sun 1:00PM,ARI,"$7,700","$7,200",+500
73,Chase Brown (CIN - RB),Sun 8:20PM,@NYG,"$5,400","$6,100",-700
-,Tucker Fisk (LAC - TE),Sun 4:05PM,@DEN,"$4,000",-,-
-,Tanner McKee (PHI - QB),Sun 1:00PM,CLE,"$6,000",-,-
108,Michael Wilson (ARI - WR),Sun 1:00PM,@GB,"$5,900","$5,200",+700
278,Simi Fehoko (LAC - WR),Sun 4:05PM,@DEN,"$4,200",-,-
366,Brycen Tremayne (WAS - WR),Sun 1:00PM,@BAL,"$4,200","$4,000",+200
-,Davis Mills (HOU - QB),Sun 1:00PM,@NE,"$6,000","$6,000",0
186,Isaac Guerendo (SF - RB),Thu 8:15PM,@SEA,"$4,800","$4,600",+200
-,Jonathan Taylor (IND - RB),Sun 1:00PM,@TEN,"$8,400","$8,500",-100
89,Jake Ferguson (DAL - TE),Sun 4:25PM,DET,"$6,100","$6,200",-100
-,Spencer Brown (ATL - RB),Sun 4:25PM,@CAR,"$4,000","$4,000",0
-,Austin Watkins Jr. (PHI - WR),Sun 1:00PM,CLE,"$4,000",-,-
-,Blake Watson (DEN - RB),Sun 4:05PM,LAC,"$4,000","$4,000",0
23,Trevor Lawrence (JAC - QB),Sun 9:30AM,@CHI,"$7,300","$7,000",+300
66,Travis Etienne Jr. (JAC - RB),Sun 9:30AM,@CHI,"$7,100","$7,200",-100
63,Tee Higgins (CIN - WR),Sun 8:20PM,@NYG,"$7,600","$6,800",+800
-,Michael Woods II (CLE - WR),Sun 1:00PM,@PHI,"$4,000","$4,000",0
331,Quintin Morris (BUF - TE),Mon 8:15PM,@NYJ,"$4,300","$4,300",0
272,Daniel Bellinger (NYG - TE),Sun 8:20PM,CIN,"$4,500","$4,600",-100
-,Jesse Matthews (ATL - WR),Sun 4:25PM,@CAR,"$4,000","$4,000",0
328,Dallin Holker (NO - TE),Sun 1:00PM,TB,"$4,000","$4,000",0
-,Jaren Hall (SEA - QB),Thu 8:15PM,SF,"$6,000","$6,000",0
-,Zach Wilson (DEN - QB),Sun 4:05PM,LAC,"$6,000","$6,000",0
-,Dax Milne (LV - WR),Sun 4:05PM,PIT,"$4,000","$4,000",0
114,Tyler Allgeier (ATL - RB),Sun 4:25PM,@CAR,"$5,400","$6,000",-600
-,Troy Hairston II (HOU - RB),Sun 1:00PM,@NE,"$4,000","$4,000",0
-,Joel Wilson (NYG - TE),Sun 8:20PM,CIN,"$4,000","$4,000",0
-,Julian Hicks (GB - WR),Sun 1:00PM,ARI,"$4,000","$4,000",0
-,Kobe Lewis (SEA - RB),Thu 8:15PM,SF,"$4,000","$4,000",0
-,Cameron Latu (CLE - TE),Sun 1:00PM,@PHI,"$4,000","$4,000",0
88,Jerome Ford (CLE - RB),Sun 1:00PM,@PHI,"$6,200","$6,300",-100
119,Jerry Jeudy (CLE - WR),Sun 1:00PM,@PHI,"$5,700","$5,900",-200
-,Brian Robinson Jr. (WAS - RB),Sun 1:00PM,@BAL,"$7,700","$7,700",0
58,Najee Harris (PIT - RB),Sun 4:05PM,@LV,"$7,200","$6,500",+700
70,DeVonta Smith (PHI - WR),Sun 1:00PM,CLE,"$7,300",-,-
311,Tyrell Shavers (BUF - WR),Mon 8:15PM,@NYJ,"$4,000","$4,000",0
370,Mac Jones (JAC - QB),Sun 9:30AM,@CHI,"$6,000","$6,000",0
-,Griffin Hebert (PHI - TE),Sun 1:00PM,CLE,"$4,000",-,-
-,Clayton Tune (ARI - QB),Sun 1:00PM,@GB,"$6,000","$6,000",0
177,Calvin Austin III (PIT - WR),Sun 4:05PM,@LV,"$5,100","$4,700",+400
195,Kenneth Gainwell (PHI - RB),Sun 1:00PM,CLE,"$4,900",-,-
68,Antonio Gibson (NE - RB),Sun 1:00PM,HOU,"$5,500","$5,400",+100
-,Adrian Martinez (NYJ - QB),Mon 8:15PM,BUF,"$6,000","$6,000",0
234,Brock Wright (DET - TE),Sun 4:25PM,@DAL,"$4,300",-,-
129,Cole Kmet (CHI - TE),Sun 9:30AM,JAC,"$5,100","$5,200",-100
-,Kevin Austin Jr. (NO - WR),Sun 1:00PM,TB,"$4,000","$4,000",0
-,Lawrence Keys III (BUF - WR),Mon 8:15PM,@NYJ,"$4,000","$4,000",0
-,Tommy Tremble (CAR - TE),Sun 4:25PM,ATL,"$4,500","$4,700",-200
226,Hassan Haskins (LAC - RB),Sun 4:05PM,@DEN,"$4,100",-,-
-,Joe Milton III (NE - QB),Sun 1:00PM,HOU,"$6,000","$6,000",0
298,Ronnie Bell (SF - WR),Thu 8:15PM,@SEA,"$4,100","$4,000",+100
254,Luke Schoonmaker (DAL - TE),Sun 4:25PM,DET,"$4,700","$4,400",+300
-,Nico Collins (HOU - WR),Sun 1:00PM,@NE,"$8,900","$8,800",+100
-,Donovan Peoples-Jones (DET - WR),Sun 4:25PM,@DAL,"$4,000",-,-
-,Tarik Black (PIT - WR),Sun 4:05PM,@LV,"$4,000","$4,000",0
-,Ben Mason (LAC - RB),Sun 4:05PM,@DEN,"$4,000",-,-
-,McCallan Castles (PHI - TE),Sun 1:00PM,CLE,"$4,000",-,-
338,Jake Tonges (SF - TE),Thu 8:15PM,@SEA,"$4,100","$4,000",+100
-,Jaylen Johnson (LAC - WR),Sun 4:05PM,@DEN,"$4,000",-,-
-,Zamir White (LV - RB),Sun 4:05PM,PIT,"$5,500","$5,500",0
12,Justin Fields (PIT - QB),Sun 4:05PM,@LV,"$7,600","$7,600",0
46,D'Andre Swift (CHI - RB),Sun 9:30AM,JAC,"$6,900","$6,400",+500
-,Matt Landers (NE - WR),Sun 1:00PM,HOU,"$4,000","$4,000",0
-,John FitzPatrick (GB - TE),Sun 1:00PM,ARI,"$4,000","$4,000",0
55,James Cook (BUF - RB),Mon 8:15PM,@NYJ,"$8,200","$8,200",0
-,Kearis Jackson (NYG - WR),Sun 8:20PM,CIN,"$4,000",-,-
-,Jake Fromm (DET - QB),Sun 4:25PM,@DAL,"$6,000",-,-
-,Deshaun Fenwick (NE - RB),Sun 1:00PM,HOU,"$4,000","$4,000",0
90,Trey McBride (ARI - TE),Sun 1:00PM,@GB,"$6,500","$6,500",0
-,Joshua Kelley (NYG - RB),Sun 8:20PM,CIN,"$4,000","$4,000",0
-,Michael Ezeike (SEA - TE),Thu 8:15PM,SF,"$4,000","$4,000",0
-,Ethan Fernea (IND - WR),Sun 1:00PM,@TEN,"$4,000","$4,000",0
-,Dorian Thompson-Robinson (CLE - QB),Sun 1:00PM,@PHI,"$6,000","$6,000",0
-,Kyle Philips (PHI - WR),Sun 1:00PM,CLE,"$4,000",-,-
-,Chase Cota- DUP (NYG - WR),Sun 8:20PM,CIN,"$4,000","$4,000",0
-,Kazmeir Allen (WAS - WR),Sun 1:00PM,@BAL,"$4,000","$4,000",0
-,Greg Dulcich (DEN - TE),Sun 4:05PM,LAC,"$4,400","$4,400",0
330,Jordan Mims (NO - RB),Sun 1:00PM,TB,"$4,000","$4,000",0
-,Kenny Pickett (PHI - QB),Sun 1:00PM,CLE,"$6,000",-,-
325,Jaelon Darden (CLE - WR),Sun 1:00PM,@PHI,"$4,000","$4,000",0
-,Jason Bean (IND - QB),Sun 1:00PM,@TEN,"$6,000","$6,000",0
-,Marcus Jones (NE - WR),Sun 1:00PM,HOU,"$4,000","$4,000",0
-,Johnny Lumpkin (GB - TE),Sun 1:00PM,ARI,"$4,000","$4,000",0
-,Elijah Mitchell (SF - RB),Thu 8:15PM,@SEA,"$4,000","$4,000",0
-,Sean Ryan (BAL - WR),Sun 1:00PM,WAS,"$4,000","$4,000",0
-,David Martin-Robinson (TEN - TE),Sun 1:00PM,IND,"$4,000",-,-
-,Sam Ehlinger (IND - QB),Sun 1:00PM,@TEN,"$6,000","$6,000",0
-,Travis Vokolek (ARI - TE),Sun 1:00PM,@GB,"$4,000","$4,100",-100
321,Raheem Blackshear (CAR - RB),Sun 4:25PM,ATL,"$4,000","$4,000",0
208,Bo Melton (GB - WR),Sun 1:00PM,ARI,"$4,600","$4,300",+300
256,Connor Heyward (PIT - TE),Sun 4:05PM,@LV,"$4,000","$4,000",0
-,Cody White (SEA - WR),Thu 8:15PM,SF,"$4,000","$4,000",0
-,Elijah Collins (CIN - RB),Sun 8:20PM,@NYG,"$4,000","$4,000",0
-,Rocky Lombardi (CIN - QB),Sun 8:20PM,@NYG,"$6,000","$6,000",0
-,Jordan Travis (NYJ - QB),Mon 8:15PM,BUF,"$6,000","$6,000",0
-,Marcus Riley (NYJ - WR),Mon 8:15PM,BUF,"$4,000","$4,000",0
-,Tyler Harrell (NYJ - WR),Mon 8:15PM,BUF,"$4,000","$4,000",0
-,Malik Cunningham (BAL - QB),Sun 1:00PM,WAS,"$6,000","$6,000",0
-,Hassan Hall (ARI - RB),Sun 1:00PM,@GB,"$4,000","$4,000",0
-,Jack Colletto (PIT - RB),Sun 4:05PM,@LV,"$4,000","$4,000",0
-,Jermar Jefferson (DET - RB),Sun 4:25PM,@DAL,"$4,000",-,-
367,Teagan Quitoriano (HOU - TE),Sun 1:00PM,@NE,"$4,000","$4,000",0
252,Isaiah Hodgins (NYG - WR),Sun 8:20PM,CIN,"$4,000","$4,000",0
-,E.J. Perry (JAC - QB),Sun 9:30AM,@CHI,"$6,000","$6,000",0
-,AJ Dillon (GB - RB),Sun 1:00PM,ARI,"$4,000","$4,000",0
-,Deon Jackson (NYJ - RB),Mon 8:15PM,BUF,"$4,000","$4,000",0
236,Jake Bobo (SEA - WR),Thu 8:15PM,SF,"$4,300","$4,200",+100
-,Sam Pinckney (CAR - WR),Sun 4:25PM,ATL,"$4,000","$4,000",0
71,Aidan O'Connell (LV - QB),Sun 4:05PM,PIT,"$6,500","$6,000",+500
301,Payne Durham (TB - TE),Sun 1:00PM,@NO,"$4,100","$4,100",0
-,Rondale Moore (ATL - WR),Sun 4:25PM,@CAR,"$4,000","$4,000",0
-,Jack Plummer (CAR - QB),Sun 4:25PM,ATL,"$6,000","$6,000",0
-,Antoine Green (DET - WR),Sun 4:25PM,@DAL,"$4,000",-,-
191,Dyami Brown (WAS - WR),Sun 1:00PM,@BAL,"$4,800","$4,300",+500
-,Michael Carter (ARI - RB),Sun 1:00PM,@GB,"$4,000","$4,000",0
-,British Brooks (HOU - RB),Sun 1:00PM,@NE,"$4,100","$4,100",0
82,Javonte Williams (DEN - RB),Sun 4:05PM,LAC,"$5,900","$5,900",0
-,Easop Winston Jr. (SEA - WR),Thu 8:15PM,SF,"$4,000","$4,000",0
-,Trent Pennix (IND - RB),Sun 1:00PM,@TEN,"$4,000","$4,000",0
-,Ricky Person Jr. (SEA - RB),Thu 8:15PM,SF,"$4,000","$4,000",0
-,Devin Leary (BAL - QB),Sun 1:00PM,WAS,"$6,000","$6,000",0
-,Devin Carter (CAR - WR),Sun 4:25PM,ATL,"$4,000","$4,000",0
364,DeeJay Dallas (ARI - RB),Sun 1:00PM,@GB,"$4,000","$4,100",-100
-,Brevin Jordan (HOU - TE),Sun 1:00PM,@NE,"$4,000","$4,000",0
-,Robert Burns (ATL - RB),Sun 4:25PM,@CAR,"$4,000","$4,000",0
259,Will Mallory (IND - TE),Sun 1:00PM,@TEN,"$4,000","$4,000",0
-,Lorenzo Lingard (NYG - RB),Sun 8:20PM,CIN,"$4,000","$4,000",0
-,Henry Pearson (GB - RB),Sun 1:00PM,ARI,"$4,000","$4,000",0
-,Cole Turner (WAS - TE),Sun 1:00PM,@BAL,"$4,000","$4,000",0
-,Elijah Cooks (JAC - WR),Sun 9:30AM,@CHI,"$4,000","$4,000",0
112,Romeo Doubs (GB - WR),Sun 1:00PM,ARI,"$5,700","$5,700",0
-,Andrew Peasley (NYJ - QB),Mon 8:15PM,BUF,"$6,000","$6,000",0
-,Deven Thompkins (CAR - WR),Sun 4:25PM,ATL,"$4,000","$4,000",0
136,Gabe Davis (JAC - WR),Sun 9:30AM,@CHI,"$5,800","$5,900",-100
-,Alec Holler (DAL - TE),Sun 4:25PM,DET,"$4,000","$4,000",0
196,Emari Demercado (ARI - RB),Sun 1:00PM,@GB,"$4,600","$4,900",-300
-,John Stephens Jr. (DAL - WR),Sun 4:25PM,DET,"$4,000","$4,000",0
282,Derius Davis (LAC - WR),Sun 4:05PM,@DEN,"$4,000",-,-
-,Jalen Reagor (LAC - WR),Sun 4:05PM,@DEN,"$4,000",-,-
-,Nathan Rourke (ATL - QB),Sun 4:25PM,@CAR,"$6,000","$6,000",0
-,Jarveon Howard (GB - RB),Sun 1:00PM,ARI,"$4,000","$4,000",0
-,Tommy DeVito (NYG - QB),Sun 8:20PM,CIN,"$6,000","$6,000",0
-,Jacob Kibodi (NO - RB),Sun 1:00PM,TB,"$4,000","$4,000",0
-,Jashaun Corbin (NYG - RB),Sun 8:20PM,CIN,"$4,000","$4,000",0
-,Tyler Badie (DEN - RB),Sun 4:05PM,LAC,"$4,100","$4,400",-300
-,Messiah Swinson (GB - TE),Sun 1:00PM,ARI,"$4,000","$4,000",0
-,Xavier Johnson (HOU - WR),Sun 1:00PM,@NE,"$4,000","$4,000",0
349,Ryan Miller (TB - TE),Sun 1:00PM,@NO,"$4,000","$4,000",0
-,D.J. Montgomery (IND - WR),Sun 1:00PM,@TEN,"$4,000","$4,000",0
-,Owen Wright (BAL - RB),Sun 1:00PM,WAS,"$4,000","$4,000",0
-,Keelan Doss (LV - WR),Sun 4:05PM,PIT,"$4,000","$4,000",0
