year,week,player_id,player,firstName,lastName,position,team,points,points_ppr,points_half,receptions,reception_yards,reception_tds,This Week,Last Week,Difference
2024,6,4258173,Nico Collins,Nico,Collins,WR,HOU,,,,,,,"$8,900","$8,800",+100
2024,6,4362628,Ja'Marr Chase,Ja'Marr,Chase,WR,CIN,11.75,17.85,14.8,6.1,83.23,0.59,,,
2024,6,4047650,DK Metcalf,DK,Metcalf,WR,SEA,9.96,15.15,12.55,5.19,74.0,0.45,"$8,300","$8,200",+100
2024,6,4262921,Justin Jefferson,Justin,Jefferson,WR,MIN,0.0,0.0,0.0,0.0,0.0,0.0,,,
2024,6,4362249,Jayden Reed,Jayden,Reed,WR,GB,10.27,15.36,12.82,5.1,65.44,0.42,"$7,700","$7,200",+500
2024,6,3886598,Jauan Jennings,Jauan,Jennings,WR,SF,5.72,8.87,7.29,3.15,41.59,0.26,"$5,500","$5,900",-400
2024,6,4432773,Brian Thomas Jr.,Brian,Thomas Jr.,WR,JAX,8.4,13.13,10.76,4.73,61.99,0.36,,,
2024,6,3116165,Chris Godwin,Chris,Godwin,WR,TB,9.43,15.27,12.35,5.84,69.35,0.41,"$7,500","$7,100",+400
2024,6,4595348,Malik Nabers,Malik,Nabers,WR,NYG,,,,,,,"$8,000","$8,100",-100
2024,6,4241389,CeeDee Lamb,CeeDee,Lamb,WR,DAL,12.32,18.79,15.55,6.47,85.57,0.54,"$9,300","$9,400",-100
2024,6,4360078,Alec Pierce,Alec,Pierce,WR,IND,4.1,5.88,4.99,1.78,30.77,0.18,"$5,800","$5,400",+400
2024,6,4426502,Drake London,Drake,London,WR,ATL,10.5,16.54,13.52,6.04,73.99,0.54,"$7,400","$6,500",+900
2024,6,4360438,Brandon Aiyuk,Brandon,Aiyuk,WR,SF,9.61,14.55,12.08,4.94,72.79,0.41,"$7,000","$6,700",+300
2024,6,2577327,Tyler Lockett,Tyler,Lockett,WR,SEA,6.33,10.57,8.45,4.24,47.84,0.27,"$6,000","$6,200",-200
2024,6,4032473,Rashid Shaheed,Rashid,Shaheed,WR,NO,7.41,11.08,9.25,3.67,53.13,0.27,"$6,400","$6,100",+300
2024,6,3126486,Deebo Samuel Sr.,Deebo,Samuel Sr.,WR,SF,10.61,15.15,12.88,4.55,62.86,0.37,,,
2024,6,4040655,Darnell Mooney,Darnell,Mooney,WR,ATL,8.23,12.46,10.34,4.23,58.05,0.41,"$6,500","$5,700",+800
2024,6,2976212,Stefon Diggs,Stefon,Diggs,WR,HOU,10.0,15.84,12.92,5.84,72.44,0.46,"$8,000","$7,600",+400
2024,6,4432665,Brock Bowers,Brock,Bowers,WR,LV,,,,,,,,,
2024,6,4426354,George Pickens,George,Pickens,WR,PIT,8.49,12.93,10.71,4.44,62.65,0.39,"$6,200","$6,000",+200
2024,6,4430878,Jaxon Smith-Njigba,Jaxon,Smith-Njigba,WR,SEA,7.5,12.6,10.05,5.11,56.93,0.32,,,
2024,6,3121422,Terry McLaurin,Terry,McLaurin,WR,WSH,9.23,14.79,12.01,5.57,72.19,0.34,"$6,800","$6,600",+200
2024,6,3121023,Dallas Goedert,Dallas,Goedert,WR,PHI,,,,,,,,,
2024,6,3915416,DJ Moore,DJ,Moore,WR,CHI,8.92,13.97,11.44,5.05,66.38,0.36,"$6,700","$6,400",+300
2024,6,4569618,Garrett Wilson,Garrett,Wilson,WR,NYJ,9.24,14.82,12.03,5.58,66.85,0.43,"$7,800","$7,700",+100
2024,6,4426388,Jameson Williams,Jameson,Williams,WR,DET,7.86,11.41,9.64,3.55,55.6,0.35,"$6,300",-,-
2024,6,4428331,Rashee Rice,Rashee,Rice,WR,KC,0.0,0.0,0.0,0.0,0.0,0.0,,,
2024,6,3116406,Tyreek Hill,Tyreek,Hill,WR,MIA,0.0,0.0,0.0,0.0,0.0,0.0,,,
2024,6,3040151,George Kittle,George,Kittle,WR,SF,,,,,,,,,
2024,6,4360797,Tutu Atwell,Tutu,Atwell,WR,LAR,0.0,0.0,0.0,0.0,0.0,0.0,,,
2024,6,4432708,Marvin Harrison Jr.,Marvin,Harrison Jr.,WR,ARI,9.24,14.28,11.76,5.04,66.68,0.45,,,
2024,6,16737,Mike Evans,Mike,Evans,WR,TB,9.85,14.52,12.19,4.68,67.76,0.53,"$8,200","$8,300",-100
2024,6,4361370,Chris Olave,Chris,Olave,WR,NO,7.16,11.83,9.49,4.67,56.67,0.25,"$7,100","$6,900",+200
2024,6,3916433,Jakobi Meyers,Jakobi,Meyers,WR,LV,,,,,,,"$5,700","$5,800",-100
2024,6,4429615,Zay Flowers,Zay,Flowers,WR,BAL,9.09,14.3,11.7,5.21,62.42,0.41,"$7,200","$6,900",+300
2024,6,3932905,Diontae Johnson,Diontae,Johnson,WR,CAR,8.98,14.24,11.61,5.27,64.57,0.39,"$6,900","$7,100",-200
2024,6,4372016,Jaylen Waddle,Jaylen,Waddle,WR,MIA,0.0,0.0,0.0,0.0,0.0,0.0,,,
2024,6,3895856,Christian Kirk,Christian,Kirk,WR,JAX,7.17,11.45,9.31,4.28,55.44,0.29,"$6,200","$6,100",+100
2024,6,4374302,Amon-Ra St. Brown,Amon-Ra,St. Brown,WR,DET,10.91,17.77,14.34,6.87,81.19,0.48,,,
2024,6,4249417,Jalen Tolbert,Jalen,Tolbert,WR,DAL,6.91,10.79,8.85,3.89,49.36,0.33,"$6,100","$5,100","+1,000"
2024,6,3916945,Darius Slayton,Darius,Slayton,WR,NYG,7.81,12.1,9.96,4.29,58.92,0.33,"$5,900","$5,000",+900
2024,6,3128390,Allen Lazard,Allen,Lazard,WR,NYJ,5.68,8.77,7.22,3.09,39.69,0.29,"$5,800","$5,900",-100
2024,6,4241478,DeVonta Smith,DeVonta,Smith,WR,PHI,8.55,13.54,11.05,5.0,64.14,0.37,"$7,300",-,-
2024,6,4035687,Michael Pittman Jr.,Michael,Pittman Jr.,WR,IND,7.18,12.19,9.68,5.01,55.22,0.3,,,
2024,6,4373678,Khalil Shakir,Khalil,Shakir,WR,BUF,3.48,5.58,4.53,2.1,25.0,0.15,"$6,200","$6,200",0
2024,6,4569587,Wan'Dale Robinson,Wan'Dale,Robinson,WR,NYG,7.99,13.98,10.99,6.0,58.66,0.32,,,
2024,6,3728262,Ray-Ray McCloud III,Ray-Ray,McCloud III,WR,ATL,6.05,9.54,7.8,3.49,38.4,0.3,,,
2024,6,4242355,Jake Ferguson,Jake,Ferguson,WR,DAL,,,,,,,,,
2024,6,15847,Travis Kelce,Travis,Kelce,WR,KC,,,,,,,,,
2024,6,3128429,Courtland Sutton,Courtland,Sutton,WR,DEN,7.45,11.9,9.67,4.45,57.68,0.29,"$5,600","$5,700",-100
2024,6,4258595,Cole Kmet,Cole,Kmet,WR,CHI,,,,,,,,,
2024,6,4572680,Tucker Kraft,Tucker,Kraft,WR,GB,,,,,,,,,
2024,6,4360761,Michael Wilson,Michael,Wilson,WR,ARI,5.72,9.25,7.49,3.53,43.92,0.23,"$5,900","$5,200",+700
2024,6,3054850,Alvin Kamara,Alvin,Kamara,WR,NO,14.04,18.3,16.17,4.26,32.81,0.15,,,
2024,6,4241463,Jerry Jeudy,Jerry,Jeudy,WR,CLE,5.41,9.04,7.23,3.63,42.09,0.21,"$5,700","$5,900",-200
2024,6,16800,Davante Adams,Davante,Adams,WR,LV,,,,,,,"$7,000","$7,000",0
2024,6,2976499,Amari Cooper,Amari,Cooper,WR,CLE,8.18,12.67,10.43,4.5,59.92,0.38,"$6,200","$6,200",0
2024,6,4431299,Rome Odunze,Rome,Odunze,WR,CHI,6.08,9.47,7.77,3.39,44.13,0.26,"$5,600","$5,600",0
2024,6,4360939,Rashod Bateman,Rashod,Bateman,WR,BAL,5.3,8.05,6.67,2.75,37.38,0.26,"$5,500","$5,600",-100
2024,6,4569382,Jordan Whittington,Jordan,Whittington,WR,LAR,0.0,0.0,0.0,0.0,0.0,0.0,,,
2024,6,4036131,Noah Fant,Noah,Fant,WR,SEA,,,,,,,,,
2024,6,4360248,Kyle Pitts,Kyle,Pitts,WR,ATL,,,,,,,,,
2024,6,4428718,Tre Tucker,Tre,Tucker,WR,LV,6.65,10.56,8.61,3.91,48.08,0.21,"$5,400","$5,800",-400
2024,6,3043116,Demarcus Robinson,Demarcus,Robinson,WR,LAR,0.0,0.0,0.0,0.0,0.0,0.0,,,
2024,6,4429160,De'Von Achane,De'Von,Achane,WR,MIA,0.0,0.0,0.0,0.0,0.0,0.0,,,
2024,6,3115306,Josh Reynolds,Josh,Reynolds,WR,DEN,,,,,,,"$4,900","$5,100",-200
2024,6,4239993,Tee Higgins,Tee,Higgins,WR,CIN,9.23,14.18,11.71,4.95,67.01,0.44,"$7,600","$6,800",+800
2024,6,3915486,Tyler Conklin,Tyler,Conklin,WR,NYJ,,,,,,,,,
2024,6,3046439,Hunter Henry,Hunter,Henry,WR,NE,,,,,,,,,
2024,6,4361050,Isaiah Likely,Isaiah,Likely,WR,BAL,,,,,,,,,
2024,6,4683062,Xavier Worthy,Xavier,Worthy,WR,KC,0.0,0.0,0.0,0.0,0.0,0.0,,,
2024,6,3116164,Mike Gesicki,Mike,Gesicki,WR,CIN,,,,,,,,,
2024,6,4361411,Pat Freiermuth,Pat,Freiermuth,WR,PIT,,,,,,,,,
2024,6,4612826,Ladd McConkey,Ladd,McConkey,WR,LAC,6.71,11.17,8.94,4.47,52.25,0.25,"$5,800",-,-
2024,6,4361307,Trey McBride,Trey,McBride,WR,ARI,,,,,,,,,
2024,6,4635008,Keon Coleman,Keon,Coleman,WR,BUF,5.54,8.7,7.12,3.16,41.27,0.25,"$5,400","$5,400",0
2024,6,4688813,Josh Downs,Josh,Downs,WR,IND,6.78,11.57,9.17,4.79,52.89,0.27,"$6,100","$6,000",+100
2024,6,4038441,Justice Hill,Justice,Hill,WR,BAL,5.15,7.75,6.45,2.6,21.11,0.15,,,
2024,6,4361432,Romeo Doubs,Romeo,Doubs,WR,GB,6.17,9.77,7.97,3.61,43.55,0.32,"$5,700","$5,700",0
2024,6,3042519,Aaron Jones,Aaron,Jones,WR,MIN,0.0,0.0,0.0,0.0,0.0,0.0,,,
2024,6,4385690,Dalton Kincaid,Dalton,Kincaid,WR,BUF,,,,,,,,,
2024,6,4242557,Colby Parkinson,Colby,Parkinson,WR,LAR,,,,,,,,,
2024,6,4259545,D'Andre Swift,D'Andre,Swift,WR,CHI,11.92,14.87,13.39,2.95,21.62,0.1,,,
2024,6,15835,Zach Ertz,Zach,Ertz,WR,WSH,,,,,,,,,
2024,6,4243537,Gabe Davis,Gabe,Davis,WR,JAX,5.46,8.17,6.81,2.71,39.12,0.27,"$5,800","$5,900",-100
2024,6,2983509,Dare Ogunbowale,Dare,Ogunbowale,WR,HOU,1.95,3.15,2.55,1.2,9.39,0.05,,,
2024,6,4368003,Andrei Iosivas,Andrei,Iosivas,WR,CIN,3.81,6.0,4.9,2.19,26.55,0.19,"$5,300","$5,500",-200
2024,6,4427095,DeMario Douglas,DeMario,Douglas,WR,NE,4.65,7.95,6.3,3.3,37.45,0.13,"$5,000","$4,700",+300
2024,6,3068267,Austin Ekeler,Austin,Ekeler,WR,WSH,10.93,14.23,12.58,3.3,26.84,0.14,,,
2024,6,4430034,Xavier Legette,Xavier,Legette,WR,CAR,5.91,9.5,7.71,3.59,43.72,0.25,"$5,900","$6,000",-100
2024,6,4430807,Bijan Robinson,Bijan,Robinson,WR,ATL,13.59,17.18,15.38,3.59,29.21,0.2,,,
2024,6,4426385,Zach Charbonnet,Zach,Charbonnet,WR,SEA,4.9,7.29,6.1,2.38,16.62,0.08,,,
2024,6,4243331,Cade Otton,Cade,Otton,WR,TB,,,,,,,,,
2024,6,4427366,Breece Hall,Breece,Hall,WR,NYJ,11.92,15.83,13.87,3.91,29.94,0.16,,,
2024,6,2977187,Cooper Kupp,Cooper,Kupp,WR,LAR,0.0,0.0,0.0,0.0,0.0,0.0,,,
2024,6,3120348,JuJu Smith-Schuster,JuJu,Smith-Schuster,WR,KC,0.0,0.0,0.0,0.0,0.0,0.0,,,
2024,6,4430027,Sam LaPorta,Sam,LaPorta,WR,DET,,,,,,,,,
2024,6,3045138,Mike Williams,Mike,Williams,WR,NYJ,4.76,7.49,6.12,2.73,35.22,0.22,"$5,400","$5,700",-300
2024,6,4429205,Jordan Addison,Jordan,Addison,WR,MIN,0.0,0.0,0.0,0.0,0.0,0.0,,,
2024,6,4429025,Quentin Johnston,Quentin,Johnston,WR,LAC,5.21,8.27,6.74,3.06,39.11,0.2,"$5,800",-,-
2024,6,3925357,Calvin Ridley,Calvin,Ridley,WR,TEN,7.43,11.41,9.42,3.98,54.69,0.32,"$6,000",-,-
2024,6,3054212,Jonnu Smith,Jonnu,Smith,WR,MIA,,,,,,,,,
2024,6,4037235,Greg Dortch,Greg,Dortch,WR,ARI,3.5,6.0,4.75,2.5,25.04,0.15,"$4,900","$5,200",-300
2024,6,4366031,Tank Dell,Tank,Dell,WR,HOU,8.36,12.53,10.44,4.17,58.69,0.34,"$6,700","$6,000",+700
2024,6,4382466,Jalen Nailor,Jalen,Nailor,WR,MIN,0.0,0.0,0.0,0.0,0.0,0.0,,,
2024,6,4567048,Kenneth Walker III,Kenneth,Walker III,WR,SEA,12.51,15.16,13.83,2.65,20.66,0.1,,,
2024,6,4039057,Lil'Jordan Humphrey,Lil'Jordan,Humphrey,WR,DEN,3.81,6.27,5.04,2.46,30.44,0.13,,,
2024,6,4243389,Calvin Austin III,Calvin,Austin III,WR,PIT,2.51,3.96,3.24,1.46,17.47,0.11,,,
2024,6,4361579,Javonte Williams,Javonte,Williams,WR,DEN,8.93,11.93,10.43,3.0,20.41,0.09,,,
2024,6,4697815,Rachaad White,Rachaad,White,WR,TB,,,,,,,,,
2024,6,3917914,Olamide Zaccheaus,Olamide,Zaccheaus,WR,WSH,2.45,3.94,3.19,1.49,18.86,0.09,"$5,100","$5,200",-100
2024,6,4035676,Zack Moss,Zack,Moss,WR,CIN,9.52,12.22,10.87,2.7,19.97,0.1,,,
2024,6,4428850,Dontayvion Wicks,Dontayvion,Wicks,WR,GB,6.33,9.54,7.94,3.21,43.74,0.33,"$6,000","$5,900",+100
2024,6,4379399,James Cook,James,Cook,WR,BUF,11.83,14.57,13.2,2.74,20.75,0.14,,,
2024,6,15795,DeAndre Hopkins,DeAndre,Hopkins,WR,TEN,6.06,9.77,7.92,3.71,45.32,0.27,"$5,800",-,-
2024,6,3116365,Mark Andrews,Mark,Andrews,WR,BAL,,,,,,,,,
2024,6,4426485,Jonathan Mingo,Jonathan,Mingo,WR,CAR,4.3,6.92,5.61,2.62,31.86,0.17,"$5,300","$5,300",0
2024,6,4430539,Brenton Strange,Brenton,Strange,WR,JAX,,,,,,,,,
2024,6,2310331,Tyler Johnson,Tyler,Johnson,WR,LAR,0.0,0.0,0.0,0.0,0.0,0.0,,,
2024,6,4047646,A.J. Brown,A.J.,Brown,WR,PHI,10.05,15.3,12.68,5.24,74.55,0.45,,,
2024,6,4240472,Noah Gray,Noah,Gray,WR,KC,,,,,,,,,
2024,6,4241457,Najee Harris,Najee,Harris,WR,PIT,10.39,12.22,11.3,1.83,12.2,0.09,,,
2024,6,3117256,Dalton Schultz,Dalton,Schultz,WR,HOU,,,,,,,,,
2024,6,3121409,Noah Brown,Noah,Brown,WR,WSH,3.21,5.04,4.12,1.83,24.9,0.12,"$4,700","$4,900",-200
2024,6,16460,Adam Thielen,Adam,Thielen,WR,CAR,,,,,,,"$5,000","$5,000",0
2024,6,3045144,Tyler Boyd,Tyler,Boyd,WR,TEN,3.61,6.26,4.94,2.65,28.55,0.14,"$5,000",-,-
2024,6,3676833,KaVontae Turpin,KaVontae,Turpin,WR,DAL,3.52,5.3,4.41,1.78,21.15,0.16,"$5,100","$4,400",+700
2024,6,4048244,Alexander Mattison,Alexander,Mattison,WR,LV,9.14,11.27,10.2,2.13,16.16,0.09,,,
2024,6,4038815,Rico Dowdle,Rico,Dowdle,WR,DAL,9.44,11.44,10.44,2.0,15.99,0.09,,,
2024,6,3128452,Jordan Akins,Jordan,Akins,WR,CLE,,,,,,,,,
2024,6,4241263,Charlie Kolar,Charlie,Kolar,WR,BAL,,,,,,,,,
2024,6,4426948,Luke McCaffrey,Luke,McCaffrey,WR,WSH,3.35,5.52,4.43,2.18,25.19,0.14,"$4,500","$4,700",-200
2024,6,4035538,David Montgomery,David,Montgomery,WR,DET,11.7,13.45,12.58,1.75,13.44,0.06,,,
2024,6,4361577,Dyami Brown,Dyami,Brown,WR,WSH,2.35,3.61,2.98,1.26,17.25,0.1,"$4,800","$4,300",+500
2024,6,4372414,Elijah Moore,Elijah,Moore,WR,CLE,2.75,4.84,3.8,2.09,20.74,0.11,"$4,700","$4,900",-200
2024,6,4427834,Erick All Jr.,Erick,All Jr.,WR,CIN,,,,,,,,,
2024,6,16731,Brandin Cooks,Brandin,Cooks,WR,DAL,,,,,,,"$5,000","$5,300",-300
2024,6,4239996,Travis Etienne Jr.,Travis,Etienne Jr.,WR,JAX,9.69,12.53,11.11,2.83,22.52,0.11,,,
2024,6,4383396,Hunter Luepke,Hunter,Luepke,WR,DAL,1.87,2.99,2.43,1.12,8.59,0.05,,,
2024,6,2971618,Nelson Agholor,Nelson,Agholor,WR,BAL,2.77,4.17,3.47,1.41,18.78,0.15,"$4,900","$5,100",-200
2024,6,16002,Kyle Juszczyk,Kyle,Juszczyk,WR,SF,1.5,2.77,2.13,1.27,10.65,0.06,,,
2024,6,3118892,Justin Watson,Justin,Watson,WR,KC,0.0,0.0,0.0,0.0,0.0,0.0,,,
2024,6,3916148,Tony Pollard,Tony,Pollard,WR,TEN,11.97,14.48,13.23,2.51,19.71,0.09,,,
2024,6,4372019,Jerome Ford,Jerome,Ford,WR,CLE,8.73,11.33,10.03,2.6,16.57,0.07,,,
2024,6,4360294,Antonio Gibson,Antonio,Gibson,WR,NE,9.92,12.51,11.21,2.59,19.89,0.06,,,
2024,6,3127292,Will Dissly,Will,Dissly,WR,LAC,,,,,,,,,
2024,6,3929630,Saquon Barkley,Saquon,Barkley,WR,PHI,15.06,17.93,16.5,2.87,21.0,0.15,,,
2024,6,4429148,Theo Johnson,Theo,Johnson,WR,NYG,,,,,,,,,
2024,6,4241416,Chuba Hubbard,Chuba,Hubbard,WR,CAR,12.41,15.3,13.85,2.89,21.38,0.09,,,
2024,6,15818,Keenan Allen,Keenan,Allen,WR,CHI,5.96,10.1,8.03,4.13,45.07,0.26,"$5,800","$5,800",0
2024,6,4248528,Christian Watson,Christian,Watson,WR,GB,5.27,7.64,6.46,2.38,34.73,0.3,"$5,700","$5,500",+200
2024,6,3043275,Austin Hooper,Austin,Hooper,WR,NE,,,,,,,,,
2024,6,4242335,Jonathan Taylor,Jonathan,Taylor,WR,IND,,,,,,,,,
2024,6,4428557,Tyjae Spears,Tyjae,Spears,WR,TEN,7.02,9.62,8.32,2.6,21.14,0.11,,,
2024,6,4429795,Jahmyr Gibbs,Jahmyr,Gibbs,WR,DET,12.51,15.74,14.12,3.23,22.84,0.15,,,
2024,6,3052096,Johnny Mundt,Johnny,Mundt,WR,MIN,,,,,,,,,
2024,6,4360569,Jordan Mason,Jordan,Mason,WR,SF,13.85,15.47,14.66,1.61,11.7,0.05,,,
2024,6,4430637,Ja'Lynn Polk,Ja'Lynn,Polk,WR,NE,4.82,8.1,6.46,3.28,37.69,0.18,,,
2024,6,2991662,Mack Hollins,Mack,Hollins,WR,BUF,3.61,5.54,4.58,1.93,25.74,0.18,"$5,300","$5,300",0
2024,6,4047365,Josh Jacobs,Josh,Jacobs,WR,GB,11.69,13.9,12.8,2.21,16.82,0.1,,,
2024,6,3134353,Tim Patrick,Tim,Patrick,WR,DET,2.35,3.64,2.99,1.28,16.72,0.11,"$4,600",-,-
2024,6,4040761,Devin Singletary,Devin,Singletary,WR,NYG,,,,,,,,,
2024,6,4685247,Braelon Allen,Braelon,Allen,WR,NYJ,6.1,7.76,6.93,1.66,12.16,0.05,,,
2024,6,4430737,Kyren Williams,Kyren,Williams,WR,LAR,0.0,0.0,0.0,0.0,0.0,0.0,,,
2024,6,3929645,Juwan Johnson,Juwan,Johnson,WR,NO,,,,,,,,,
2024,6,4242433,Joshua Palmer,Joshua,Palmer,WR,LAC,4.32,7.21,5.77,2.89,33.32,0.18,"$5,100",-,-
2024,6,4597500,Adonai Mitchell,Adonai,Mitchell,WR,IND,3.74,5.74,4.74,2.0,25.04,0.15,"$5,000","$4,900",+100
2024,6,4241474,Brian Robinson Jr.,Brian,Robinson Jr.,WR,WSH,,,,,,,,,
2024,6,4695883,Jalen Coker,Jalen,Coker,WR,CAR,1.38,2.49,1.93,1.11,11.27,0.04,"$4,000","$4,000",0
2024,6,2975863,Eric Saubert,Eric,Saubert,WR,SF,,,,,,,,,
2024,6,3047876,KhaDarel Hodge,KhaDarel,Hodge,WR,ATL,1.95,2.93,2.44,0.98,13.45,0.11,"$4,600","$4,200",+400
2024,6,4061956,Ashton Dulin,Ashton,Dulin,WR,IND,1.36,2.0,1.68,0.63,7.62,0.06,"$4,300","$4,200",+100
2024,6,3045147,James Conner,James,Conner,WR,ARI,11.83,13.61,12.72,1.78,11.97,0.07,,,
2024,6,4360405,Jake Bobo,Jake,Bobo,WR,SEA,1.06,1.71,1.39,0.65,7.47,0.05,"$4,300","$4,200",+100
2024,6,4576297,AJ Barner,AJ,Barner,WR,SEA,,,,,,,,,
2024,6,3930066,Van Jefferson,Van,Jefferson,WR,PIT,3.27,4.99,4.13,1.73,23.24,0.16,"$4,800","$4,400",+400
2024,6,4692835,Jalen Brooks,Jalen,Brooks,WR,DAL,2.22,3.65,2.93,1.44,15.95,0.11,"$4,500","$4,100",+400
2024,6,3915411,Ty Johnson,Ty,Johnson,WR,BUF,2.3,3.32,2.81,1.02,7.86,0.04,,,
2024,6,4360086,Josh Whyle,Josh,Whyle,WR,TEN,,,,,,,,,
2024,6,2580216,DeAndre Carter,DeAndre,Carter,WR,CHI,0.73,1.27,1.0,0.54,5.65,0.0,"$4,200","$4,300",-100
2024,6,2998565,Mo Alie-Cox,Mo,Alie-Cox,WR,IND,,,,,,,,,
2024,6,3924365,Hayden Hurst,Hayden,Hurst,WR,LAC,,,,,,,,,
2024,6,4045163,Miles Sanders,Miles,Sanders,WR,CAR,3.72,4.92,4.32,1.2,8.35,0.02,,,
2024,6,4372780,Tommy Tremble,Tommy,Tremble,WR,CAR,,,,,,,,,
2024,6,4430834,Jalen McMillan,Jalen,McMillan,WR,TB,3.64,5.79,4.71,2.15,26.15,0.17,"$4,500","$4,900",-400
2024,6,4570561,Eric Gray,Eric,Gray,WR,NYG,4.04,5.39,4.71,1.34,9.64,0.05,,,
2024,6,3123076,David Njoku,David,Njoku,WR,CLE,,,,,,,,,
2024,6,3843945,Foster Moreau,Foster,Moreau,WR,NO,,,,,,,,,
2024,6,4241374,Grant Calcaterra,Grant,Calcaterra,WR,PHI,,,,,,,,,
2024,6,4372096,Luke Schoonmaker,Luke,Schoonmaker,WR,DAL,,,,,,,,,
2024,6,2976592,Sterling Shepard,Sterling,Shepard,WR,TB,2.53,4.06,3.29,1.53,17.87,0.13,"$4,900","$4,700",+200
2024,6,4426844,Elijah Higgins,Elijah,Higgins,WR,ARI,,,,,,,,,
2024,6,4361529,Isiah Pacheco,Isiah,Pacheco,WR,KC,,,,,,,,,
2024,6,3116389,Samaje Perine,Samaje,Perine,WR,KC,0.0,0.0,0.0,0.0,0.0,0.0,,,
2024,6,4360635,Chig Okonkwo,Chig,Okonkwo,WR,TEN,,,,,,,,,
2024,6,4426496,Cade Stover,Cade,Stover,WR,HOU,,,,,,,,,
2024,6,3043078,Derrick Henry,Derrick,Henry,WR,BAL,15.55,16.92,16.23,1.37,11.6,0.06,,,
2024,6,4039160,Kylen Granson,Kylen,Granson,WR,IND,,,,,,,,,
2024,6,4242392,Brock Wright,Brock,Wright,WR,DET,,,,,,,,,
2024,6,3121427,Curtis Samuel,Curtis,Samuel,WR,BUF,4.18,6.81,5.5,2.63,26.49,0.17,"$5,400","$5,400",0
2024,6,4429022,Kayshon Boutte,Kayshon,Boutte,WR,NE,1.28,2.21,1.75,0.93,10.52,0.04,"$4,600","$4,500",+100
2024,6,4429033,Jermaine Burton,Jermaine,Burton,WR,CIN,,,,,,,"$4,400","$4,500",-100
2024,6,4430802,Darnell Washington,Darnell,Washington,WR,PIT,,,,,,,,,
2024,6,4596448,Bucky Irving,Bucky,Irving,WR,TB,11.46,14.63,13.05,3.17,23.11,0.11,,,
2024,6,4373626,Tyler Allgeier,Tyler,Allgeier,WR,ATL,6.45,7.62,7.03,1.17,9.36,0.05,,,
2024,6,4426407,Trey Palmer,Trey,Palmer,WR,TB,,,,,,,"$4,200","$4,400",-200
2024,6,3116385,Joe Mixon,Joe,Mixon,WR,HOU,11.9,14.37,13.13,2.47,18.35,0.12,,,
2024,6,4241985,J.K. Dobbins,J.K.,Dobbins,WR,LAC,11.18,13.59,12.39,2.41,15.43,0.07,,,
2024,6,4242431,Ty Chandler,Ty,Chandler,WR,MIN,0.0,0.0,0.0,0.0,0.0,0.0,,,
2024,6,4360516,Tyrone Tracy Jr.,Tyrone,Tracy Jr.,WR,NYG,10.73,12.69,11.71,1.96,14.09,0.06,,,
2024,6,4431588,Ja'Tavion Sanders,Ja'Tavion,Sanders,WR,CAR,,,,,,,,,
2024,6,4259305,Bo Melton,Bo,Melton,WR,GB,1.58,2.39,1.99,0.81,10.07,0.09,"$4,600","$4,300",+300
2024,6,4362238,Chase Brown,Chase,Brown,WR,CIN,8.12,10.11,9.12,1.99,15.88,0.09,,,
2024,6,4569559,Devaughn Vele,Devaughn,Vele,WR,DEN,1.59,2.73,2.16,1.14,13.05,0.05,"$4,000","$4,000",0
2024,6,3921690,Josh Oliver,Josh,Oliver,WR,MIN,,,,,,,,,
2024,6,4569173,Rhamondre Stevenson,Rhamondre,Stevenson,WR,NE,,,,,,,,,
2024,6,2973405,Kalif Raymond,Kalif,Raymond,WR,DET,1.43,2.21,1.82,0.78,9.65,0.07,"$4,500",-,-
2024,6,3051392,Ezekiel Elliott,Ezekiel,Elliott,WR,DAL,4.03,5.32,4.68,1.29,8.6,0.05,,,
2024,6,4426515,Puka Nacua,Puka,Nacua,WR,LAR,0.0,0.0,0.0,0.0,0.0,0.0,,,
2024,6,15807,Cordarrelle Patterson,Cordarrelle,Patterson,WR,PIT,,,,,,,,,
2024,6,3926231,Britain Covey,Britain,Covey,WR,PHI,,,,,,,"$5,000",-,-
2024,6,4686422,Xavier Hutchinson,Xavier,Hutchinson,WR,HOU,3.85,5.97,4.91,2.12,29.0,0.16,"$4,900","$4,200",+700
2024,6,3122168,Trent Sherfield Sr.,Trent,Sherfield Sr.,WR,MIN,0.0,0.0,0.0,0.0,0.0,0.0,,,
2024,6,4035004,Mecole Hardman,Mecole,Hardman,WR,KC,,,,,,,,,
2024,6,4429676,Tyler Goodson,Tyler,Goodson,WR,IND,4.74,5.97,5.35,1.24,9.58,0.04,,,
2024,6,3911853,Adam Trautman,Adam,Trautman,WR,DEN,,,,,,,,,
2024,6,4241401,Trey Sermon,Trey,Sermon,WR,IND,10.71,12.4,11.56,1.7,11.5,0.04,,,
2024,6,4426386,Roschon Johnson,Roschon,Johnson,WR,CHI,5.59,6.65,6.12,1.07,7.77,0.04,,,
2024,6,4722908,Drew Ogletree,Drew,Ogletree,WR,IND,,,,,,,,,
2024,6,3059915,Kareem Hunt,Kareem,Hunt,WR,KC,0.0,0.0,0.0,0.0,0.0,0.0,,,
2024,6,3914397,Scotty Miller,Scotty,Miller,WR,PIT,0.3,0.51,0.41,0.21,2.55,0.01,"$4,400","$4,200",+200
2024,6,3916566,K.J. Osborn,K.J.,Osborn,WR,NE,1.19,1.85,1.52,0.66,8.43,0.06,,,
2024,6,4040612,Luke Farrell,Luke,Farrell,WR,JAX,,,,,,,,,
2024,6,4241424,Tylan Wallace,Tylan,Wallace,WR,BAL,0.63,0.98,0.81,0.35,4.49,0.03,"$4,400","$4,100",+300
2024,6,3121410,Parris Campbell,Parris,Campbell,WR,PHI,1.27,2.13,1.7,0.86,8.9,0.06,"$5,200",-,-
2024,6,3125116,D'Onta Foreman,D'Onta,Foreman,WR,CLE,3.36,3.76,3.56,0.4,2.83,0.02,,,
2024,6,3930086,Dawson Knox,Dawson,Knox,WR,BUF,,,,,,,,,
2024,6,4043016,Dee Eskridge,Dee,Eskridge,WR,MIA,0.0,0.0,0.0,0.0,0.0,0.0,,,
2024,6,4249836,Pierre Strong Jr.,Pierre,Strong Jr.,WR,CLE,1.22,2.22,1.72,1.0,6.94,0.01,,,
2024,6,4365395,Julian Hill,Julian,Hill,WR,MIA,,,,,,,,,
2024,6,3115255,Brandon Powell,Brandon,Powell,WR,MIN,0.0,0.0,0.0,0.0,0.0,0.0,,,
2024,6,4431280,Troy Franklin,Troy,Franklin,WR,DEN,2.87,4.8,3.83,1.93,23.13,0.1,"$4,600","$4,800",-200
2024,6,15880,Robert Woods,Robert,Woods,WR,HOU,,,,,,,"$5,000","$4,800",+200
2024,6,2576414,Raheem Mostert,Raheem,Mostert,WR,MIA,0.0,0.0,0.0,0.0,0.0,0.0,,,
2024,6,3127310,Drew Sample,Drew,Sample,WR,CIN,,,,,,,,,
2024,6,4367209,Greg Dulcich,Greg,Dulcich,WR,DEN,,,,,,,,,
2024,6,4429013,Tank Bigsby,Tank,Bigsby,WR,JAX,6.87,7.57,7.22,0.7,4.72,0.01,,,
2024,6,4569987,Jaylen Warren,Jaylen,Warren,WR,PIT,4.77,6.35,5.56,1.58,11.9,0.06,,,
2024,6,4887558,Emanuel Wilson,Emanuel,Wilson,WR,GB,5.12,6.35,5.74,1.23,8.82,0.06,,,
2024,6,4212909,David Moore,David,Moore,WR,CAR,0.95,1.54,1.24,0.59,7.35,0.04,"$4,100","$4,300",-200
2024,6,4362921,Tyquan Thornton,Tyquan,Thornton,WR,NE,,,,,,,"$4,300","$4,600",-300
2024,6,4570409,David Bell,David,Bell,WR,CLE,,,,,,,"$4,000","$4,000",0
2024,6,3051738,Marquez Valdes-Scantling,Marquez,Valdes-Scantling,WR,BUF,2.22,3.32,2.77,1.1,16.17,0.1,,,
2024,6,4243160,Laviska Shenault Jr.,Laviska,Shenault Jr.,WR,SEA,0.61,0.98,0.79,0.38,4.15,0.01,,,
2024,6,4362478,Emari Demercado,Emari,Demercado,WR,ARI,1.76,2.53,2.14,0.77,5.28,0.03,,,
2024,6,4686472,Marvin Mims Jr.,Marvin,Mims Jr.,WR,DEN,2.14,3.37,2.75,1.23,16.32,0.06,,,
2024,6,4689334,Malik Heath,Malik,Heath,WR,GB,1.13,1.79,1.46,0.67,7.5,0.06,"$4,700","$4,000",+700
2024,6,4241961,Connor Heyward,Connor,Heyward,WR,PIT,,,,,,,,,
2024,6,4361372,Jeremy Ruckert,Jeremy,Ruckert,WR,NYJ,,,,,,,,,
2024,6,4361409,Jahan Dotson,Jahan,Dotson,WR,PHI,1.79,2.83,2.31,1.04,13.05,0.09,"$5,600",-,-
2024,6,4573697,Mason Tipton,Mason,Tipton,WR,NO,1.51,2.59,2.05,1.08,11.36,0.07,"$4,600","$4,400",+200
2024,6,4567156,Treylon Burks,Treylon,Burks,WR,TEN,1.7,2.6,2.15,0.91,12.51,0.06,"$4,500",-,-
2024,6,2576336,Ameer Abdullah,Ameer,Abdullah,WR,LV,4.46,6.27,5.37,1.81,14.8,0.05,,,
2024,6,3918639,Gerald Everett,Gerald,Everett,WR,CHI,,,,,,,,,
2024,6,4371733,Kenneth Gainwell,Kenneth,Gainwell,WR,PHI,1.95,2.57,2.26,0.62,4.45,0.03,,,
2024,6,4427278,Xavier Gipson,Xavier,Gipson,WR,NYJ,0.75,1.19,0.97,0.44,4.93,0.03,"$4,200","$4,200",0
2024,6,4428085,Luke Musgrave,Luke,Musgrave,WR,GB,,,,,,,,,
2024,6,2980453,Jamaal Williams,Jamaal,Williams,WR,NO,4.04,5.18,4.61,1.14,6.79,0.02,,,
2024,6,4036211,DJ Turner,DJ,Turner,WR,LV,4.66,7.42,6.04,2.76,35.71,0.13,"$4,500","$4,400",+100
2024,6,4040774,Harrison Bryant,Harrison,Bryant,WR,LV,,,,,,,,,
2024,6,4429086,Michael Mayer,Michael,Mayer,WR,LV,,,,,,,,,
2024,6,4432620,Parker Washington,Parker,Washington,WR,JAX,0.98,1.63,1.31,0.66,7.03,0.05,"$4,500","$4,600",-100
2024,6,2576399,Nick Vannett,Nick,Vannett,WR,TEN,,,,,,,,,
2024,6,4360967,Brevyn Spann-Ford,Brevyn,Spann-Ford,WR,DAL,,,,,,,,,
2024,6,4361516,Daniel Bellinger,Daniel,Bellinger,WR,NYG,,,,,,,,,
2024,6,2971281,Pharaoh Brown,Pharaoh,Brown,WR,SEA,,,,,,,,,
2024,6,3050481,Tanner Hudson,Tanner,Hudson,WR,CIN,,,,,,,,,
2024,6,4429501,Ray Davis,Ray,Davis,WR,BUF,2.41,3.13,2.77,0.72,5.05,0.04,,,
2024,6,4360739,Simi Fehoko,Simi,Fehoko,WR,LAC,0.46,0.83,0.65,0.37,3.65,0.02,"$4,200",-,-
2024,6,4912274,Sione Vaki,Sione,Vaki,WR,DET,0.32,0.51,0.41,0.19,1.47,0.0,,,
2024,6,3917668,Alec Ingold,Alec,Ingold,WR,MIA,0.0,0.0,0.0,0.0,0.0,0.0,,,
2024,6,4047422,Tanner Conner,Tanner,Conner,WR,MIA,,,,,,,,,
2024,6,4239944,Hunter Long,Hunter,Long,WR,LAR,,,,,,,,,
2024,6,4240021,Cam Akers,Cam,Akers,WR,HOU,0.81,0.94,0.87,0.13,1.1,0.0,,,
2024,6,4361777,Zamir White,Zamir,White,WR,LV,,,,,,,,,
2024,6,4048228,John Bates,John,Bates,WR,WSH,,,,,,,,,
2024,6,4383440,Nate Adkins,Nate,Adkins,WR,DEN,,,,,,,,,
2024,6,4430871,Sean Tucker,Sean,Tucker,WR,TB,4.25,5.27,4.76,1.02,7.94,0.03,,,
2024,6,4431453,Deuce Vaughn,Deuce,Vaughn,WR,DAL,,,,,,,,,
2024,6,4362018,Blake Whiteheart,Blake,Whiteheart,WR,CLE,,,,,,,,,
2024,6,4879650,Grant DuBose,Grant,DuBose,WR,MIA,0.0,0.0,0.0,0.0,0.0,0.0,,,
2024,6,2515270,Michael Burton,Michael,Burton,WR,DEN,0.55,1.09,0.82,0.54,3.7,0.02,,,
2024,6,3122976,Jeff Wilson Jr.,Jeff,Wilson Jr.,WR,MIA,0.0,0.0,0.0,0.0,0.0,0.0,,,
2024,6,4039358,Patrick Taylor Jr.,Patrick,Taylor Jr.,WR,SF,0.0,0.0,0.0,0.0,0.0,0.0,,,
2024,6,4372063,Ronnie Bell,Ronnie,Bell,WR,SF,0.0,0.0,0.0,0.0,0.0,0.0,"$4,100","$4,000",+100
2024,6,4429275,Trey Benson,Trey,Benson,WR,ARI,2.02,2.38,2.2,0.37,2.58,0.02,,,
2024,6,3052897,Durham Smythe,Durham,Smythe,WR,MIA,,,,,,,,,
2024,6,3886818,Myles Gaskin,Myles,Gaskin,WR,MIN,0.0,0.0,0.0,0.0,0.0,0.0,,,
2024,6,3931391,Trenton Irwin,Trenton,Irwin,WR,CIN,0.1,0.15,0.12,0.06,0.65,0.01,"$4,000","$4,300",-300
2024,6,4012556,C.J. Ham,C.J.,Ham,WR,MIN,0.0,0.0,0.0,0.0,0.0,0.0,,,
2024,6,4722893,Jaleel McLaughlin,Jaleel,McLaughlin,WR,DEN,5.13,6.69,5.91,1.56,9.93,0.04,,,
2024,6,3914151,Josiah Deguara,Josiah,Deguara,WR,JAX,,,,,,,,,
2024,6,2508256,MyCole Pruitt,MyCole,Pruitt,WR,PIT,,,,,,,,,
2024,6,3139602,D'Ernest Johnson,D'Ernest,Johnson,WR,JAX,0.82,1.12,0.97,0.3,2.27,0.01,,,
2024,6,4035198,Brandon Johnson,Brandon,Johnson,WR,PIT,0.0,0.0,0.0,0.0,0.0,0.0,"$4,000","$4,000",0
2024,6,4369863,Cedric Tillman,Cedric,Tillman,WR,CLE,0.58,0.93,0.75,0.35,4.14,0.03,"$4,100","$4,100",0
2024,6,4686104,Johnny Wilson,Johnny,Wilson,WR,PHI,0.69,1.13,0.91,0.43,5.04,0.03,"$4,800",-,-
2024,6,4035693,Velus Jones Jr.,Velus,Jones Jr.,WR,CHI,,,,,,,,,
2024,6,4372505,Payne Durham,Payne,Durham,WR,TB,,,,,,,,,
2024,6,4429096,Blake Corum,Blake,Corum,WR,LAR,0.0,0.0,0.0,0.0,0.0,0.0,,,
2024,6,4569603,Malik Washington,Malik,Washington,WR,MIA,0.0,0.0,0.0,0.0,0.0,0.0,,,
2024,6,3046779,Jared Goff,Jared,Goff,WR,DET,16.06,16.06,16.06,,,,,,
2024,6,4362504,Brevin Jordan,Brevin,Jordan,WR,HOU,,,,,,,,,
2024,6,4362523,Will Mallory,Will,Mallory,WR,IND,,,,,,,,,
2024,6,4373684,Scott Matlock,Scott,Matlock,WR,LAC,,,,,,,,,
2024,6,4430723,Jared Wiley,Jared,Wiley,WR,KC,,,,,,,,,
2024,6,4567096,John Metchie III,John,Metchie III,WR,HOU,2.21,3.44,2.83,1.23,15.92,0.1,,,
2024,6,3045523,Kendrick Bourne,Kendrick,Bourne,WR,NE,3.66,6.11,4.89,2.44,28.58,0.12,"$4,800","$4,000",+800
2024,6,3052177,John Ross,John,Ross,WR,PHI,0.0,0.0,0.0,0.0,0.0,0.0,"$4,000",-,-
2024,6,3127586,Jeremy McNichols,Jeremy,McNichols,WR,WSH,5.77,7.45,6.61,1.67,11.93,0.04,,,
2024,6,4386544,Xavier Smith,Xavier,Smith,WR,LAR,0.0,0.0,0.0,0.0,0.0,0.0,,,
2024,6,2574808,Robbie Chosen,Robbie,Chosen,WR,MIA,0.0,0.0,0.0,0.0,0.0,0.0,,,
2024,6,2576716,Jamison Crowder,Jamison,Crowder,WR,WSH,0.0,0.0,0.0,0.0,0.0,0.0,"$4,000","$4,000",0
2024,6,3051876,Evan Engram,Evan,Engram,WR,JAX,,,,,,,,,
2024,6,4257188,Charlie Jones,Charlie,Jones,WR,CIN,0.46,0.71,0.59,0.26,3.3,0.02,"$4,200","$4,400",-200
2024,6,4360231,Lucas Krull,Lucas,Krull,WR,DEN,,,,,,,,,
2024,6,4408854,Jody Fortson,Jody,Fortson,WR,KC,,,,,,,,,
2024,6,4696700,Tip Reiman,Tip,Reiman,WR,ARI,,,,,,,,,
2024,6,2578533,Chris Conley,Chris,Conley,WR,SF,0.79,1.19,0.99,0.4,5.69,0.04,"$4,400","$4,400",0
2024,6,4034862,Jack Stoll,Jack,Stoll,WR,PHI,,,,,,,,,
2024,6,4035020,Charlie Woerner,Charlie,Woerner,WR,ATL,,,,,,,,,
2024,6,4035886,Khalil Herbert,Khalil,Herbert,WR,CHI,0.31,0.43,0.37,0.12,0.85,0.01,,,
2024,6,4613104,Malachi Corley,Malachi,Corley,WR,NYJ,0.31,0.49,0.4,0.18,1.99,0.02,"$4,000","$4,100",-100
2024,6,3916204,James Proche II,James,Proche II,WR,CLE,0.08,0.13,0.1,0.05,0.49,0.01,,,
2024,6,4036335,Cedrick Wilson Jr.,Cedrick,Wilson Jr.,WR,NO,0.59,0.95,0.77,0.37,4.22,0.03,,,
2024,6,4429023,MarShawn Lloyd,MarShawn,Lloyd,WR,GB,,,,,,,,,
2024,6,2468609,Taysom Hill,Taysom,Hill,WR,NO,,,,,,,,,
2024,6,2577185,Jake Brendel,Jake,Brendel,WR,SF,,,,,,,,,
2024,6,3051926,Gus Edwards,Gus,Edwards,WR,LAC,,,,,,,,,
2024,6,3139477,Patrick Mahomes,Patrick,Mahomes,WR,KC,,,,,,,,,
2024,6,4714365,Carson Steele,Carson,Steele,WR,KC,0.0,0.0,0.0,0.0,0.0,0.0,,,
2024,6,3123303,Trent Scott,Trent,Scott,WR,WSH,,,,,,,,,
2024,6,4570577,Wanya Morris,Wanya,Morris,WR,KC,,,,,,,,,
2024,6,16733,Odell Beckham Jr.,Odell,Beckham Jr.,WR,MIA,0.0,0.0,0.0,0.0,0.0,0.0,,,
2024,6,16763,Jordan Matthews,Jordan,Matthews,WR,CAR,,,,,,,"$4,000","$4,000",0
2024,6,2511973,Eric Tomlinson,Eric,Tomlinson,WR,LAC,,,,,,,,,
2024,6,2975417,Patrick Ricard,Patrick,Ricard,WR,BAL,0.18,0.34,0.26,0.16,1.2,0.01,,,
2024,6,3123075,Braxton Berrios,Braxton,Berrios,WR,MIA,0.0,0.0,0.0,0.0,0.0,0.0,,,
2024,6,3126997,Tom Kennedy,Tom,Kennedy,WR,DET,0.0,0.0,0.0,0.0,0.0,0.0,"$4,000",-,-
2024,6,3928925,JaMycal Hasty,JaMycal,Hasty,WR,NE,4.76,5.83,5.29,1.07,7.72,0.03,,,
2024,6,3929914,Adam Prentice,Adam,Prentice,WR,NO,0.0,0.0,0.0,0.0,0.0,0.0,,,
2024,6,4034948,Feleipe Franks,Feleipe,Franks,WR,CAR,,,,,,,,,
2024,6,4039607,J.J. Taylor,J.J.,Taylor,WR,HOU,0.0,0.0,0.0,0.0,0.0,0.0,,,
2024,6,4243003,Ronnie Rivers,Ronnie,Rivers,WR,LAR,0.0,0.0,0.0,0.0,0.0,0.0,,,
2024,6,4362186,Erik Ezukanma,Erik,Ezukanma,WR,MIA,0.0,0.0,0.0,0.0,0.0,0.0,,,
2024,6,4401805,Dareke Young,Dareke,Young,WR,SEA,,,,,,,"$4,000","$4,000",0
2024,6,4426553,Davis Allen,Davis,Allen,WR,LAR,,,,,,,,,
2024,6,4427985,Bub Means,Bub,Means,WR,NO,0.07,0.13,0.1,0.06,0.72,0.0,,,
2024,6,4430191,Skyy Moore,Skyy,Moore,WR,KC,0.0,0.0,0.0,0.0,0.0,0.0,,,
2024,6,4568652,Tyler Smith,Tyler,Smith,WR,DAL,,,,,,,,,
2024,6,4682745,Jaylen Wright,Jaylen,Wright,WR,MIA,0.0,0.0,0.0,0.0,0.0,0.0,,,
2024,6,4692590,Jalin Hyatt,Jalin,Hyatt,WR,NYG,3.21,4.93,4.07,1.72,23.46,0.15,"$4,200","$4,200",0
2024,6,5097554,Kameron Johnson,Kameron,Johnson,WR,TB,,,,,,,"$4,300","$4,300",0
2024,6,4039050,Devin Duvernay,Devin,Duvernay,WR,JAX,0.31,0.47,0.39,0.16,1.55,0.01,"$4,200","$4,300",-100
2024,6,4360763,Brycen Tremayne,Brycen,Tremayne,WR,WSH,0.38,0.65,0.52,0.27,2.93,0.02,"$4,200","$4,000",+200
2024,6,4362748,Tyler Badie,Tyler,Badie,WR,DEN,,,,,,,,,
2024,6,4429775,Zach Frazier,Zach,Frazier,WR,PIT,,,,,,,,,
2024,6,5092959,Dominick Puni,Dominick,Puni,WR,SF,,,,,,,,,
2024,6,4360310,Trevor Lawrence,Trevor,Lawrence,WR,JAX,15.55,15.55,15.55,,,,,,
