FirstName,LastName,Team,Position,This Week,Last Week,Difference
Metchie,III,HOU,WR,"$4,300","$4,200",+100
Ricky,Pearsall,SF,WR,"$4,000","$4,000",0
Joseph,Ngata,PHI,WR,"$4,000",-,-
Anthony,Gould,IND,WR,"$4,000","$4,000",0
Trey,Palmer,TB,WR,"$4,200","$4,400",-200
Ramel,Keyton,LV,WR,"$4,000","$4,000",0
Jackson,III,CHI,WR,"$4,000","$4,000",0
Ahmarean,Brown,BUF,WR,"$4,000","$4,000",0
Tre,Mosley,CIN,WR,"$4,000","$4,000",0
Devaughn,Vele,DEN,WR,"$4,000","$4,000",0
Dale,Robinson,NYG,WR,"$6,300","$6,100",+200
Luke,McCaffrey,WAS,WR,"$4,500","$4,700",-200
Garrett,Wilson,NYJ,WR,"$7,800","$7,700",+100
Tre,Tucker,LV,WR,"$5,400","$5,800",-400
Nsimba,Webster,CHI,WR,"$4,000","$4,000",0
Davion,Davis,WAS,WR,"$4,000","$4,000",0
Ashton,Dulin,IND,WR,"$4,300","$4,200",+100
Deonte,Harty,BAL,WR,"$4,000","$4,000",0
Malik,Taylor,NYJ,WR,"$4,000","$4,000",0
Jeff,Foreman,LV,WR,"$4,000","$4,000",0
Tom,Kennedy,DET,WR,"$4,000",-,-
Gunner,Olszewski,NYG,WR,"$4,000","$4,000",0
Quan,Jackson,TEN,WR,"$4,000",-,-
Jalen,Cropper,DAL,WR,"$4,000","$4,000",0
George,Pickens,PIT,WR,"$6,200","$6,000",+200
Treylon,Burks,TEN,WR,"$4,500",-,-
Dontayvion,Wicks,GB,WR,"$6,000","$5,900",+100
Dayton,Wade,BAL,WR,"$4,000","$4,000",0
Jalon,Calhoun,DET,WR,"$4,000",-,-
Terique,Owens,SF,WR,"$4,000","$4,000",0
Jameson,Williams,DET,WR,"$6,300",-,-
DeMario,Douglas,NE,WR,"$5,000","$4,700",+300
Tayvion,Robinson,CAR,WR,"$4,000","$4,000",0
Casey,Washington,ATL,WR,"$4,000","$4,000",0
Isaiah,Williams,DET,WR,"$4,000",-,-
Jared,Wayne,HOU,WR,"$4,000","$4,000",0
Jonathan,Mingo,CAR,WR,"$5,300","$5,300",0
Zay,Flowers,BAL,WR,"$7,200","$6,900",+300
Xavier,Gipson,NYJ,WR,"$4,200","$4,200",0
Lincoln,Victor,DEN,WR,"$4,000","$4,000",0
Xavier,White,IND,WR,"$4,000","$4,000",0
Joshua,Cephus,JAC,WR,"$4,000","$4,000",0
Isaiah,Washington,BAL,WR,"$4,000","$4,000",0
Drake,London,ATL,WR,"$7,400","$6,500",+900
Jamari,Thrash,CLE,WR,"$4,000","$4,000",0
Peter,LeBlanc,CHI,WR,"$4,000","$4,000",0
Ainias,Smith,PHI,WR,"$4,000",-,-
David,Bell,CLE,WR,"$4,000","$4,000",0
Xavier,Legette,CAR,WR,"$5,900","$6,000",-100
Xavier,Weaver,ARI,WR,"$4,000","$4,000",0
Jacob,Cowing,SF,WR,"$4,000","$4,000",0
Cornelius,Johnson,GB,WR,"$4,000","$4,000",0
Shaquan,Davis,PIT,WR,"$4,000","$4,000",0
Isaiah,Wooden,LAC,WR,"$4,000",-,-
Isaiah,Winstead,NYJ,WR,"$4,000","$4,000",0
Kayshon,Boutte,NE,WR,"$4,600","$4,500",+100
Johnny,Wilson,PHI,WR,"$4,800",-,-
Xavier,Hutchinson,HOU,WR,"$4,900","$4,200",+700
Rome,Odunze,CHI,WR,"$5,600","$5,600",0
Jalen,McMillan,TB,WR,"$4,500","$4,900",-400
Quentin,Johnston,LAC,WR,"$5,800",-,-
Lynn,Polk,NE,WR,"$4,700","$5,000",-300
Mitchell,Tinsley,WAS,WR,"$4,000","$4,000",0
Malachi,Corley,NYJ,WR,"$4,000","$4,100",-100
Tyler,Scott,CHI,WR,"$4,100","$4,200",-100
Tank,Dell,HOU,WR,"$6,700","$6,000",+700
Josh,Downs,IND,WR,"$6,100","$6,000",+100
Kristian,Wilkerson,LV,WR,"$4,000","$4,000",0
Mason,Kinsey,TEN,WR,"$4,000",-,-
Ladd,McConkey,LAC,WR,"$5,800",-,-
Marcus,Rosemy,PHI,WR,"$4,000",-,-
Jermaine,Burton,CIN,WR,"$4,400","$4,500",-100
Brenden,Rice,LAC,WR,"$4,100",-,-
Rakim,Jarrett,TB,WR,"$4,000","$4,000",0
Danny,Gray,PHI,WR,"$4,000",-,-
Parker,Washington,JAC,WR,"$4,500","$4,600",-100
Roman,Wilson,PIT,WR,"$4,200","$4,500",-300
Jalen,Brooks,DAL,WR,"$4,500","$4,100",+400
Jason,Brownlee,NYJ,WR,"$4,000","$4,000",0
Javon,Baker,NE,WR,"$4,000","$4,000",0
Malik,Heath,GB,WR,"$4,700","$4,000",+700
Tulu,Griffin,CLE,WR,"$4,000","$4,000",0
Jalin,Hyatt,NYG,WR,"$4,200","$4,200",0
Raleigh,Webb,TB,WR,"$4,000","$4,000",0
Chris,Blair,ATL,WR,"$4,000","$4,000",0
Mike,Strachan,CAR,WR,"$4,000","$4,000",0
Malik,Nabers,NYG,WR,"$8,000","$8,100",-100
Adonai,Mitchell,IND,WR,"$5,000","$4,900",+100
Troy,Franklin,DEN,WR,"$4,600","$4,800",-200
Samori,Toure,CHI,WR,"$4,000","$4,000",0
Michael,Bandy,DEN,WR,"$4,000","$4,000",0
Tejhaun,Palmer,ARI,WR,"$4,000","$4,000",0
Devontez,Walker,BAL,WR,"$4,000","$4,000",0
Keon,Coleman,BUF,WR,"$5,400","$5,400",0
Daylen,Baldwin,ARI,WR,"$4,000","$4,000",0
Jaxon,Janke,HOU,WR,"$4,000","$4,000",0
DeAndre,Hopkins,TEN,WR,"$5,800",-,-
Joseph,Scates,JAC,WR,"$4,000","$4,000",0
Latreal,Jones,TB,WR,"$4,000","$4,000",0
Christian,Watson,GB,WR,"$5,700","$5,500",+200
Dareke,Young,SEA,WR,"$4,000","$4,000",0
Lance,McCutcheon,NYJ,WR,"$4,000","$4,000",0
Dee,Williams,SEA,WR,"$4,000","$4,000",0
Kaden,Davis,DEN,WR,"$4,000","$4,000",0
Tyreik,McAllister,LV,WR,"$4,000","$4,000",0
Dennis,Houston,NYG,WR,"$4,000","$4,000",0
Rashid,Shaheed,NO,WR,"$6,400","$6,100",+300
Qadir,Ismail,BAL,WR,"$4,000","$4,000",0
Ayir,Asante,NYG,WR,"$4,000","$4,000",0
Johnson,III,LAC,WR,"$4,000",-,-
Andrei,Iosivas,CIN,WR,"$5,300","$5,500",-200
Colton,Dowell,TEN,WR,"$4,000",-,-
Keilahn,Harris,PIT,WR,"$4,000","$4,000",0
TJ,Luther,GB,WR,"$4,000","$4,000",0
David,Durden,DAL,WR,"$4,000","$4,000",0
JaQuae,Jackson,NE,WR,"$4,000","$4,000",0
Ryan,Flournoy,DAL,WR,"$4,000","$4,000",0
Mason,Tipton,NO,WR,"$4,600","$4,400",+200
Jermaine,Jackson,NO,WR,"$4,000","$4,000",0
Wayne,Ruby,JAC,WR,"$4,000","$4,000",0
Brevin,Easton,JAC,WR,"$4,000","$4,000",0
Hayden,Hatten,SEA,WR,"$4,000","$4,000",0
Kameron,Johnson,TB,WR,"$4,300","$4,300",0
Jalen,Coker,CAR,WR,"$4,000","$4,000",0
John,Jiles,NE,WR,"$4,000","$4,000",0
Cole,Burgess,CIN,WR,"$4,000","$4,300",-300
Sam,Schnee,TEN,WR,"$4,000",-,-
David,Wallis,NE,WR,"$4,000","$4,000",0
Derek,Slywka,IND,WR,"$4,000","$4,000",0
Praise,Olatoke,CAR,WR,"$4,000","$4,000",0
Martavis,Bryant,WAS,WR,"$4,000","$4,000",0
Jamison,Crowder,WAS,WR,"$4,000","$4,000",0
Stefon,Diggs,HOU,WR,"$8,000","$7,600",+400
Mack,Hollins,BUF,WR,"$5,300","$5,300",0
Dorsett,II,DEN,WR,"$4,000","$4,000",0
Tyler,Lockett,SEA,WR,"$6,000","$6,200",-200
Sterling,Shepard,TB,WR,"$4,900","$4,700",+200
Robinson,II,DET,WR,"$4,000",-,-
Keenan,Allen,CHI,WR,"$5,800","$5,800",0
Brandin,Cooks,DAL,WR,"$5,000","$5,300",-300
Nelson,Agholor,BAL,WR,"$4,900","$5,100",-200
Robert,Woods,HOU,WR,"$5,000","$4,800",+200
Chris,Conley,SF,WR,"$4,400","$4,400",0
Damiere,Byrd,BUF,WR,"$4,000","$4,000",0
Jordan,Matthews,CAR,WR,"$4,000","$4,000",0
Amari,Cooper,CLE,WR,"$6,200","$6,200",0
Mike,Evans,TB,WR,"$8,200","$8,300",-100
Chris,Moore,ARI,WR,"$4,100","$4,100",0
Adam,Thielen,CAR,WR,"$5,000","$5,000",0
Mike,Williams,NYJ,WR,"$5,400","$5,700",-300
Greg,Ward,IND,WR,"$4,000","$4,000",0
Tyler,Boyd,TEN,WR,"$5,000",-,-
Zay,Jones,ARI,WR,"$4,000","$4,000",0
John,Ross,PHI,WR,"$4,000",-,-
Laquon,Treadwell,IND,WR,"$4,000","$4,000",0
Anthony,Miller,BAL,WR,"$4,000","$4,000",0
Trent,Taylor,SF,WR,"$4,100","$4,000",+100
Davante,Adams,LV,WR,"$7,000","$7,000",0
Keith,Kirkwood,BAL,WR,"$4,000","$4,000",0
Curtis,Samuel,BUF,WR,"$5,400","$5,400",0
Russell,Gage,BAL,WR,"$4,000","$4,000",0
Josh,Reynolds,DEN,WR,"$4,900","$5,100",-200
Zach,Pascal,ARI,WR,"$4,000","$4,000",0
Isaiah,McKenzie,NYG,WR,"$4,000","$4,000",0
Cam,Sims,CAR,WR,"$4,000","$4,000",0
Malik,Turner,SF,WR,"$4,000","$4,000",0
Cody,Thompson,TB,WR,"$4,000","$4,000",0
Chris,Godwin,TB,WR,"$7,500","$7,100",+400
James,Washington,ATL,WR,"$4,000","$4,000",0
Juwann,Winfree,IND,WR,"$4,000","$4,000",0
Noah,Brown,WAS,WR,"$4,700","$4,900",-200
Terry,McLaurin,WAS,WR,"$6,800","$6,600",+200
Parris,Campbell,PHI,WR,"$5,200",-,-
Dante,Pettis,CHI,WR,"$4,000","$4,000",0
Allen,Lazard,NYJ,WR,"$5,800","$5,900",-100
Tim,Patrick,DET,WR,"$4,600",-,-
Quan,Smith,DET,WR,"$4,000",-,-
Courtland,Sutton,DEN,WR,"$5,600","$5,700",-100
Andre,Baccellia,ARI,WR,"$4,000","$4,000",0
Blake,Lynch,LAC,WR,"$4,000",-,-
Christian,Kirk,JAC,WR,"$6,200","$6,100",+100
KaVontae,Turpin,DAL,WR,"$5,100","$4,400",+700
Scotty,Miller,PIT,WR,"$4,400","$4,200",+200
Sills,V,DEN,WR,"$4,000","$4,000",0
Jauan,Jennings,SF,WR,"$5,500","$5,900",-400
Deon,Cain,CAR,WR,"$4,000","$4,000",0
McCloud,III,ATL,WR,"$5,600","$5,500",+100
DeAndre,Carter,CHI,WR,"$4,200","$4,300",-100
DJ,Moore,CHI,WR,"$6,700","$6,400",+300
Proche,II,CLE,WR,"$4,000","$4,000",0
Andy,Isabella,BUF,WR,"$4,000","$4,000",0
Jakobi,Meyers,LV,WR,"$5,700","$5,800",-100
Darius,Slayton,NYG,WR,"$5,900","$5,000",+900
Britain,Covey,PHI,WR,"$5,000",-,-
Hakeem,Butler,CIN,WR,"$4,000","$4,000",0
Jeff,Smith,ARI,WR,"$4,000","$4,000",0
Irvin,Charles,NYJ,WR,"$4,000","$4,000",0
Dan,Chisena,ARI,WR,"$4,000","$4,000",0
Olamide,Zaccheaus,WAS,WR,"$5,100","$5,200",-100
Calvin,Ridley,TEN,WR,"$6,000",-,-
Van,Jefferson,PIT,WR,"$4,800","$4,400",+400
Scotty,Washington,BAL,WR,"$4,000","$4,000",0
Alex,Bachman,LV,WR,"$4,000","$4,000",0
Miles,Boykin,SEA,WR,"$4,000","$4,000",0
Jalen,Guyton,LV,WR,"$4,000","$4,000",0
Trenton,Irwin,CIN,WR,"$4,000","$4,300",-300
Maurice,Alexander,DET,WR,"$4,000",-,-
Deontay,Burnett,DAL,WR,"$4,000","$4,000",0
Diontae,Johnson,CAR,WR,"$6,900","$7,100",-200
Austin,Mack,ATL,WR,"$4,000","$4,000",0
Byron,Pringle,WAS,WR,"$4,000","$4,000",0
Freddie,Swain,CHI,WR,"$4,000","$4,000",0
Greg,Dortch,ARI,WR,"$4,900","$5,200",-300
Jalen,Virgil,BUF,WR,"$4,000","$4,000",0
Darnell,Mooney,ATL,WR,"$6,500","$5,700",+800
Collin,Johnson,CHI,WR,"$4,000","$4,000",0
Kalif,Raymond,DET,WR,"$4,500",-,-
Frank,Darby,SF,WR,"$4,000","$4,000",0
Jalen,Camp,CLE,WR,"$4,000","$4,000",0
Jordan,Humphrey,DEN,WR,"$4,900","$4,900",0
Devin,Duvernay,JAC,WR,"$4,200","$4,300",-100
Kelvin,Harmon,DAL,WR,"$4,000","$4,000",0
Ben,Skowronek,PIT,WR,"$4,000","$4,000",0
Brandon,Johnson,PIT,WR,"$4,000","$4,000",0
Marquez,Callaway,NO,WR,"$4,000","$4,000",0
Tyrie,Cleveland,IND,WR,"$4,000","$4,000",0
DJ,Turner,LV,WR,"$4,500","$4,400",+100
Dez,Fitzpatrick,LAC,WR,"$4,000",-,-
Kendric,Pryor,CIN,WR,"$4,000","$4,000",0
Lassiter,II,CIN,WR,"$4,000","$4,000",0
Denzel,Mims,JAC,WR,"$4,000","$4,000",0
DK,Metcalf,SEA,WR,"$8,300","$8,200",+100
Samson,Nacua,NO,WR,"$4,000","$4,000",0
Chase,Claypool,BUF,WR,"$4,000","$4,000",0
Quez,Watkins,PIT,WR,"$4,000","$4,000",0
David,Moore,CAR,WR,"$4,100","$4,300",-200
Kendrick,Bourne,NE,WR,"$4,800","$4,000",+800
Daurice,Fountain,DET,WR,"$4,000",-,-
KhaDarel,Hodge,ATL,WR,"$4,600","$4,200",+400
Jontre,Kirklin,SF,WR,"$4,000","$4,000",0
Marr,Chase,CIN,WR,"$9,500","$9,300",+200
Jaray,Jenkins,PIT,WR,"$4,000","$4,000",0
Racey,McMath,DAL,WR,"$4,000","$4,000",0
Brandon,Aiyuk,SF,WR,"$7,000","$6,700",+300
Rashod,Bateman,BAL,WR,"$5,500","$5,600",-100
Kadarius,Toney,CLE,WR,"$4,000","$4,000",0
Jacob,Copeland,PIT,WR,"$4,000","$4,000",0
Brandon,Smith,NYJ,WR,"$4,000","$4,000",0
KJ,Hamler,BUF,WR,"$4,000","$4,000",0
Justin,Shorter,LV,WR,"$4,000","$4,000",0
Jahan,Dotson,PHI,WR,"$5,600",-,-
Alec,Pierce,IND,WR,"$5,800","$5,400",+400
Khalil,Shakir,BUF,WR,"$6,200","$6,200",0
CeeDee,Lamb,DAL,WR,"$9,300","$9,400",-100
Tanner,Knue,TB,WR,"$4,000","$4,000",0
Dylan,Drummond,ATL,WR,"$4,000","$4,000",0
Terrell,Bynum,LV,WR,"$4,000","$4,000",0
Bryce,Oliver,TEN,WR,"$4,000",-,-
Josh,Ali,ATL,WR,"$4,000","$4,000",0
Bryan,Thompson,BUF,WR,"$4,000","$4,000",0
Joshua,Palmer,LAC,WR,"$5,100",-,-
Cedric,Tillman,CLE,WR,"$4,100","$4,100",0
Tylan,Wallace,BAL,WR,"$4,400","$4,100",+300
Sage,Surratt,ARI,WR,"$4,000","$4,000",0
Seth,Williams,DAL,WR,"$4,000","$4,000",0
Shedrick,Jackson,CIN,WR,"$4,000","$4,000",0
Dominique,Robinson,CHI,WR,"$4,000","$4,000",0
Chris,Olave,NO,WR,"$7,100","$6,900",+200
Jaelen,Gill,LAC,WR,"$4,000",-,-
Daniel,Arias,ARI,WR,"$4,000","$4,000",0
Dimitri,Stanley,GB,WR,"$4,000","$4,000",0
Daewood,Davis,CAR,WR,"$4,000","$4,000",0
Johnson,III,HOU,WR,"$4,000","$4,000",0
Kawaan,Baker,NE,WR,"$4,000","$4,000",0
Johnson,III,TB,WR,"$4,000","$4,000",0
Jalen,Wayne,GB,WR,"$4,000","$4,000",0
Jalen,Tolbert,DAL,WR,"$6,100","$5,100","+1,000"
Elijah,Moore,CLE,WR,"$4,700","$4,900",-200
Austin,Trammell,JAC,WR,"$4,000","$4,000",0
Charlie,Jones,CIN,WR,"$4,200","$4,400",-200
Cam,Johnson,DAL,WR,"$4,000","$4,000",0
Tyquan,Thornton,NE,WR,"$4,300","$4,600",-300
Shaun,Harrison,TEN,WR,"$4,000",-,-
Tim,Jones,JAC,WR,"$4,100","$4,100",0
Jayden,Reed,GB,WR,"$7,700","$7,200",+500
Michael,Wilson,ARI,WR,"$5,900","$5,200",+700
Simi,Fehoko,LAC,WR,"$4,200",-,-
Brycen,Tremayne,WAS,WR,"$4,200","$4,000",+200
Tee,Higgins,CIN,WR,"$7,600","$6,800",+800
Woods,II,CLE,WR,"$4,000","$4,000",0
Jesse,Matthews,ATL,WR,"$4,000","$4,000",0
Dax,Milne,LV,WR,"$4,000","$4,000",0
Julian,Hicks,GB,WR,"$4,000","$4,000",0
Jerry,Jeudy,CLE,WR,"$5,700","$5,900",-200
DeVonta,Smith,PHI,WR,"$7,300",-,-
Tyrell,Shavers,BUF,WR,"$4,000","$4,000",0
Austin,III,PIT,WR,"$5,100","$4,700",+400
Keys,III,BUF,WR,"$4,000","$4,000",0
Ronnie,Bell,SF,WR,"$4,100","$4,000",+100
Nico,Collins,HOU,WR,"$8,900","$8,800",+100
Tarik,Black,PIT,WR,"$4,000","$4,000",0
Jaylen,Johnson,LAC,WR,"$4,000",-,-
Matt,Landers,NE,WR,"$4,000","$4,000",0
Kearis,Jackson,NYG,WR,"$4,000",-,-
Ethan,Fernea,IND,WR,"$4,000","$4,000",0
Kyle,Philips,PHI,WR,"$4,000",-,-
Kazmeir,Allen,WAS,WR,"$4,000","$4,000",0
Jaelon,Darden,CLE,WR,"$4,000","$4,000",0
Marcus,Jones,NE,WR,"$4,000","$4,000",0
Sean,Ryan,BAL,WR,"$4,000","$4,000",0
Bo,Melton,GB,WR,"$4,600","$4,300",+300
Cody,White,SEA,WR,"$4,000","$4,000",0
Marcus,Riley,NYJ,WR,"$4,000","$4,000",0
Tyler,Harrell,NYJ,WR,"$4,000","$4,000",0
Isaiah,Hodgins,NYG,WR,"$4,000","$4,000",0
Jake,Bobo,SEA,WR,"$4,300","$4,200",+100
Sam,Pinckney,CAR,WR,"$4,000","$4,000",0
Rondale,Moore,ATL,WR,"$4,000","$4,000",0
Antoine,Green,DET,WR,"$4,000",-,-
Dyami,Brown,WAS,WR,"$4,800","$4,300",+500
Devin,Carter,CAR,WR,"$4,000","$4,000",0
Elijah,Cooks,JAC,WR,"$4,000","$4,000",0
Romeo,Doubs,GB,WR,"$5,700","$5,700",0
Deven,Thompkins,CAR,WR,"$4,000","$4,000",0
Gabe,Davis,JAC,WR,"$5,800","$5,900",-100
Derius,Davis,LAC,WR,"$4,000",-,-
Jalen,Reagor,LAC,WR,"$4,000",-,-
Xavier,Johnson,HOU,WR,"$4,000","$4,000",0
Keelan,Doss,LV,WR,"$4,000","$4,000",0
