firstName,lastName,team,week,red_zone_rec_rec,red_zone_rec_tgt,red_zone_rec_pct,red_zone_rec_yds,red_zone_rec_y/r,red_zone_rec_td,red_zone_rec_tgt_pct
,,,1,,,,,,,
Mike,Evans,TB,1,2,3,66.7%,18,9.0,2,75.0%
Stefon,Diggs,HOU,1,3,3,100.0%,11,3.7,2,75.0%
,,,1,1,1,100.0%,14,14.0,1,100.0%
Cooper,Kupp,LAR,1,2,3,66.7%,13,6.5,1,60.0%
Mack,Hollins,BUF,1,1,1,100.0%,11,11.0,1,25.0%
Khalil,Shakir,BUF,1,1,1,100.0%,11,11.0,1,25.0%
Ladd,McConkey,LAC,1,1,2,50.0%,10,10.0,1,50.0%
Allen,Lazard,NYJ,1,2,3,66.7%,7,3.5,1,50.0%
Jerry,Jeudy,CLE,1,1,2,50.0%,6,6.0,1,40.0%
Michael,Wilson,ARI,1,1,1,100.0%,5,5.0,1,50.0%
,,,1,1,1,100.0%,0,0.0,0,25.0%
Chris,Godwin,TB,1,1,1,100.0%,4,4.0,1,25.0%
Justin,Jefferson,MIN,1,1,1,100.0%,3,3.0,1,50.0%
Christian,Watson,GB,1,1,2,50.0%,2,2.0,1,50.0%
Garrett,Wilson,NYJ,1,2,3,66.7%,16,8.0,0,50.0%
,,,1,2,2,100.0%,12,6.0,0,100.0%
DeVonta,Smith,PHI,1,1,1,100.0%,11,11.0,0,33.3%
Luke,McCaffrey,WAS,1,1,1,100.0%,10,10.0,0,100.0%
Romeo,Doubs,GB,1,1,2,50.0%,10,10.0,0,50.0%
Courtland,Sutton,DEN,1,1,2,50.0%,10,10.0,0,66.7%
Tyreek,Hill,MIA,1,1,2,50.0%,10,10.0,0,100.0%
Amari,Cooper,BUF,1,1,2,50.0%,10,10.0,0,40.0%
Drake,London,ATL,1,1,1,100.0%,8,8.0,0,100.0%
Jauan,Jennings,SF,1,1,1,100.0%,8,8.0,0,25.0%
Greg,Dortch,ARI,1,1,1,100.0%,3,3.0,0,50.0%
Keon,Coleman,BUF,1,1,2,50.0%,7,7.0,0,50.0%
Jordan,Addison,MIN,1,1,1,100.0%,6,6.0,0,50.0%
Jameson,Williams,DET,1,1,1,100.0%,5,5.0,0,33.3%
Josh,Reynolds,DEN,1,1,1,100.0%,5,5.0,0,33.3%
,,,1,1,2,50.0%,4,4.0,0,66.7%
Elijah,Moore,CLE,1,1,1,100.0%,4,4.0,0,20.0%
Joshua,Palmer,LAC,1,1,2,50.0%,4,4.0,0,50.0%
Jaylen,Waddle,MIA,1,0,0,0%,0,0,0,0.0%
Van,Jefferson,PIT,1,1,1,100.0%,1,1.0,0,100.0%
Dale,Robinson,NYG,1,1,3,33.3%,0,0.0,0,75.0%
DK,Metcalf,SEA,1,0,0,0%,0,0,0,0%
Xavier,Legette,CAR,1,0,1,0.0%,0,0,0,25.0%
Demarcus,Robinson,LAR,1,0,1,0.0%,0,0,0,20.0%
,,,1,0,1,0.0%,0,0,0,50.0%
Tank,Dell,HOU,1,0,1,0.0%,0,0,0,25.0%
David,Moore,CAR,1,0,1,0.0%,0,0,0,25.0%
,,,1,0,1,0.0%,0,0,0,33.3%
Diontae,Johnson,CAR,1,0,2,0.0%,0,0,0,50.0%
Zay,Flowers,BAL,1,0,2,0.0%,0,0,0,100.0%
Tyler,Johnson,LAR,1,0,1,0.0%,0,0,0,20.0%
Darius,Slayton,NYG,1,0,1,0.0%,0,0,0,25.0%
Brandon,Aiyuk,SF,1,0,2,0.0%,0,0,0,50.0%
Jahan,Dotson,PHI,1,0,1,0.0%,0,0,0,33.3%
Marr,Chase,CIN,1,0,0,0%,0,0,0,0%
Xavier,Worthy,KC,1,0,1,0.0%,0,0,0,50.0%
Keenan,Allen,CHI,1,0,2,0.0%,0,0,0,100.0%
,,,2,,,,,,,
Andrei,Iosivas,CIN,2,2,2,100.0%,7,3.5,2,25.0%
Dontayvion,Wicks,GB,2,1,1,100.0%,14,14.0,1,100.0%
Drake,London,ATL,2,2,2,100.0%,12,6.0,1,50.0%
Jalen,Nailor,MIN,2,1,2,50.0%,10,10.0,1,66.7%
Calvin,Ridley,TEN,2,0,0,0%,0,0,0,0.0%
Zay,Flowers,BAL,2,1,1,100.0%,8,8.0,1,100.0%
DeVonta,Smith,PHI,2,1,2,50.0%,7,7.0,1,40.0%
Dale,Robinson,NYG,2,1,1,100.0%,7,7.0,1,25.0%
Quentin,Johnston,LAC,2,1,1,100.0%,5,5.0,1,100.0%
Lynn,Polk,NE,2,1,1,100.0%,5,5.0,1,100.0%
Alec,Pierce,IND,2,1,1,100.0%,4,4.0,1,50.0%
Malik,Nabers,NYG,2,1,3,33.3%,4,4.0,1,75.0%
Davante,Adams,NYJ,2,1,3,33.3%,1,1.0,1,75.0%
,,,2,2,2,100.0%,25,12.5,0,28.6%
Chris,Olave,NO,2,1,1,100.0%,19,19.0,0,50.0%
Jaylen,Waddle,MIA,2,1,1,100.0%,17,17.0,0,25.0%
Tyler,Johnson,LAR,2,1,2,50.0%,13,13.0,0,66.7%
David,Bell,CLE,2,1,1,100.0%,12,12.0,0,100.0%
Brandon,Aiyuk,SF,2,1,2,50.0%,12,12.0,0,50.0%
Van,Jefferson,PIT,2,1,1,100.0%,12,12.0,0,100.0%
Gabe,Davis,JAC,2,1,2,50.0%,11,11.0,0,100.0%
Justin,Watson,KC,2,1,1,100.0%,6,6.0,0,100.0%
Trenton,Irwin,CIN,2,1,5,20.0%,5,5.0,0,62.5%
Brandon,Powell,MIN,2,1,1,100.0%,5,5.0,0,33.3%
Britain,Covey,PHI,2,2,2,100.0%,5,2.5,0,40.0%
Jameson,Williams,DET,2,1,4,25.0%,5,5.0,0,57.1%
DK,Metcalf,SEA,2,1,1,100.0%,3,3.0,0,100.0%
,,,2,1,1,100.0%,3,3.0,0,50.0%
Rashid,Shaheed,NO,2,1,1,100.0%,0,0.0,0,50.0%
Kalif,Raymond,DET,2,1,1,100.0%,1,1.0,0,14.3%
Demarcus,Robinson,LAR,2,0,1,0.0%,0,0,0,33.3%
Johnny,Wilson,PHI,2,0,1,0.0%,0,0,0,20.0%
Braxton,Berrios,MIA,2,0,1,0.0%,0,0,0,25.0%
Courtland,Sutton,DEN,2,0,3,0.0%,0,0,0,100.0%
Tyler,Boyd,TEN,2,0,1,0.0%,0,0,0,50.0%
Rome,Odunze,CHI,2,0,1,0.0%,0,0,0,100.0%
Jalen,Tolbert,DAL,2,0,1,0.0%,0,0,0,50.0%
Robbie,Chosen,FA,2,0,2,0.0%,0,0,0,50.0%
,,,2,0,2,0.0%,0,0,0,100.0%
Allen,Lazard,NYJ,2,0,1,0.0%,0,0,0,100.0%
McCloud,III,ATL,2,0,1,0.0%,0,0,0,25.0%
CeeDee,Lamb,DAL,2,0,1,0.0%,0,0,0,50.0%
Dyami,Brown,WAS,2,0,2,0.0%,0,0,0,100.0%
Darnell,Mooney,ATL,2,0,1,0.0%,0,0,0,25.0%
Jakobi,Meyers,LV,2,0,1,0.0%,0,0,0,25.0%
Marr,Chase,CIN,2,0,1,0.0%,0,0,0,12.5%
Jauan,Jennings,SF,2,0,1,0.0%,0,0,0,25.0%
Diontae,Johnson,CAR,2,0,1,0.0%,0,0,0,100.0%
Darius,Slayton,NYG,2,0,0,0%,0,0,0,0.0%
DeAndre,Hopkins,KC,2,0,1,0.0%,0,0,0,50.0%
Brandin,Cooks,DAL,2,0,0,0%,0,0,0,0.0%
,,,2,1,1,100.0%,2,2.0,0,25.0%
,,,3,,,,,,,
Jauan,Jennings,SF,3,2,2,100.0%,17,8.5,2,66.7%
Malik,Nabers,NYG,3,2,2,100.0%,8,4.0,2,66.7%
Jakobi,Meyers,LV,3,2,2,100.0%,22,11.0,1,50.0%
Drake,London,ATL,3,2,3,66.7%,21,10.5,1,75.0%
Rashod,Bateman,BAL,3,2,2,100.0%,16,8.0,1,100.0%
KaVontae,Turpin,DAL,3,1,1,100.0%,16,16.0,1,25.0%
Justin,Jefferson,MIN,3,2,3,66.7%,15,7.5,1,75.0%
Jalen,Tolbert,DAL,3,1,1,100.0%,15,15.0,1,25.0%
,,,3,1,1,100.0%,13,13.0,1,25.0%
Chris,Olave,NO,3,1,1,100.0%,13,13.0,1,100.0%
DeAndre,Hopkins,KC,3,1,1,100.0%,11,11.0,1,50.0%
Rashee,Rice,KC,3,2,2,100.0%,10,5.0,1,50.0%
,,,3,1,1,100.0%,10,10.0,1,100.0%
Allen,Lazard,NYJ,3,1,1,100.0%,10,10.0,1,25.0%
Garrett,Wilson,NYJ,3,2,2,100.0%,10,5.0,1,50.0%
Tre,Tucker,LV,3,1,1,100.0%,8,8.0,1,25.0%
Amari,Cooper,BUF,3,1,1,100.0%,6,6.0,1,50.0%
Chris,Godwin,TB,3,1,1,100.0%,5,5.0,1,100.0%
,,,3,1,1,100.0%,5,5.0,1,100.0%
Diontae,Johnson,CAR,3,1,4,25.0%,5,5.0,1,80.0%
Jalen,Nailor,MIN,3,1,1,100.0%,4,4.0,1,25.0%
Andrei,Iosivas,CIN,3,1,2,50.0%,2,2.0,1,33.3%
Rome,Odunze,CHI,3,1,1,100.0%,1,1.0,1,16.7%
Tank,Dell,HOU,3,2,2,100.0%,22,11.0,0,33.3%
Xavier,Worthy,KC,3,1,1,100.0%,7,7.0,0,25.0%
Jerry,Jeudy,CLE,3,1,1,100.0%,12,12.0,0,50.0%
Dale,Robinson,NYG,3,1,1,100.0%,10,10.0,0,33.3%
Brandon,Aiyuk,SF,3,1,1,100.0%,9,9.0,0,33.3%
DeAndre,Carter,CHI,3,1,2,50.0%,9,9.0,0,33.3%
Noah,Brown,WAS,3,1,1,100.0%,8,8.0,0,100.0%
Derius,Davis,LAC,3,0,0,0%,0,0,0,0.0%
Marr,Chase,CIN,3,1,2,50.0%,7,7.0,0,33.3%
Troy,Franklin,DEN,3,1,2,50.0%,6,6.0,0,66.7%
Khalil,Shakir,BUF,3,1,1,100.0%,5,5.0,0,100.0%
McCloud,III,ATL,3,1,1,100.0%,2,2.0,0,25.0%
DJ,Moore,CHI,3,2,3,66.7%,2,1.0,0,50.0%
Parker,Washington,JAC,3,0,1,0.0%,0,0,0,25.0%
Simi,Fehoko,LAC,3,0,1,0.0%,0,0,0,100.0%
Austin,III,PIT,3,0,1,0.0%,0,0,0,50.0%
Jayden,Reed,GB,3,0,1,0.0%,0,0,0,100.0%
Gabe,Davis,JAC,3,0,1,0.0%,0,0,0,25.0%
George,Pickens,PIT,3,0,1,0.0%,0,0,0,50.0%
Christian,Kirk,JAC,3,0,1,0.0%,0,0,0,25.0%
Brandin,Cooks,DAL,3,0,1,0.0%,0,0,0,25.0%
Davante,Adams,NYJ,3,0,1,0.0%,0,0,0,25.0%
Tyler,Boyd,TEN,3,0,1,0.0%,0,0,0,50.0%
Demarcus,Robinson,LAR,3,0,1,0.0%,0,0,0,100.0%
Mike,Williams,NYJ,3,0,1,0.0%,0,0,0,25.0%
Curtis,Samuel,BUF,3,0,0,0%,0,0,0,0.0%
Courtland,Sutton,DEN,3,0,1,0.0%,0,0,0,33.3%
Braxton,Berrios,MIA,3,0,0,0%,0,0,0,0.0%
Nico,Collins,HOU,3,0,4,0.0%,0,0,0,66.7%
Ashton,Dulin,IND,3,0,1,0.0%,0,0,0,100.0%
Tee,Higgins,CIN,3,0,2,0.0%,0,0,0,33.3%
DeVonta,Smith,PHI,3,0,1,0.0%,0,0,0,100.0%
Mike,Evans,TB,3,0,0,0%,0,0,0,0.0%
Jaylen,Waddle,MIA,3,0,1,0.0%,0,0,0,100.0%
Xavier,Legette,CAR,3,0,1,0.0%,0,0,0,20.0%
Devin,Duvernay,JAC,3,1,1,100.0%,-1,-1.0,0,25.0%
CeeDee,Lamb,DAL,3,1,1,100.0%,9,9.0,0,25.0%
,,,4,,,,,,,
Dontayvion,Wicks,GB,4,2,3,66.7%,23,11.5,2,60.0%
,,,4,2,2,100.0%,13,6.5,1,100.0%
DJ,Turner,LV,4,0,0,0%,0,0,0,0.0%
Trey,Palmer,TB,4,1,1,100.0%,15,15.0,1,16.7%
Jayden,Reed,GB,4,1,1,100.0%,15,15.0,1,20.0%
Justin,Jefferson,MIN,4,1,1,100.0%,14,14.0,1,100.0%
Terry,McLaurin,WAS,4,1,1,100.0%,10,10.0,1,100.0%
DJ,Moore,CHI,4,1,3,33.3%,9,9.0,1,75.0%
Xavier,Legette,CAR,4,1,1,100.0%,8,8.0,1,33.3%
Courtland,Sutton,DEN,4,1,2,50.0%,8,8.0,1,100.0%
Christian,Kirk,JAC,4,1,1,100.0%,8,8.0,1,33.3%
Ladd,McConkey,LAC,4,1,1,100.0%,7,7.0,1,50.0%
Jordan,Addison,MIN,4,0,0,0%,0,0,0,0.0%
Stefon,Diggs,HOU,4,0,0,0%,0,0,0,0.0%
Josh,Downs,IND,4,1,2,50.0%,4,4.0,1,33.3%
Nico,Collins,HOU,4,1,3,33.3%,3,3.0,1,100.0%
Tre,Tucker,LV,4,0,0,0%,0,0,0,0.0%
,,,4,1,1,100.0%,2,2.0,1,50.0%
,,,4,1,1,100.0%,2,2.0,1,33.3%
Mike,Evans,TB,4,1,2,50.0%,2,2.0,1,33.3%
Parris,Campbell,PHI,4,1,1,100.0%,1,1.0,1,100.0%
Rashid,Shaheed,NO,4,1,3,33.3%,5,5.0,0,60.0%
Chris,Olave,NO,4,1,1,100.0%,16,16.0,0,20.0%
Tee,Higgins,CIN,4,1,1,100.0%,12,12.0,0,33.3%
Marr,Chase,CIN,4,1,2,50.0%,11,11.0,0,66.7%
Calvin,Ridley,TEN,4,0,0,0%,0,0,0,0%
Greg,Dortch,ARI,4,1,1,100.0%,10,10.0,0,50.0%
Jake,Bobo,SEA,4,1,1,100.0%,10,10.0,0,16.7%
Chris,Godwin,TB,4,2,2,100.0%,9,4.5,0,33.3%
Mason,Tipton,NO,4,1,1,100.0%,6,6.0,0,20.0%
Keon,Coleman,BUF,4,1,1,100.0%,6,6.0,0,100.0%
Dale,Robinson,NYG,4,1,2,50.0%,5,5.0,0,66.7%
Jakobi,Meyers,LV,4,1,2,50.0%,4,4.0,0,100.0%
Joshua,Palmer,LAC,4,1,1,100.0%,4,4.0,0,50.0%
Diontae,Johnson,CAR,4,1,2,50.0%,3,3.0,0,66.7%
,,,4,1,2,50.0%,2,2.0,0,66.7%
Romeo,Doubs,GB,4,1,1,100.0%,2,2.0,0,20.0%
DK,Metcalf,SEA,4,0,1,0.0%,0,0,0,16.7%
Rome,Odunze,CHI,4,0,1,0.0%,0,0,0,25.0%
Jauan,Jennings,SF,4,0,1,0.0%,0,0,0,33.3%
Adonai,Mitchell,IND,4,0,1,0.0%,0,0,0,16.7%
Jalen,Nailor,MIN,4,0,0,0%,0,0,0,0.0%
Jordan,Whittington,LAR,4,0,1,0.0%,0,0,0,50.0%
,,,4,0,2,0.0%,0,0,0,33.3%
Quinton,Bell,MIA,4,0,0,0%,0,0,0,0.0%
,,,4,0,3,0.0%,0,0,0,50.0%
Tyler,Lockett,SEA,4,0,2,0.0%,0,0,0,33.3%
Tutu,Atwell,LAR,4,0,1,0.0%,0,0,0,50.0%
Gabe,Davis,JAC,4,0,1,0.0%,0,0,0,33.3%
Jaylen,Waddle,MIA,4,1,1,100.0%,0,0.0,0,100.0%
Kameron,Johnson,TB,4,0,1,0.0%,0,0,0,16.7%
Malik,Nabers,NYG,4,1,1,100.0%,-1,-1.0,0,33.3%
George,Pickens,PIT,4,2,5,40.0%,19,9.5,0,100.0%
,,,5,,,,,,,
Tee,Higgins,CIN,5,2,2,100.0%,16,8.0,2,100.0%
Drake,London,ATL,5,1,1,100.0%,18,18.0,1,50.0%
Rashod,Bateman,BAL,5,1,1,100.0%,16,16.0,1,100.0%
Allen,Lazard,NYJ,5,1,3,33.3%,14,14.0,1,42.9%
,,,5,2,3,66.7%,13,6.5,1,100.0%
Darnell,Mooney,ATL,5,1,1,100.0%,12,12.0,1,50.0%
Josh,Reynolds,DEN,5,1,1,100.0%,9,9.0,1,100.0%
Jalen,Tolbert,DAL,5,2,3,66.7%,8,4.0,1,60.0%
Dale,Robinson,NYG,5,1,2,50.0%,7,7.0,1,66.7%
Garrett,Wilson,NYJ,5,2,4,50.0%,6,3.0,1,57.1%
Xavier,Worthy,KC,5,1,1,100.0%,2,2.0,0,25.0%
Sterling,Shepard,TB,5,1,1,100.0%,4,4.0,1,33.3%
Mike,Evans,TB,5,1,1,100.0%,2,2.0,1,33.3%
,,,5,1,2,50.0%,1,1.0,1,40.0%
Demarcus,Robinson,LAR,5,1,1,100.0%,1,1.0,1,50.0%
Chris,Godwin,TB,5,1,1,100.0%,16,16.0,0,33.3%
Tutu,Atwell,LAR,5,1,1,100.0%,8,8.0,0,50.0%
,,,5,2,2,100.0%,13,6.5,0,50.0%
Brandon,Aiyuk,SF,5,1,1,100.0%,13,13.0,0,25.0%
Tre,Tucker,LV,5,1,1,100.0%,12,12.0,0,50.0%
,,,5,1,1,100.0%,11,11.0,0,25.0%
Gabe,Davis,JAC,5,1,1,100.0%,10,10.0,0,100.0%
Josh,Downs,IND,5,2,2,100.0%,9,4.5,0,40.0%
Rome,Odunze,CHI,5,1,2,50.0%,8,8.0,0,50.0%
DJ,Turner,LV,5,0,1,0.0%,0,0,0,50.0%
Adonai,Mitchell,IND,5,0,1,0.0%,0,0,0,20.0%
Devin,Duvernay,JAC,5,0,0,0%,0,0,0,0.0%
Michael,Wilson,ARI,5,1,1,100.0%,3,3.0,0,100.0%
Elijah,Moore,CLE,5,1,1,100.0%,3,3.0,0,50.0%
DeMario,Douglas,NE,5,0,1,0.0%,0,0,0,50.0%
Keon,Coleman,BUF,5,0,1,0.0%,0,0,0,50.0%
Keenan,Allen,CHI,5,0,1,0.0%,0,0,0,25.0%
Jaylen,Waddle,MIA,5,0,1,0.0%,0,0,0,33.3%
Jauan,Jennings,SF,5,0,2,0.0%,0,0,0,50.0%
CeeDee,Lamb,DAL,5,0,1,0.0%,0,0,0,20.0%
Jerry,Jeudy,CLE,5,0,1,0.0%,0,0,0,50.0%
Darius,Slayton,NYG,5,0,1,0.0%,0,0,0,33.3%
Quinton,Bell,MIA,5,0,0,0%,0,0,0,0.0%
Diontae,Johnson,CAR,5,0,1,0.0%,0,0,0,100.0%
KaVontae,Turpin,DAL,5,0,1,0.0%,0,0,0,20.0%
Terry,McLaurin,WAS,5,0,1,0.0%,0,0,0,100.0%
DJ,Moore,CHI,5,0,1,0.0%,0,0,0,25.0%
Curtis,Samuel,BUF,5,0,1,0.0%,0,0,0,50.0%
,,,5,0,1,0.0%,0,0,0,25.0%
Tyreek,Hill,MIA,5,0,2,0.0%,0,0,0,66.7%
Lynn,Polk,NE,5,0,1,0.0%,0,0,0,50.0%
,,,6,,,,,,,
Romeo,Doubs,GB,6,2,2,100.0%,30,15.0,2,33.3%
Gabe,Davis,JAC,6,2,4,50.0%,26,13.0,2,50.0%
Terry,McLaurin,WAS,6,2,2,100.0%,13,6.5,2,33.3%
Keenan,Allen,CHI,6,2,2,100.0%,12,6.0,2,50.0%
Stefon,Diggs,HOU,6,2,2,100.0%,23,11.5,1,66.7%
Michael,Wilson,ARI,6,1,2,50.0%,18,18.0,1,100.0%
Kristian,Wilkerson,LV,6,2,3,66.7%,18,9.0,1,100.0%
Courtland,Sutton,DEN,6,1,1,100.0%,15,15.0,1,50.0%
Drake,London,ATL,6,2,3,66.7%,10,5.0,1,60.0%
,,,6,2,2,100.0%,10,5.0,1,66.7%
,,,6,1,1,100.0%,10,10.0,1,25.0%
Diontae,Johnson,CAR,6,1,1,100.0%,10,10.0,1,33.3%
Bub,Means,NO,6,1,1,100.0%,10,10.0,1,100.0%
Tyler,Lockett,SEA,6,1,3,33.3%,9,9.0,1,37.5%
Garrett,Wilson,NYJ,6,2,4,50.0%,9,4.5,1,66.7%
,,,6,1,1,100.0%,9,9.0,1,100.0%
Mack,Hollins,BUF,6,1,2,50.0%,8,8.0,1,66.7%
Jayden,Reed,GB,6,2,2,100.0%,7,3.5,1,33.3%
Xavier,Legette,CAR,6,1,1,100.0%,7,7.0,1,33.3%
Chris,Godwin,TB,6,1,1,100.0%,4,4.0,1,50.0%
Troy,Franklin,DEN,6,1,1,100.0%,2,2.0,1,50.0%
Tank,Dell,HOU,6,1,1,100.0%,2,2.0,1,33.3%
DJ,Moore,CHI,6,2,2,100.0%,13,6.5,0,50.0%
Dyami,Brown,WAS,6,1,1,100.0%,11,11.0,0,16.7%
Christian,Kirk,JAC,6,1,2,50.0%,10,10.0,0,25.0%
Tee,Higgins,CIN,6,1,1,100.0%,9,9.0,0,50.0%
Derius,Davis,LAC,6,1,1,100.0%,8,8.0,0,25.0%
Quentin,Johnston,LAC,6,1,1,100.0%,8,8.0,0,25.0%
DK,Metcalf,SEA,6,1,3,33.3%,8,8.0,0,37.5%
David,Moore,CAR,6,1,1,100.0%,8,8.0,0,33.3%
Tim,Patrick,DET,6,1,1,100.0%,8,8.0,0,33.3%
Ladd,McConkey,LAC,6,1,1,100.0%,8,8.0,0,25.0%
Allen,Lazard,NYJ,6,1,2,50.0%,7,7.0,0,33.3%
Josh,Downs,IND,6,1,2,50.0%,7,7.0,0,50.0%
Luke,McCaffrey,WAS,6,1,1,100.0%,5,5.0,0,16.7%
Elijah,Moore,CLE,6,1,1,100.0%,3,3.0,0,50.0%
Olamide,Zaccheaus,WAS,6,1,1,100.0%,3,3.0,0,16.7%
CeeDee,Lamb,DAL,6,1,3,33.3%,2,2.0,0,50.0%
Zay,Flowers,BAL,6,0,0,0%,0,0,0,0%
Rashid,Shaheed,NO,6,0,0,0%,0,0,0,0.0%
Andrei,Iosivas,CIN,6,0,1,0.0%,0,0,0,50.0%
Dontayvion,Wicks,GB,6,0,1,0.0%,0,0,0,16.7%
Adonai,Mitchell,IND,6,0,1,0.0%,0,0,0,25.0%
Jalen,Brooks,DAL,6,0,2,0.0%,0,0,0,33.3%
,,,6,0,2,0.0%,0,0,0,25.0%
Christian,Watson,GB,6,0,1,0.0%,0,0,0,16.7%
,,,6,0,0,0%,0,0,0,0.0%
,,,6,0,2,0.0%,0,0,0,25.0%
George,Pickens,PIT,6,0,1,0.0%,0,0,0,100.0%
Joshua,Palmer,LAC,6,0,1,0.0%,0,0,0,25.0%
Curtis,Samuel,BUF,6,0,1,0.0%,0,0,0,33.3%
Mike,Evans,TB,6,0,1,0.0%,0,0,0,50.0%
Noah,Brown,WAS,6,0,1,0.0%,0,0,0,16.7%
Jerry,Jeudy,CLE,6,0,1,0.0%,0,0,0,50.0%
Alex,Bachman,LV,6,0,0,0%,0,0,0,0.0%
KaVontae,Turpin,DAL,6,0,1,0.0%,0,0,0,16.7%
,,,6,0,2,0.0%,0,0,0,100.0%
Darnell,Mooney,ATL,6,0,2,0.0%,0,0,0,40.0%
Sterling,Shepard,TB,6,0,0,0%,0,0,0,0.0%
,,,7,,,,,,,
,,,7,0,1,0.0%,0,0,0,50.0%
Marr,Chase,CIN,7,1,1,100.0%,18,18.0,1,100.0%
Drake,London,ATL,7,2,2,100.0%,14,7.0,1,66.7%
,,,7,1,1,100.0%,12,12.0,1,100.0%
Amari,Cooper,BUF,7,1,1,100.0%,12,12.0,1,25.0%
George,Pickens,PIT,7,1,3,33.3%,11,11.0,1,60.0%
,,,7,1,1,100.0%,6,6.0,1,33.3%
Greg,Dortch,ARI,7,1,1,100.0%,5,5.0,1,100.0%
Van,Jefferson,PIT,7,1,2,50.0%,4,4.0,1,40.0%
,,,7,1,2,50.0%,4,4.0,1,50.0%
Tyler,Boyd,TEN,7,2,2,100.0%,13,6.5,0,50.0%
Elijah,Moore,CLE,7,1,1,100.0%,12,12.0,0,33.3%
Romeo,Doubs,GB,7,1,1,100.0%,12,12.0,0,50.0%
Ashton,Dulin,IND,7,0,0,0%,0,0,0,0.0%
Tre,Tucker,LV,7,0,0,0%,0,0,0,0.0%
Ronnie,Bell,SF,7,1,1,100.0%,10,10.0,0,20.0%
Xavier,Worthy,KC,7,1,1,100.0%,5,5.0,0,50.0%
Chris,Godwin,TB,7,1,1,100.0%,9,9.0,0,25.0%
Jordan,Humphrey,DEN,7,1,2,50.0%,9,9.0,0,100.0%
Jacob,Cowing,SF,7,1,2,50.0%,9,9.0,0,40.0%
Jalen,McMillan,TB,7,1,2,50.0%,7,7.0,0,50.0%
Olamide,Zaccheaus,WAS,7,1,1,100.0%,7,7.0,0,50.0%
Khalil,Shakir,BUF,7,1,1,100.0%,6,6.0,0,25.0%
Dale,Robinson,NYG,7,1,1,100.0%,6,6.0,0,100.0%
Ricky,Pearsall,SF,7,1,1,100.0%,6,6.0,0,20.0%
Tyler,Lockett,SEA,7,1,2,50.0%,6,6.0,0,66.7%
Dontayvion,Wicks,GB,7,1,1,100.0%,5,5.0,0,50.0%
Darnell,Mooney,ATL,7,1,1,100.0%,4,4.0,0,33.3%
DJ,Turner,LV,7,0,1,0.0%,0,0,0,100.0%
Terry,McLaurin,WAS,7,1,1,100.0%,3,3.0,0,50.0%
Keon,Coleman,BUF,7,0,2,0.0%,0,0,0,50.0%
Tank,Dell,HOU,7,0,2,0.0%,0,0,0,100.0%
,,,7,0,1,0.0%,0,0,0,100.0%
Cedric,Tillman,CLE,7,0,1,0.0%,0,0,0,33.3%
Irvin,Charles,NYJ,7,0,1,0.0%,0,0,0,25.0%
Josh,Downs,IND,7,0,1,0.0%,0,0,0,100.0%
Sterling,Shepard,TB,7,0,0,0%,0,0,0,0.0%
Chris,Conley,SF,7,0,1,0.0%,0,0,0,20.0%
Davante,Adams,NYJ,7,0,1,0.0%,0,0,0,25.0%
Mike,Williams,NYJ,7,0,1,0.0%,0,0,0,25.0%
Christian,Kirk,JAC,7,0,1,0.0%,0,0,0,33.3%
Garrett,Wilson,NYJ,7,0,1,0.0%,0,0,0,25.0%
DK,Metcalf,SEA,7,0,1,0.0%,0,0,0,33.3%
Tyler,Johnson,LAR,7,0,2,0.0%,0,0,0,100.0%
Jerry,Jeudy,CLE,7,0,1,0.0%,0,0,0,33.3%
Gabe,Davis,JAC,7,0,1,0.0%,0,0,0,33.3%
Mike,Evans,TB,7,0,1,0.0%,0,0,0,25.0%
Xavier,Legette,CAR,7,1,1,100.0%,-3,-3.0,0,100.0%
,,,8,,,,,,,
Demarcus,Robinson,LAR,8,1,1,100.0%,10,10.0,1,33.3%
,,,8,1,1,100.0%,10,10.0,1,25.0%
Cooper,Kupp,LAR,8,1,2,50.0%,7,7.0,1,66.7%
Puka,Nacua,LAR,8,0,0,0%,0,0,0,0.0%
Justin,Jefferson,MIN,8,1,2,50.0%,5,5.0,0,50.0%
Jalen,Nailor,MIN,8,0,1,0.0%,0,0,0,25.0%
