season,player_name,count_of_weeks
2024,C.Godwin,6
2024,C.Lamb,6
2024,D.London,6
2024,G.Pickens,6
2024,G.Wilson,6
2024,W.Robinson,6
2024,A.Cooper,5
2024,D.Metcalf,5
2024,J.Jefferson,5
2024,M.Nabers,5
2024,S.Diggs,5
2024,A.Lazard,4
2024,D.Mooney,4
2024,D.Moore,4
2024,J.Smith-Njigba,4
2024,L.McConkey,4
2024,M.Pittman,4
2024,N.Collins,4
2024,T.Higgins,4
2024,T.Lockett,4
2024,T.McLaurin,4
2024,Z.Flowers,4
2024,A.St. Brown,3
2024,B.Thomas,3
2024,C.Ridley,3
2024,C.Sutton,3
2024,D.Adams,3
2024,D.Douglas,3
2024,D.Johnson,3
2024,D.Smith,3
2024,J.Downs,3
2024,J.Jeudy,3
2024,J.Meyers,3
2024,M.Harrison,3
2024,R.Doubs,3
2024,R.McCloud,3
2024,R.Shaheed,3
2024,T.Hill,3
2024,A.Brown,2
2024,B.Aiyuk,2
2024,C.Kirk,2
2024,D.Samuel,2
2024,D.Slayton,2
2024,D.Wicks,2
2024,E.Moore,2
2024,G.Davis,2
2024,J.Chase,2
2024,J.Tolbert,2
2024,J.Whittington,2
2024,J.Williams,2
2024,M.Evans,2
2024,M.Wilson,2
2024,R.Rice,2
2024,T.Atwell,2
2024,T.Dell,2
2024,T.Johnson,2
2024,T.Tucker,2
2024,X.Legette,2
2024,A.Iosivas,1
2024,A.Mitchell,1
2024,A.Pierce,1
2024,B.Cooks,1
2024,B.Means,1
2024,C.Kupp,1
2024,C.Olave,1
2024,C.Tillman,1
2024,C.Wilson,1
2024,D.Hopkins,1
2024,D.Robinson,1
2024,D.Turner,1
2024,D.Vele,1
2024,G.Dortch,1
2024,J.Addison,1
2024,J.Jennings,1
2024,J.McMillan,1
2024,J.Polk,1
2024,J.Reed,1
2024,J.Reynolds,1
2024,J.Smith-Schuster,1
2024,J.Waddle,1
2024,K.Allen,1
2024,K.Coleman,1
2024,K.Shakir,1
2024,K.Turpin,1
2024,L.Humphrey,1
2024,M.Tipton,1
2024,N.Brown,1
2024,R.Bateman,1
2024,R.Odunze,1
2024,X.Worthy,1
2023,A.St. Brown,18
2023,P.Nacua,17
2023,S.Diggs,17
2023,C.Lamb,15
2023,T.Hill,15
2023,D.Adams,14
2023,G.Wilson,14
2023,A.Brown,13
2023,C.Ridley,13
2023,M.Evans,13
2023,C.Godwin,12
2023,K.Allen,12
2023,M.Pittman,12
2023,A.Cooper,11
2023,A.Thielen,11
2023,C.Olave,11
2023,D.Moore,11
2023,J.Chase,11
2023,T.McLaurin,11
2023,C.Kupp,10
2023,D.Hopkins,10
2023,D.London,10
2023,N.Collins,10
2023,T.Lockett,10
2023,B.Aiyuk,9
2023,D.Samuel,9
2023,D.Smith,9
2023,E.Moore,9
2023,M.Brown,9
2023,R.Rice,9
2023,Z.Flowers,9
2023,D.Metcalf,8
2023,G.Pickens,8
2023,J.Addison,8
2023,J.Jefferson,8
2023,J.Waddle,8
2023,T.Boyd,8
2023,J.Meyers,7
2023,M.Thomas,7
2023,D.Douglas,6
2023,D.Johnson,6
2023,J.Downs,6
2023,J.Palmer,6
2023,J.Reed,6
2023,T.Dell,6
2023,T.Higgins,6
2023,B.Cooks,5
2023,C.Kirk,5
2023,C.Samuel,5
2023,C.Watson,5
2023,J.Dotson,5
2023,J.Mingo,5
2023,J.Smith-Njigba,5
2023,T.Atwell,5
2023,Z.Jones,5
2023,C.Sutton,4
2023,G.Davis,4
2023,J.Jeudy,4
2023,K.Bourne,4
2023,K.Osborn,4
2023,O.Beckham,4
2023,R.Doubs,4
2023,R.Shaheed,4
2023,R.Woods,4
2023,W.Robinson,4
2023,D.Mooney,3
2023,D.Slayton,3
2023,G.Dortch,3
2023,J.Reynolds,3
2023,N.Brown,3
2023,A.Erickson,2
2023,A.Iosivas,2
2023,A.Pierce,2
2023,A.Robinson,2
2023,B.Melton,2
2023,D.Chark,2
2023,D.Parker,2
2023,D.Robinson,2
2023,D.Wicks,2
2023,J.Smith-Schuster,2
2023,M.Gallup,2
2023,M.Williams,2
2023,R.Moore,2
2023,T.Marshall,2
2023,C.Claypool,1
2023,C.Tillman,1
2023,C.Wilson,1
2023,D.Bell,1
2023,J.Crowder,1
2023,J.Jennings,1
2023,J.Watson,1
2023,J.Williams,1
2023,K.Doss,1
2023,K.Shakir,1
2023,M.Hardman,1
2023,M.Wilson,1
2023,N.Westbrook-Ikhine,1
2023,Q.Johnston,1
2023,Q.Watkins,1
2023,T.Irwin,1
2023,T.Palmer,1
2023,T.Tucker,1
2023,X.Gipson,1
2022,D.Adams,16
2022,A.Brown,15
2022,C.Lamb,15
2022,D.Smith,15
2022,C.Godwin,14
2022,C.Kirk,14
2022,D.Johnson,14
2022,D.Metcalf,14
2022,J.Chase,14
2022,J.Jefferson,14
2022,S.Diggs,14
2022,T.Hill,14
2022,A.St. Brown,13
2022,G.Wilson,12
2022,M.Evans,12
2022,M.Pittman,12
2022,T.Higgins,12
2022,C.Sutton,11
2022,D.Samuel,11
2022,T.Lockett,11
2022,Z.Jones,11
2022,A.Cooper,10
2022,A.Thielen,10
2022,D.London,10
2022,B.Aiyuk,9
2022,J.Jeudy,9
2022,J.Smith-Schuster,9
2022,M.Brown,9
2022,C.Olave,8
2022,J.Palmer,8
2022,K.Allen,8
2022,T.McLaurin,8
2022,A.Lazard,7
2022,B.Cooks,7
2022,C.Kupp,7
2022,C.Samuel,7
2022,D.Hopkins,7
2022,D.Moore,7
2022,J.Waddle,7
2022,G.Davis,6
2022,J.Meyers,6
2022,M.Hollins,6
2022,M.Williams,6
2022,R.Woods,6
2022,D.Peoples-Jones,5
2022,D.Slayton,5
2022,G.Dortch,5
2022,M.Gallup,5
2022,M.Valdes-Scantling,5
2022,N.Collins,5
2022,R.Moore,5
2022,A.Pierce,4
2022,D.Robinson,4
2022,E.Moore,4
2022,J.Dotson,4
2022,K.Osborn,4
2022,M.Jones,4
2022,N.Brown,4
2022,P.Campbell,4
2022,R.Doubs,4
2022,R.James,4
2022,T.Boyd,4
2022,B.Skowronek,3
2022,C.Claypool,3
2022,C.Davis,3
2022,C.Moore,3
2022,C.Watson,3
2022,G.Pickens,3
2022,H.Renfrow,3
2022,J.Reynolds,3
2022,O.Zaccheaus,3
2022,R.Gage,3
2022,S.Miller,3
2022,T.Burks,3
2022,A.Green,2
2022,D.Carter,2
2022,D.Chark,2
2022,D.Mooney,2
2022,D.Parker,2
2022,I.Hodgins,2
2022,I.McKenzie,2
2022,J.Jones,2
2022,K.Raymond,2
2022,M.Thomas,2
2022,N.Agholor,2
2022,N.Westbrook-Ikhine,2
2022,S.Shepard,2
2022,W.Robinson,2
2022,A.Dulin,1
2022,A.Robinson,1
2022,D.Duvernay,1
2022,D.Pettis,1
2022,D.Thompkins,1
2022,E.St. Brown,1
2022,J.Jennings,1
2022,J.Landry,1
2022,K.Bourne,1
2022,K.Golladay,1
2022,K.Hinton,1
2022,K.Philips,1
2022,K.Toney,1
2022,L.Treadwell,1
2022,M.Bandy,1
2022,M.Callaway,1
2022,M.Hardman,1
2022,R.Bateman,1
2022,R.Chosen,1
2022,R.Cobb,1
2022,S.Moore,1
2022,T.Atwell,1
2022,T.Marshall,1
2022,T.Thornton,1
2022,V.Jefferson,1
2021,C.Kupp,21
2021,D.Moore,17
2021,D.Adams,16
2021,J.Jefferson,15
2021,S.Diggs,15
2021,A.Brown,14
2021,D.Johnson,14
2021,K.Allen,14
2021,T.Hill,14
2021,J.Chase,13
2021,M.Brown,13
2021,D.Mooney,12
2021,H.Renfrow,12
2021,J.Waddle,12
2021,D.Metcalf,11
2021,J.Meyers,11
2021,M.Evans,11
2021,T.Higgins,11
2021,T.McLaurin,11
2021,A.Thielen,10
2021,B.Cooks,10
2021,D.Samuel,10
2021,A.St. Brown,9
2021,C.Claypool,9
2021,C.Godwin,9
2021,C.Lamb,9
2021,L.Shenault,9
2021,M.Jones,9
2021,M.Pittman,9
2021,O.Beckham,9
2021,A.Cooper,8
2021,C.Beasley,8
2021,J.Landry,8
2021,M.Williams,8
2021,R.Chosen,8
2021,C.Kirk,7
2021,D.Parker,7
2021,D.Smith,7
2021,R.Gage,7
2021,T.Lockett,7
2021,Z.Jones,7
2021,B.Aiyuk,6
2021,C.Davis,6
2021,K.Golladay,6
2021,K.Osborn,6
2021,T.Boyd,6
2021,V.Jefferson,6
2021,A.Green,5
2021,C.Ridley,5
2021,C.Sutton,5
2021,D.Hopkins,5
2021,E.Moore,5
2021,J.Crowder,5
2021,M.Gallup,5
2021,R.McCloud,5
2021,B.Berrios,4
2021,B.Pringle,4
2021,C.Wilson,4
2021,D.Harty,4
2021,D.Slayton,4
2021,G.Davis,4
2021,J.Smith-Schuster,4
2021,K.Toney,4
2021,M.Callaway,4
2021,M.Hardman,4
2021,M.Valdes-Scantling,4
2021,R.Bateman,4
2021,R.Woods,4
2021,S.Shepard,4
2021,S.Watkins,4
2021,T.Smith,4
2021,Z.Pascal,4
2021,E.Sanders,3
2021,J.Jeudy,3
2021,J.Jones,3
2021,J.Reynolds,3
2021,K.Bourne,3
2021,K.Raymond,3
2021,N.Westbrook-Ikhine,3
2021,Q.Watkins,3
2021,A.Humphries,2
2021,A.Robinson,2
2021,D.Amendola,2
2021,D.Peoples-Jones,2
2021,H.Ruggs,2
2021,J.Agnew,2
2021,J.Palmer,2
2021,J.Reagor,2
2021,L.Treadwell,2
2021,N.Agholor,2
2021,N.Collins,2
2021,R.Moore,2
2021,T.Johnson,2
2021,T.Montgomery,2
2021,T.Patrick,2
2021,A.Lazard,1
2021,A.Wesley,1
2021,A.Wilson,1
2021,C.Grayson,1
2021,C.Johnson,1
2021,D.Byrd,1
2021,D.Carter,1
2021,D.Chark,1
2021,D.Pettis,1
2021,I.McKenzie,1
2021,J.Grant,1
2021,J.Guyton,1
2021,J.Jennings,1
2021,J.Proche,1
2021,K.Cole,1
2021,K.Hodge,1
2021,K.Wilkerson,1
2021,M.Goodwin,1
2021,M.Turner,1
2021,N.Brown,1
2021,O.Zaccheaus,1
2021,Q.Cephus,1
2021,R.Higgins,1
2021,T.Austin,1
2020,S.Diggs,18
2020,A.Brown,16
2020,D.Hopkins,15
2020,A.Robinson,14
2020,D.Adams,14
2020,T.McLaurin,14
2020,C.Ridley,13
2020,R.Woods,13
2020,D.Johnson,12
2020,K.Allen,12
2020,R.Chosen,12
2020,D.Metcalf,11
2020,J.Smith-Schuster,11
2020,M.Evans,11
2020,T.Hill,11
2020,A.Cooper,10
2020,B.Cooks,10
2020,C.Beasley,10
2020,C.Godwin,10
2020,C.Kupp,10
2020,C.Lamb,10
2020,T.Higgins,10
2020,T.Lockett,10
2020,C.Claypool,9
2020,D.Moore,9
2020,D.Parker,9
2020,D.Slayton,9
2020,J.Jefferson,9
2020,J.Jeudy,9
2020,M.Brown,9
2020,T.Boyd,9
2020,A.Thielen,8
2020,J.Landry,8
2020,M.Jones,8
2020,M.Williams,8
2020,R.Gage,8
2020,A.Green,7
2020,B.Aiyuk,7
2020,D.Chark,7
2020,J.Crowder,7
2020,M.Gallup,7
2020,S.Shepard,7
2020,W.Fuller,7
2020,C.Davis,6
2020,C.Samuel,6
2020,D.Byrd,6
2020,D.Mooney,6
2020,J.Jones,6
2020,T.Hilton,6
2020,C.Conley,5
2020,D.Amendola,5
2020,H.Renfrow,5
2020,J.Meyers,5
2020,K.Cole,5
2020,L.Fitzgerald,5
2020,L.Shenault,5
2020,M.Thomas,5
2020,N.Agholor,5
2020,T.Fulgham,5
2020,B.Perriman,4
2020,C.Kirk,4
2020,C.Sims,4
2020,D.Mims,4
2020,E.Sanders,4
2020,J.Brown,4
2020,J.Reagor,4
2020,J.Reynolds,4
2020,M.Pittman,4
2020,R.Higgins,4
2020,S.Watkins,4
2020,T.Patrick,4
2020,A.Miller,3
2020,B.Berrios,3
2020,D.Samuel,3
2020,G.Ward,3
2020,I.Ford,3
2020,J.Smith,3
2020,K.Coutee,3
2020,K.Golladay,3
2020,K.Hamler,3
2020,L.Bowden,3
2020,M.Valdes-Scantling,3
2020,O.Beckham,3
2020,W.Snead,3
2020,A.Humphries,2
2020,A.Lazard,2
2020,C.Hansen,2
2020,C.Hogan,2
2020,D.Jackson,2
2020,D.Robinson,2
2020,G.Davis,2
2020,G.Tate,2
2020,J.Edelman,2
2020,J.Washington,2
2020,K.Bourne,2
2020,M.Hardman,2
2020,M.Johnson,2
2020,N.Harry,2
2020,R.James,2
2020,S.Miller,2
2020,T.Smith,2
2020,V.Jefferson,2
2020,Z.Pascal,2
2020,A.Tate,1
2020,C.Beebe,1
2020,C.Johnson,1
2020,C.Wilson,1
2020,D.Hamilton,1
2020,D.Harty,1
2020,I.McKenzie,1
2020,J.Bradley,1
2020,J.Guyton,1
2020,J.Mickens,1
2020,K.Johnson,1
2020,M.Callaway,1
2020,M.Hall,1
2020,M.Hollins,1
2020,O.Johnson,1
2020,O.Zaccheaus,1
2020,P.Campbell,1
2020,P.Williams,1
2020,Q.Cephus,1
2020,R.Cobb,1
2020,T.Johnson,1
2020,Z.Jones,1
2019,D.Hopkins,17
2019,M.Thomas,17
2019,J.Jones,15
2019,A.Robinson,14
2019,C.Sutton,14
2019,J.Edelman,13
2019,J.Landry,13
2019,T.Boyd,13
2019,D.Adams,12
2019,R.Woods,12
2019,D.Moore,11
2019,D.Parker,11
2019,K.Golladay,11
2019,A.Cooper,10
2019,C.Godwin,10
2019,J.Brown,10
2019,K.Allen,10
2019,L.Fitzgerald,10
2019,M.Gallup,10
2019,O.Beckham,10
2019,C.Kirk,9
2019,C.Kupp,9
2019,D.Chark,9
2019,J.Crowder,9
2019,M.Evans,9
2019,T.Hill,9
2019,T.Lockett,9
2019,C.Beasley,8
2019,D.Westbrook,8
2019,S.Shepard,8
2019,S.Watkins,8
2019,T.McLaurin,8
2019,C.Conley,7
2019,C.Samuel,7
2019,D.Amendola,7
2019,D.Metcalf,7
2019,G.Tate,7
2019,S.Diggs,7
2019,W.Fuller,7
2019,A.Brown,6
2019,A.Jeffery,6
2019,A.Miller,6
2019,C.Ridley,6
2019,D.Johnson,6
2019,D.Samuel,6
2019,D.Slayton,6
2019,R.Chosen,6
2019,A.Erickson,5
2019,A.Thielen,5
2019,E.Sanders,5
2019,J.Smith-Schuster,5
2019,M.Brown,5
2019,M.Jones,5
2019,M.Williams,5
2019,N.Agholor,5
2019,P.Williams,5
2019,R.Cobb,5
2019,Z.Pascal,5
2019,A.Tate,4
2019,A.Wilson,4
2019,B.Cooks,4
2019,G.Ward,4
2019,H.Renfrow,4
2019,J.Washington,4
2019,M.Sanu,4
2019,R.Gage,4
2019,S.Sims,4
2019,T.Hilton,4
2019,B.Perriman,3
2019,D.Byrd,3
2019,D.Thomas,3
2019,J.Gordon,3
2019,J.Ross,3
2019,M.Valdes-Scantling,3
2019,T.Williams,3
2019,A.Hurns,2
2019,A.Lazard,2
2019,C.Blake,2
2019,C.Davis,2
2019,C.Latimer,2
2019,D.Williams,2
2019,I.Ford,2
2019,J.Grant,2
2019,J.Meyers,2
2019,J.Watson,2
2019,J.Wims,2
2019,K.Johnson,2
2019,K.Stills,2
2019,M.Hollins,2
2019,N.Harry,2
2019,O.Johnson,2
2019,P.Dorsett,2
2019,P.Richardson,2
2019,T.Gabriel,2
2019,T.Patrick,2
2019,T.Quinn,2
2019,A.Humphries,1
2019,B.Fowler,1
2019,B.Pringle,1
2019,B.Zylstra,1
2019,C.Lacy,1
2019,D.Carter,1
2019,D.Hamilton,1
2019,D.Inman,1
2019,D.Jackson,1
2019,D.Moncrief,1
2019,D.Robinson,1
2019,G.Allison,1
2019,J.Holton,1
2019,J.Reynolds,1
2019,K.Bourne,1
2019,K.Coutee,1
2019,M.Ateman,1
2019,M.Boykin,1
2019,M.Johnson,1
2019,P.Campbell,1
2019,S.Miller,1
2019,T.Ginn,1
2019,W.Snead,1
2019,Z.Jones,1
2018,R.Woods,16
2018,D.Adams,15
2018,D.Hopkins,14
2018,J.Jones,14
2018,A.Brown,13
2018,A.Thielen,13
2018,B.Cooks,13
2018,J.Edelman,13
2018,J.Landry,13
2018,J.Smith-Schuster,13
2018,K.Allen,13
2018,M.Thomas,13
2018,M.Evans,12
2018,T.Hill,12
2018,T.Hilton,12
2018,A.Cooper,11
2018,A.Robinson,11
2018,O.Beckham,11
2018,G.Tate,10
2018,K.Golladay,10
2018,L.Fitzgerald,10
2018,S.Diggs,10
2018,S.Shepard,10
2018,A.Jeffery,9
2018,T.Boyd,9
2018,W.Snead,9
2018,A.Green,8
2018,C.Davis,8
2018,D.Moore,8
2018,E.Sanders,8
2018,J.Nelson,8
2018,T.Gabriel,8
2018,Z.Jones,8
2018,A.Humphries,7
2018,J.Brown,7
2018,M.Crabtree,7
2018,M.Sanu,7
2018,N.Agholor,7
2018,R.Chosen,7
2018,S.Watkins,7
2018,C.Godwin,6
2018,D.Jackson,6
2018,J.Reynolds,6
2018,K.Cole,6
2018,A.Callaway,5
2018,C.Beasley,5
2018,D.Amendola,5
2018,D.Baldwin,5
2018,D.Moncrief,5
2018,D.Thomas,5
2018,D.Westbrook,5
2018,J.Gordon,5
2018,M.Jones,5
2018,M.Valdes-Scantling,5
2018,Q.Enunwa,5
2018,B.Ellington,4
2018,C.Kirk,4
2018,C.Kupp,4
2018,C.Ridley,4
2018,C.Rogers,4
2018,C.Samuel,4
2018,D.Hamilton,4
2018,J.Crowder,4
2018,J.Kearse,4
2018,K.Coutee,4
2018,Z.Pascal,4
2018,C.Hogan,3
2018,D.Parker,3
2018,D.Pettis,3
2018,I.McKenzie,3
2018,J.Doctson,3
2018,J.Ross,3
2018,K.Benjamin,3
2018,K.Bourne,3
2018,M.Gallup,3
2018,M.Williams,3
2018,P.Dorsett,3
2018,R.Cobb,3
2018,R.Grant,3
2018,S.Roberts,3
2018,T.Ginn,3
2018,T.Patrick,3
2018,T.Taylor,3
2018,W.Fuller,3
2018,A.Miller,2
2018,C.Conley,2
2018,C.Sutton,2
2018,C.Williams,2
2018,G.Allison,2
2018,J.Grant,2
2018,J.Wright,2
2018,K.Stills,2
2018,M.Harris,2
2018,P.Garcon,2
2018,R.Foster,2
2018,R.Higgins,2
2018,R.Switzer,2
2018,T.Montgomery,2
2018,T.Sharpe,2
2018,T.Smith,2
2018,T.Williams,2
2018,A.Jones,1
2018,A.Tate,1
2018,A.Wilson,1
2018,B.Fowler,1
2018,B.Powell,1
2018,D.Carter,1
2018,D.Chark,1
2018,D.Inman,1
2018,D.Ratley,1
2018,D.Robinson,1
2018,E.Rogers,1
2018,J.Hardy,1
2018,L.Treadwell,1
2018,M.Ateman,1
2018,M.Bryant,1
2018,M.Goodwin,1
2018,T.Lockett,1
2018,T.Pryor,1
2018,T.Sherfield,1
2017,M.Thomas,16
2017,J.Landry,15
2017,K.Allen,15
2017,A.Brown,14
2017,A.Thielen,14
2017,J.Jones,14
2017,L.Fitzgerald,14
2017,A.Green,13
2017,B.Cooks,13
2017,D.Hopkins,13
2017,D.Thomas,13
2017,M.Evans,12
2017,A.Jeffery,11
2017,G.Tate,11
2017,D.Adams,10
2017,D.Bryant,10
2017,D.Amendola,9
2017,D.Parker,9
2017,R.Woods,9
2017,T.Hill,9
2017,C.Kupp,8
2017,D.Jackson,8
2017,J.Crowder,8
2017,J.Nelson,8
2017,M.Crabtree,8
2017,M.Lee,8
2017,S.Diggs,8
2017,T.Hilton,8
2017,D.Baldwin,7
2017,E.Sanders,7
2017,J.Kearse,7
2017,K.Stills,7
2017,M.Jones,7
2017,M.Sanu,7
2017,N.Agholor,7
2017,P.Richardson,7
2017,R.Chosen,7
2017,R.Matthews,7
2017,A.Cooper,6
2017,C.Davis,6
2017,D.Westbrook,6
2017,K.Wright,6
2017,M.Goodwin,6
2017,M.Wallace,6
2017,P.Garcon,6
2017,S.Shepard,6
2017,T.Williams,6
2017,A.Hurns,5
2017,B.Ellington,5
2017,B.LaFell,5
2017,J.Brown,5
2017,J.Smith-Schuster,5
2017,K.Benjamin,5
2017,K.Cole,5
2017,R.Cobb,5
2017,T.Smith,5
2017,Z.Jones,5
2017,A.Humphries,4
2017,A.Wilson,4
2017,C.Hogan,4
2017,D.Thompson,4
2017,E.Decker,4
2017,J.Doctson,4
2017,J.Gordon,4
2017,J.Maclin,4
2017,M.Bryant,4
2017,Ro.Lewis,4
2017,S.Watkins,4
2017,T.Lockett,4
2017,C.Coleman,3
2017,D.Inman,3
2017,D.Moncrief,3
2017,J.Bellamy,3
2017,O.Beckham,3
2017,R.Louis,3
2017,T.Ginn,3
2017,A.Robinson,2
2017,B.Fowler,2
2017,B.Marshall,2
2017,C.Godwin,2
2017,C.Moore,2
2017,D.Robinson,2
2017,E.Rogers,2
2017,G.Allison,2
2017,K.Aiken,2
2017,K.Britt,2
2017,K.Golladay,2
2017,R.Grant,2
2017,T.Benjamin,2
2017,T.Jones,2
2017,T.Montgomery,2
2017,W.Fuller,2
2017,B.Perriman,1
2017,C.Beasley,1
2017,C.Samuel,1
2017,J.Holton,1
2017,J.Taylor,1
2017,L.Carroo,1
2017,M.Clark,1
2017,M.Williams,1
2017,R.Higgins,1
2017,R.Shepard,1
2017,S.Roberts,1
2017,T.Boyd,1
2017,T.Gabriel,1
2017,T.King,1
2017,T.Pryor,1
2017,T.Taylor,1
