year,week,gameID,gameDate,name,team,abbr,homeAway,opponent,avg_over_under,avg_team_total
2024.0,9.0,2656812.0,2024-11-03 16:25:00,Geno Smith,Seahawks,SEA,home,Rams,48.375,23.45
2024.0,9.0,2656755.0,2024-11-03 13:00:00,Kirk Cousins,Falcons,ATL,home,Cowboys,51.5,27.3
2024.0,9.0,2656762.0,2024-11-03 13:00:00,Lamar Jackson,Ravens,BAL,home,Broncos,46.5,27.4
2024.0,9.0,2656777.0,2024-11-03 13:00:00,Joe Burrow,Bengals,CIN,home,Raiders,46.375,26.775
2024.0,9.0,2656755.0,2024-11-03 13:00:00,Dak Prescott,Cowboys,DAL,away,Falcons,51.5,24.3
2024.0,9.0,2656766.0,2024-11-03 13:00:00,Josh Allen,Bills,BUF,home,Dolphins,48.875,27.375
2024.0,9.0,2656808.0,2024-11-03 16:25:00,Jared Goff,Lions,DET,away,Packers,48.625,25.575
2024.0,9.0,2656812.0,2024-11-03 16:25:00,Matthew Stafford,Rams,LAR,away,Seahawks,48.375,24.95
2024.0,9.0,2656820.0,2024-11-04 20:15:00,Patrick Mahomes,Chiefs,KC,home,Buccaneers,45.625,27.15
2024.0,9.0,2656786.0,2024-11-03 20:20:00,Sam Darnold,Vikings,MIN,home,Colts,46.625,25.95
2024.0,9.0,2656808.0,2024-11-03 16:25:00,Jordan Love,Packers,GB,home,Lions,48.625,23.075
2024.0,9.0,2656817.0,2024-11-03 16:05:00,Jalen Hurts,Eagles,PHI,home,Jaguars,45.5,26.5
2024.0,9.0,2656808.0,2024-11-03 16:25:00,Malik Willis,Packers,GB,home,Lions,48.625,23.075
2024.0,9.0,2656755.0,2024-11-03 13:00:00,Cooper Rush,Cowboys,DAL,away,Falcons,51.5,24.3
